id,classifier_id,ad_id,classification,ease,timestamp
3249,34,5365500,not_clear_remote,easy,2025-01-28 00:00:06
12,265,5630666,semi_presence,easy,2025-01-28 00:00:24
1198,166,4139240,tot_remote,medium,2025-01-28 00:04:24
694,100,4131612,not_clear_remote,medium,2025-01-28 00:04:54
1794,67,4513297,not_clear_remote,easy,2025-01-28 00:06:06
2531,2,4377001,not_clear_remote,easy,2025-01-28 00:07:48
780,265,474709,tot_remote,easy,2025-01-28 00:07:48
2056,397,4102551,temp_remote,easy,2025-01-28 00:08:48
1736,199,5532888,tot_remote,easy,2025-01-28 00:09:00
919,166,5427978,tot_remote,medium,2025-01-28 00:09:30
175,100,4148067,tot_remote,easy,2025-01-28 00:09:42
498,67,5462967,not_clear_remote,medium,2025-01-28 00:10:12
1281,397,5126697,not_remote,easy,2025-01-28 00:10:30
1170,265,5656374,semi_presence,medium,2025-01-28 00:11:48
263,265,5608610,tot_remote,easy,2025-01-28 00:11:48
4213,331,5649506,semi_presence,medium,2025-01-28 00:12:48
4209,298,5014239,semi_remote,medium,2025-01-28 00:13:30
4489,67,4059747,temp_remote,easy,2025-01-28 00:13:42
5111,232,4186108,semi_remote,easy,2025-01-28 00:15:06
1773,397,5210460,semi_remote,easy,2025-01-28 00:17:06
798,34,3761846,semi_presence,easy,2025-01-28 00:17:42
1519,397,4052452,tot_remote,easy,2025-01-28 00:18:18
2352,34,4320968,tot_remote,easy,2025-01-28 00:19:00
4852,397,4357824,tot_remote,easy,2025-01-28 00:19:06
3109,298,4149388,temp_remote,easy,2025-01-28 00:20:24
1434,265,4153517,tot_remote,easy,2025-01-28 00:21:00
2083,2,4473349,temp_remote,easy,2025-01-28 00:21:18
283,34,217039,not_remote,easy,2025-01-28 00:21:24
3815,133,4080696,not_remote,medium,2025-01-28 00:21:24
2543,2,4282278,not_clear_remote,easy,2025-01-28 00:22:00
1294,166,4078119,tot_remote,easy,2025-01-28 00:24:18
2344,133,4129962,semi_presence,easy,2025-01-28 00:24:36
1343,265,354279,not_remote,easy,2025-01-28 00:24:36
4433,3,4144354,tot_remote,easy,2025-01-28 00:24:42
2103,166,5285558,semi_remote,medium,2025-01-28 00:25:12
2303,100,5097980,not_remote,easy,2025-01-28 00:26:30
3545,265,5613372,semi_presence,easy,2025-01-28 00:26:36
4101,3,5085522,not_clear_remote,medium,2025-01-28 00:28:06
3925,397,4008196,temp_remote,easy,2025-01-28 00:29:12
2368,397,5136723,semi_remote,easy,2025-01-28 00:29:18
2046,67,4500319,semi_presence,easy,2025-01-28 00:29:24
3094,232,1820678,not_remote,easy,2025-01-28 00:29:42
1040,166,5288630,semi_remote,medium,2025-01-28 00:30:18
2806,100,458251,tot_remote,easy,2025-01-28 00:30:42
4052,199,4158481,semi_presence,easy,2025-01-28 00:30:54
1910,397,5589097,semi_presence,easy,2025-01-28 00:31:18
2875,34,5312655,semi_remote,easy,2025-01-28 00:32:36
198,3,4132152,temp_remote,easy,2025-01-28 00:33:12
488,232,4040962,tot_remote,easy,2025-01-28 00:33:12
144,2,2188905,not_clear_remote,medium,2025-01-28 00:33:18
3610,3,4062255,temp_remote,easy,2025-01-28 00:34:06
2318,331,4562413,tot_remote,medium,2025-01-28 00:34:30
403,166,4650466,semi_presence,easy,2025-01-28 00:34:42
4593,397,5116702,semi_remote,easy,2025-01-28 00:35:24
4244,34,4100427,not_remote,easy,2025-01-28 00:35:42
905,397,5220369,semi_remote,easy,2025-01-28 00:37:00
47,265,4154691,tot_remote,medium,2025-01-28 00:37:18
43,133,3205966,not_remote,easy,2025-01-28 00:37:36
4910,298,5665707,semi_remote,easy,2025-01-28 00:38:12
2190,265,4187668,temp_remote,easy,2025-01-28 00:38:36
1342,34,5301312,tot_remote,easy,2025-01-28 00:39:00
1354,67,217039,not_remote,medium,2025-01-28 00:39:06
2530,67,4087690,tot_remote,easy,2025-01-28 00:41:30
4543,265,4140650,tot_remote,easy,2025-01-28 00:42:12
2397,199,4170773,tot_remote,easy,2025-01-28 00:44:06
3464,232,5279360,tot_remote,easy,2025-01-28 00:44:12
1088,166,5170944,tot_remote,medium,2025-01-28 00:44:12
3374,2,785636,tot_remote,medium,2025-01-28 00:44:30
1340,199,2451548,not_remote,easy,2025-01-28 00:45:12
3029,100,3099126,semi_remote,medium,2025-01-28 00:45:24
466,166,4076185,not_clear_remote,hard,2025-01-28 00:46:54
4468,298,5386817,tot_remote,medium,2025-01-28 00:47:12
3364,34,5588452,semi_remote,easy,2025-01-28 00:47:24
600,67,4137466,temp_remote,easy,2025-01-28 00:47:24
1499,67,5081082,not_clear_remote,medium,2025-01-28 00:49:24
4009,331,4120236,temp_remote,easy,2025-01-28 00:50:24
4254,2,4264201,not_clear_remote,medium,2025-01-28 00:51:18
4226,3,4131612,semi_presence,easy,2025-01-28 00:54:00
4598,298,2774274,not_remote,easy,2025-01-28 00:55:42
2719,166,5482331,tot_remote,medium,2025-01-28 00:55:48
4309,100,5103856,not_remote,easy,2025-01-28 00:56:24
2062,133,4143774,not_clear_remote,medium,2025-01-28 00:56:48
2601,265,5217585,tot_remote,easy,2025-01-28 00:58:30
3814,232,4264039,not_clear_remote,easy,2025-01-28 00:58:36
1494,133,5079358,not_clear_remote,medium,2025-01-28 00:59:12
1260,133,4054466,not_remote,medium,2025-01-28 00:59:54
3001,67,5662697,tot_remote,easy,2025-01-28 01:02:12
1466,397,5577328,semi_presence,easy,2025-01-28 01:02:42
3653,331,790006,not_clear_remote,easy,2025-01-28 01:04:48
2969,232,3845192,not_remote,easy,2025-01-28 01:05:12
583,199,5542576,not_clear_remote,medium,2025-01-28 01:07:42
88,34,5069656,not_clear_remote,easy,2025-01-28 01:07:54
2039,298,311586,tot_remote,easy,2025-01-28 01:09:00
139,265,3301802,semi_presence,easy,2025-01-28 01:09:36
1861,199,5619354,not_clear_remote,easy,2025-01-28 01:10:48
1416,3,4145566,tot_remote,easy,2025-01-28 01:11:30
3147,397,5456411,tot_remote,easy,2025-01-28 01:11:42
1417,298,5641368,tot_remote,easy,2025-01-28 01:12:06
807,166,4079695,not_remote,hard,2025-01-28 01:12:18
3845,100,5455302,tot_remote,easy,2025-01-28 01:12:24
1836,133,5106677,temp_remote,easy,2025-01-28 01:12:48
4424,67,3820564,semi_presence,easy,2025-01-28 01:13:24
2484,3,4448000,semi_remote,medium,2025-01-28 01:13:54
3974,265,4059705,not_remote,medium,2025-01-28 01:14:00
3406,34,4112908,semi_remote,easy,2025-01-28 01:14:42
2072,232,4109234,not_clear_remote,easy,2025-01-28 01:15:00
2327,133,2970644,tot_remote,easy,2025-01-28 01:15:36
4678,265,5553821,semi_presence,easy,2025-01-28 01:16:30
4625,34,4029594,semi_presence,easy,2025-01-28 01:17:30
2948,166,5447583,tot_remote,easy,2025-01-28 01:18:18
224,298,5035189,not_remote,easy,2025-01-28 01:20:42
89,67,3307670,tot_remote,easy,2025-01-28 01:21:06
2784,3,4091912,temp_remote,easy,2025-01-28 01:21:18
2643,397,4046448,temp_remote,easy,2025-01-28 01:21:48
654,265,4659462,semi_remote,easy,2025-01-28 01:22:36
4248,100,3012619,not_remote,medium,2025-01-28 01:22:36
4265,232,5178942,semi_remote,easy,2025-01-28 01:22:36
4346,133,5118292,tot_remote,easy,2025-01-28 01:23:18
3654,397,5098304,tot_remote,easy,2025-01-28 01:23:54
2407,397,5421335,semi_remote,easy,2025-01-28 01:24:18
504,265,5014239,semi_presence,medium,2025-01-28 01:27:06
1548,133,4132624,not_clear_remote,hard,2025-01-28 01:29:30
2150,133,5114008,not_remote,easy,2025-01-28 01:29:30
4557,166,5450137,not_remote,hard,2025-01-28 01:30:42
766,199,3269783,semi_remote,medium,2025-01-28 01:31:12
3665,100,5048699,not_clear_remote,medium,2025-01-28 01:32:12
908,34,4136305,tot_remote,easy,2025-01-28 01:32:42
2007,397,5158851,semi_remote,easy,2025-01-28 01:32:54
4006,397,4059232,tot_remote,easy,2025-01-28 01:34:18
993,265,5006494,tot_remote,easy,2025-01-28 01:34:36
3440,133,4052790,temp_remote,easy,2025-01-28 01:37:00
4982,397,4036797,not_clear_remote,medium,2025-01-28 01:37:54
2506,166,5593298,semi_presence,easy,2025-01-28 01:37:54
1823,133,4145044,semi_remote,medium,2025-01-28 01:38:18
1809,133,5315055,not_clear_remote,easy,2025-01-28 01:39:00
2656,232,4276011,tot_remote,easy,2025-01-28 01:40:24
3802,265,5019635,semi_presence,medium,2025-01-28 01:41:12
4819,397,5100850,semi_remote,easy,2025-01-28 01:42:36
3308,265,1870699,tot_remote,easy,2025-01-28 01:43:54
1731,34,5296514,not_clear_remote,easy,2025-01-28 01:45:24
1892,100,4088855,semi_presence,easy,2025-01-28 01:46:36
2065,232,4193334,tot_remote,easy,2025-01-28 01:46:36
950,265,5407459,tot_remote,easy,2025-01-28 01:47:42
2133,199,3532506,not_remote,easy,2025-01-28 01:49:30
2322,133,5310812,temp_remote,easy,2025-01-28 01:49:42
4002,397,5090749,tot_remote,easy,2025-01-28 01:50:06
877,34,5189170,not_clear_remote,easy,2025-01-28 01:50:30
4126,166,2992060,semi_presence,medium,2025-01-28 01:51:06
741,34,4137528,not_remote,easy,2025-01-28 01:51:30
890,34,4210767,not_remote,easy,2025-01-28 01:51:36
3707,397,5185629,semi_remote,easy,2025-01-28 01:51:36
4074,2,4098536,tot_remote,medium,2025-01-28 01:51:54
5077,265,4070556,temp_remote,medium,2025-01-28 01:54:06
1711,298,415008,tot_remote,medium,2025-01-28 01:55:42
2115,397,4060412,temp_remote,easy,2025-01-28 01:56:30
2602,397,5145263,not_remote,medium,2025-01-28 01:56:54
4443,199,5361022,tot_remote,easy,2025-01-28 01:59:18
865,34,5185164,tot_remote,easy,2025-01-28 02:00:00
3726,199,4089651,tot_remote,easy,2025-01-28 02:00:06
4682,265,3348200,not_remote,easy,2025-01-28 02:00:36
3309,265,4106279,tot_remote,easy,2025-01-28 02:00:54
5097,166,5136723,semi_remote,easy,2025-01-28 02:01:24
1581,100,4566179,semi_remote,easy,2025-01-28 02:02:12
3250,199,4621645,semi_remote,medium,2025-01-28 02:02:18
2559,34,3005374,not_clear_remote,easy,2025-01-28 02:03:36
696,232,1411610,tot_remote,easy,2025-01-28 02:04:12
1758,5,4209642,not_clear_remote,easy,2025-01-28 02:06:36
3357,298,4034692,tot_remote,easy,2025-01-28 02:07:00
4182,265,3399211,not_remote,easy,2025-01-28 02:07:42
1402,199,4477047,tot_remote,easy,2025-01-28 02:08:00
4135,397,5095807,tot_remote,easy,2025-01-28 02:08:54
1041,166,4091980,temp_remote,hard,2025-01-28 02:09:06
4520,67,3694308,not_remote,medium,2025-01-28 02:10:00
3068,34,4034868,temp_remote,easy,2025-01-28 02:10:18
1966,133,3074608,not_remote,medium,2025-01-28 02:10:30
1111,265,5107024,tot_remote,easy,2025-01-28 02:12:12
1071,100,4298512,semi_remote,medium,2025-01-28 02:12:54
4766,397,4054013,not_remote,easy,2025-01-28 02:14:06
3394,34,275684,tot_remote,easy,2025-01-28 02:14:12
2390,133,4486761,not_clear_remote,easy,2025-01-28 02:14:36
3938,5,4220753,tot_remote,easy,2025-01-28 02:16:54
1423,265,1765399,tot_remote,medium,2025-01-28 02:17:12
2544,34,4032874,temp_remote,easy,2025-01-28 02:17:48
2863,397,5086664,tot_remote,easy,2025-01-28 02:19:30
4954,3,4117738,tot_remote,easy,2025-01-28 02:20:18
3303,133,4537911,tot_remote,easy,2025-01-28 02:22:42
2596,100,4482498,temp_remote,easy,2025-01-28 02:23:12
2447,199,5035189,not_remote,easy,2025-01-28 02:24:12
4148,166,5145263,not_remote,hard,2025-01-28 02:24:24
2537,133,5088064,not_clear_remote,medium,2025-01-28 02:24:36
4705,34,5283644,semi_remote,easy,2025-01-28 02:25:48
2803,34,5479673,not_clear_remote,easy,2025-01-28 02:26:30
3393,265,5114113,not_remote,easy,2025-01-28 02:27:30
3896,166,2645785,not_remote,medium,2025-01-28 02:29:18
0,133,4068959,temp_remote,easy,2025-01-28 02:30:18
2868,397,5113763,semi_presence,easy,2025-01-28 02:30:30
2030,5,4115829,not_clear_remote,easy,2025-01-28 02:30:36
3868,2,4109320,not_clear_remote,easy,2025-01-28 02:30:42
2520,397,5596368,not_remote,medium,2025-01-28 02:31:24
2023,34,5657602,not_clear_remote,easy,2025-01-28 02:35:06
4195,67,5294337,tot_remote,hard,2025-01-28 02:35:54
3608,5,5121456,tot_remote,easy,2025-01-28 02:36:24
4400,397,4062557,tot_remote,easy,2025-01-28 02:37:36
974,199,5045811,not_clear_remote,easy,2025-01-28 02:37:48
3212,397,4268520,tot_remote,easy,2025-01-28 02:38:18
3672,166,5295720,not_remote,easy,2025-01-28 02:40:36
4063,265,4303400,tot_remote,medium,2025-01-28 02:40:48
3921,100,5038059,not_clear_remote,medium,2025-01-28 02:43:42
255,298,4056456,tot_remote,easy,2025-01-28 02:43:54
4856,100,5644913,semi_remote,easy,2025-01-28 02:44:18
4783,199,5080552,temp_remote,easy,2025-01-28 02:44:18
787,67,4538103,tot_remote,easy,2025-01-28 02:45:48
2324,100,1524704,semi_remote,easy,2025-01-28 02:45:48
42,199,5415292,semi_remote,medium,2025-01-28 02:45:54
1763,397,5486507,semi_remote,easy,2025-01-28 02:47:12
3818,166,4229488,tot_remote,medium,2025-01-28 02:47:54
2523,34,5134266,not_remote,easy,2025-01-28 02:47:54
3556,34,5662697,tot_remote,easy,2025-01-28 02:48:18
1546,265,4117170,tot_remote,easy,2025-01-28 02:49:18
1944,5,4052509,temp_remote,easy,2025-01-28 02:49:36
3106,34,5290093,not_clear_remote,easy,2025-01-28 02:50:18
1800,67,4215468,temp_remote,medium,2025-01-28 02:53:36
969,2,4585061,tot_remote,medium,2025-01-28 02:54:48
4821,199,3423947,not_remote,easy,2025-01-28 02:55:24
237,166,4113784,tot_remote,medium,2025-01-28 02:55:36
2909,2,4110705,tot_remote,easy,2025-01-28 02:58:24
761,133,4063008,tot_remote,easy,2025-01-28 02:58:42
3988,199,5085045,tot_remote,easy,2025-01-28 02:58:48
3179,67,4084190,temp_remote,easy,2025-01-28 02:58:54
730,397,4056033,tot_remote,easy,2025-01-28 03:01:12
1463,5,4054466,not_remote,easy,2025-01-28 03:01:54
3298,166,5220577,tot_remote,easy,2025-01-28 03:03:24
3524,133,5646385,semi_remote,easy,2025-01-28 03:04:06
3673,232,5313019,semi_remote,easy,2025-01-28 03:05:12
246,2,5298346,not_clear_remote,easy,2025-01-28 03:05:24
3996,397,4282278,semi_remote,easy,2025-01-28 03:05:24
2399,199,4088635,not_clear_remote,easy,2025-01-28 03:05:54
5003,34,4138855,temp_remote,easy,2025-01-28 03:07:06
186,199,4063229,tot_remote,easy,2025-01-28 03:07:30
5058,199,4138744,not_clear_remote,easy,2025-01-28 03:10:00
2442,67,4551161,tot_remote,easy,2025-01-28 03:10:54
1113,265,5364021,tot_remote,easy,2025-01-28 03:11:30
324,199,5491028,tot_remote,easy,2025-01-28 03:14:06
1778,133,5379391,not_clear_remote,medium,2025-01-28 03:14:12
4347,133,4112415,not_clear_remote,medium,2025-01-28 03:15:12
2463,133,5096110,not_clear_remote,hard,2025-01-28 03:15:12
4457,5,5118239,semi_remote,easy,2025-01-28 03:15:24
2225,100,4133310,semi_remote,easy,2025-01-28 03:16:30
1246,67,4208684,semi_remote,easy,2025-01-28 03:16:48
4097,34,2313809,tot_remote,easy,2025-01-28 03:17:36
1783,100,4320968,tot_remote,easy,2025-01-28 03:21:24
448,199,4096208,not_clear_remote,easy,2025-01-28 03:22:24
3841,232,5317471,semi_remote,easy,2025-01-28 03:23:30
1181,397,4264201,tot_remote,easy,2025-01-28 03:24:48
5074,265,4067463,temp_remote,medium,2025-01-28 03:26:42
2772,5,3028204,not_remote,easy,2025-01-28 03:27:00
3636,133,4249241,not_clear_remote,easy,2025-01-28 03:27:12
4151,133,4095794,tot_remote,easy,2025-01-28 03:29:00
1250,67,635685,not_clear_remote,easy,2025-01-28 03:30:12
1850,166,5226737,semi_remote,medium,2025-01-28 03:31:54
1974,199,5527709,not_clear_remote,easy,2025-01-28 03:34:54
153,298,5320211,tot_remote,easy,2025-01-28 03:35:42
612,166,5210479,semi_remote,medium,2025-01-28 03:39:36
1898,5,4230059,semi_presence,easy,2025-01-28 03:39:48
5045,199,5536330,tot_remote,easy,2025-01-28 03:42:36
378,34,4131602,semi_remote,easy,2025-01-28 03:43:18
2378,67,4531983,not_clear_remote,hard,2025-01-28 03:43:24
669,67,3423947,not_remote,easy,2025-01-28 03:43:30
2313,133,4110900,tot_remote,easy,2025-01-28 03:44:18
784,265,4316785,semi_presence,medium,2025-01-28 03:49:54
1305,265,4126756,semi_presence,easy,2025-01-28 03:50:24
1324,199,2953481,not_remote,easy,2025-01-28 03:50:30
4386,199,5077736,not_clear_remote,easy,2025-01-28 03:51:18
219,133,5423587,tot_remote,easy,2025-01-28 03:52:00
2585,100,4310726,tot_remote,easy,2025-01-28 03:52:36
2904,5,5309199,semi_presence,easy,2025-01-28 03:52:42
2994,133,5578181,not_clear_remote,medium,2025-01-28 03:52:42
708,34,5646852,semi_remote,easy,2025-01-28 03:55:00
2696,133,5386398,tot_remote,easy,2025-01-28 03:55:42
465,265,4215429,tot_remote,medium,2025-01-28 03:59:00
2314,3,5342113,semi_remote,easy,2025-01-28 03:59:36
4495,166,4087743,tot_remote,easy,2025-01-28 04:00:06
3390,397,4277874,tot_remote,easy,2025-01-28 04:00:12
5114,5,3730162,semi_presence,easy,2025-01-28 04:02:00
4179,199,4064160,tot_remote,easy,2025-01-28 04:03:12
3467,265,5624781,tot_remote,easy,2025-01-28 04:03:30
4984,100,4143345,semi_remote,easy,2025-01-28 04:03:54
680,397,4457979,semi_presence,easy,2025-01-28 04:04:06
4361,265,4105388,temp_remote,medium,2025-01-28 04:04:30
633,3,4143477,tot_remote,easy,2025-01-28 04:04:54
4312,166,5231235,tot_remote,medium,2025-01-28 04:05:42
1718,166,5079243,semi_remote,medium,2025-01-28 04:06:36
3439,298,4136021,semi_remote,easy,2025-01-28 04:08:30
197,34,4159976,tot_remote,easy,2025-01-28 04:08:48
2045,199,4124477,tot_remote,easy,2025-01-28 04:09:12
3462,133,5587649,tot_remote,medium,2025-01-28 04:09:48
3858,199,5351958,tot_remote,easy,2025-01-28 04:11:30
472,166,5669375,semi_remote,medium,2025-01-28 04:11:54
154,34,4115250,temp_remote,easy,2025-01-28 04:12:00
2953,166,5478608,tot_remote,easy,2025-01-28 04:13:24
1050,34,3399968,tot_remote,easy,2025-01-28 04:14:12
518,5,4249095,not_clear_remote,easy,2025-01-28 04:17:24
4351,265,4158229,tot_remote,easy,2025-01-28 04:17:36
720,2,4277874,tot_remote,easy,2025-01-28 04:17:36
1570,133,3688780,not_remote,easy,2025-01-28 04:20:12
4172,397,5600585,semi_remote,easy,2025-01-28 04:20:42
238,133,3628549,tot_remote,easy,2025-01-28 04:22:30
3117,265,4337534,not_clear_remote,medium,2025-01-28 04:22:36
3476,3,3580199,not_remote,easy,2025-01-28 04:23:12
1560,100,5568665,semi_remote,easy,2025-01-28 04:24:24
358,199,4099436,temp_remote,easy,2025-01-28 04:26:54
196,34,5397478,tot_remote,easy,2025-01-28 04:27:18
2218,34,5642077,temp_remote,easy,2025-01-28 04:27:48
5051,133,882364,not_remote,easy,2025-01-28 04:29:06
1370,166,4125237,tot_remote,medium,2025-01-28 04:29:36
1683,397,5078586,semi_remote,easy,2025-01-28 04:29:54
2299,265,5597409,semi_presence,easy,2025-01-28 04:32:48
1379,100,4141771,tot_remote,easy,2025-01-28 04:33:00
2481,5,677456,not_clear_remote,easy,2025-01-28 04:33:24
1189,100,5387120,semi_presence,easy,2025-01-28 04:33:42
2275,298,354279,not_remote,medium,2025-01-28 04:33:42
3243,34,4151242,not_clear_remote,easy,2025-01-28 04:34:24
4684,199,633135,tot_remote,easy,2025-01-28 04:35:36
2949,397,5207149,semi_presence,easy,2025-01-28 04:35:48
1899,199,2313797,tot_remote,easy,2025-01-28 04:38:18
1228,265,3593231,not_remote,easy,2025-01-28 04:39:12
809,3,4133310,semi_presence,easy,2025-01-28 04:41:18
2323,397,5501418,semi_remote,easy,2025-01-28 04:41:24
4545,265,4134634,temp_remote,easy,2025-01-28 04:42:06
1978,100,4081720,tot_remote,easy,2025-01-28 04:42:24
266,34,4228559,not_clear_remote,easy,2025-01-28 04:42:42
4483,67,5590518,semi_remote,medium,2025-01-28 04:44:42
4035,67,5638488,tot_remote,easy,2025-01-28 04:45:36
401,100,1775438,tot_remote,easy,2025-01-28 04:48:54
2589,34,4154899,temp_remote,easy,2025-01-28 04:49:00
3170,199,5176856,not_clear_remote,easy,2025-01-28 04:49:30
388,166,5640366,semi_remote,medium,2025-01-28 04:49:42
4936,34,419006,not_remote,easy,2025-01-28 04:50:48
4836,133,5347511,tot_remote,easy,2025-01-28 04:52:00
2518,133,4220753,tot_remote,easy,2025-01-28 04:53:18
781,100,5385597,tot_remote,easy,2025-01-28 04:53:36
1427,397,4015502,tot_remote,easy,2025-01-28 04:53:54
3616,265,5096242,tot_remote,easy,2025-01-28 04:54:42
1336,397,4492878,semi_remote,easy,2025-01-28 04:55:42
4830,34,4114343,temp_remote,easy,2025-01-28 04:57:06
2472,5,742847,tot_remote,medium,2025-01-28 04:57:42
4266,265,394570,temp_remote,easy,2025-01-28 04:58:18
1284,298,3660764,semi_remote,easy,2025-01-28 04:58:42
3404,199,5184069,tot_remote,easy,2025-01-28 05:00:36
4796,331,4207774,not_clear_remote,medium,2025-01-28 05:01:00
995,34,495162,semi_presence,easy,2025-01-28 05:01:12
586,133,4048393,tot_remote,easy,2025-01-28 05:01:48
2224,397,5463960,semi_presence,easy,2025-01-28 05:02:36
3620,34,4149681,tot_remote,easy,2025-01-28 05:02:42
2661,133,4296049,tot_remote,easy,2025-01-28 05:03:00
1226,133,4059568,not_clear_remote,medium,2025-01-28 05:03:18
716,67,4131602,semi_remote,easy,2025-01-28 05:03:30
3075,199,4061619,tot_remote,easy,2025-01-28 05:07:06
1655,265,5099966,semi_presence,easy,2025-01-28 05:08:36
1656,2,5308976,not_remote,easy,2025-01-28 05:09:12
171,298,5287796,semi_presence,easy,2025-01-28 05:12:06
4967,397,4087719,temp_remote,easy,2025-01-28 05:13:12
2840,199,5271701,not_clear_remote,easy,2025-01-28 05:14:30
1607,100,4069320,tot_remote,easy,2025-01-28 05:14:30
4375,331,732583,tot_remote,easy,2025-01-28 05:15:00
756,3,5349102,tot_remote,easy,2025-01-28 05:15:42
4628,166,659112,not_clear_remote,easy,2025-01-28 05:16:18
3631,5,5603708,semi_remote,easy,2025-01-28 05:17:30
1046,265,5601240,not_clear_remote,easy,2025-01-28 05:22:12
91,133,4350634,semi_remote,medium,2025-01-28 05:23:36
1749,199,5348247,semi_remote,easy,2025-01-28 05:24:48
4369,397,5132466,tot_remote,easy,2025-01-28 05:25:00
2891,67,4221958,temp_remote,easy,2025-01-28 05:25:54
1829,34,5637026,not_clear_remote,easy,2025-01-28 05:26:06
27,67,5361497,not_clear_remote,hard,2025-01-28 05:27:36
981,199,3860039,not_remote,easy,2025-01-28 05:27:42
2800,397,4507313,semi_remote,easy,2025-01-28 05:28:54
1235,166,5082445,semi_remote,easy,2025-01-28 05:28:54
3689,331,5129395,tot_remote,easy,2025-01-28 05:29:42
3983,5,4112158,temp_remote,medium,2025-01-28 05:29:42
927,298,4124448,temp_remote,easy,2025-01-28 05:30:00
4828,298,5662440,not_remote,easy,2025-01-28 05:30:30
1201,265,4141688,temp_remote,easy,2025-01-28 05:30:48
1743,397,5196896,tot_remote,easy,2025-01-28 05:33:12
5050,298,4137446,not_clear_remote,medium,2025-01-28 05:33:18
1090,67,4329828,tot_remote,easy,2025-01-28 05:33:42
4834,34,4238843,not_remote,easy,2025-01-28 05:33:42
2206,166,4089233,not_clear_remote,easy,2025-01-28 05:34:06
4698,397,4088144,temp_remote,easy,2025-01-28 05:36:48
150,298,5289848,not_remote,medium,2025-01-28 05:37:00
1847,133,5413798,semi_remote,medium,2025-01-28 05:37:06
2452,34,5271752,not_remote,easy,2025-01-28 05:38:36
4482,199,5354805,not_clear_remote,easy,2025-01-28 05:39:12
3093,100,4484780,semi_presence,easy,2025-01-28 05:41:30
3605,397,4485503,semi_remote,easy,2025-01-28 05:42:12
3114,331,4052509,temp_remote,easy,2025-01-28 05:43:00
1751,199,5283333,not_remote,easy,2025-01-28 05:43:42
4240,34,4130240,not_clear_remote,easy,2025-01-28 05:45:42
2027,232,3616474,not_remote,easy,2025-01-28 05:46:18
4283,34,5462967,not_clear_remote,easy,2025-01-28 05:46:48
4602,166,4090039,tot_remote,easy,2025-01-28 05:48:54
3832,67,5320485,semi_remote,easy,2025-01-28 05:50:00
4045,5,4243640,not_remote,easy,2025-01-28 05:50:42
2102,3,5337833,tot_remote,easy,2025-01-28 05:51:36
52,34,4056783,semi_remote,easy,2025-01-28 05:52:00
2502,397,5565689,semi_remote,easy,2025-01-28 05:52:48
2005,397,4025181,tot_remote,easy,2025-01-28 05:52:54
4890,133,5607010,not_remote,easy,2025-01-28 05:53:00
2821,265,4027335,temp_remote,easy,2025-01-28 05:53:30
2745,331,4050578,temp_remote,easy,2025-01-28 05:53:42
2887,100,3128352,not_clear_remote,hard,2025-01-28 05:54:06
1692,166,4340961,tot_remote,easy,2025-01-28 05:56:18
4509,5,3500383,tot_remote,easy,2025-01-28 05:57:06
5040,67,3873908,tot_remote,hard,2025-01-28 05:57:24
3692,298,4573968,tot_remote,easy,2025-01-28 05:59:00
2683,232,5098130,tot_remote,easy,2025-01-28 05:59:06
2880,100,2960425,tot_remote,easy,2025-01-28 05:59:42
1858,199,4178758,not_clear_remote,easy,2025-01-28 05:59:54
727,2,4291952,not_clear_remote,easy,2025-01-28 06:01:12
3638,331,5167070,semi_presence,easy,2025-01-28 06:02:12
3362,67,4105455,semi_remote,easy,2025-01-28 06:02:42
2827,199,5088293,not_remote,easy,2025-01-28 06:03:06
1550,265,4297671,tot_remote,easy,2025-01-28 06:03:12
4250,34,5469736,tot_remote,easy,2025-01-28 06:03:48
1872,67,3664084,semi_presence,easy,2025-01-28 06:05:36
1748,298,5021650,tot_remote,easy,2025-01-28 06:06:06
1922,2,5600585,not_clear_remote,easy,2025-01-28 06:07:54
124,34,5473381,not_clear_remote,easy,2025-01-28 06:09:54
2676,331,4043948,tot_remote,easy,2025-01-28 06:10:42
1524,397,5193360,tot_remote,easy,2025-01-28 06:10:54
2423,199,4376019,not_clear_remote,easy,2025-01-28 06:12:12
4627,67,5268794,temp_remote,easy,2025-01-28 06:12:54
2993,5,5368924,not_remote,easy,2025-01-28 06:14:18
673,133,5613342,not_clear_remote,hard,2025-01-28 06:14:18
4010,3,3612192,not_remote,easy,2025-01-28 06:17:00
5120,2,5207149,not_clear_remote,easy,2025-01-28 06:20:30
5025,2,4107178,temp_remote,easy,2025-01-28 06:21:24
3624,298,4081617,temp_remote,easy,2025-01-28 06:22:24
2339,34,5446448,not_remote,easy,2025-01-28 06:24:24
3492,265,4244213,not_remote,hard,2025-01-28 06:25:36
2095,331,4089233,tot_remote,easy,2025-01-28 06:26:00
4611,133,5429755,semi_presence,medium,2025-01-28 06:26:12
235,67,3792490,semi_presence,easy,2025-01-28 06:26:48
2533,100,4105646,semi_remote,medium,2025-01-28 06:27:18
816,34,3860745,not_remote,easy,2025-01-28 06:29:24
2455,100,4149681,tot_remote,easy,2025-01-28 06:30:24
2684,34,4048526,tot_remote,easy,2025-01-28 06:30:30
4120,265,4197759,semi_remote,medium,2025-01-28 06:30:48
1597,397,4089089,tot_remote,easy,2025-01-28 06:36:24
2274,2,423533,not_remote,easy,2025-01-28 06:36:48
817,265,4118784,tot_remote,easy,2025-01-28 06:37:00
4888,133,4187248,not_remote,easy,2025-01-28 06:37:30
611,67,3640743,not_remote,easy,2025-01-28 06:40:24
614,397,4482879,semi_remote,easy,2025-01-28 06:40:48
4782,331,4482923,semi_remote,easy,2025-01-28 06:41:42
609,5,3771774,not_remote,easy,2025-01-28 06:42:06
2856,3,4281570,semi_remote,easy,2025-01-28 06:43:36
2411,199,5289848,not_remote,easy,2025-01-28 06:44:48
4276,397,4043711,not_remote,medium,2025-01-28 06:45:06
939,34,5455302,tot_remote,easy,2025-01-28 06:45:54
2961,298,4070556,temp_remote,easy,2025-01-28 06:46:30
4885,331,4088318,temp_remote,easy,2025-01-28 06:49:00
1453,199,4382449,tot_remote,easy,2025-01-28 06:49:24
1510,397,4090039,temp_remote,easy,2025-01-28 06:50:12
1365,67,5097799,tot_remote,easy,2025-01-28 06:50:30
4747,67,5354805,not_clear_remote,easy,2025-01-28 06:54:36
210,265,746863,not_clear_remote,hard,2025-01-28 06:54:36
3842,100,3927157,semi_presence,easy,2025-01-28 06:55:24
3449,2,3099978,not_remote,easy,2025-01-28 06:55:30
598,199,4097604,tot_remote,easy,2025-01-28 06:55:36
3188,133,4137184,not_clear_remote,easy,2025-01-28 06:56:06
1598,397,5170944,tot_remote,medium,2025-01-28 06:56:24
4476,166,5087357,tot_remote,easy,2025-01-28 06:56:36
4838,397,4466189,semi_remote,easy,2025-01-28 06:57:00
2562,265,5583236,not_remote,easy,2025-01-28 06:57:30
873,5,5299740,not_clear_remote,easy,2025-01-28 06:58:42
4748,3,4268374,tot_remote,easy,2025-01-28 06:58:54
1104,397,5573697,semi_remote,easy,2025-01-28 07:01:30
1923,34,4107880,temp_remote,easy,2025-01-28 07:02:00
3518,34,5169245,not_clear_remote,easy,2025-01-28 07:02:18
3514,331,622756,tot_remote,easy,2025-01-28 07:02:48
1932,34,5007912,not_clear_remote,easy,2025-01-28 07:03:36
301,133,4122162,tot_remote,easy,2025-01-28 07:03:54
1135,232,5548552,semi_remote,easy,2025-01-28 07:03:54
4291,298,4138744,semi_remote,easy,2025-01-28 07:05:06
3077,331,5488873,not_remote,medium,2025-01-28 07:05:24
2202,100,5597469,semi_remote,easy,2025-01-28 07:06:12
223,199,5588200,not_remote,easy,2025-01-28 07:09:36
3595,265,1229308,tot_remote,easy,2025-01-28 07:11:24
618,397,5038215,not_remote,easy,2025-01-28 07:11:42
589,5,4056074,temp_remote,easy,2025-01-28 07:12:54
367,133,4496896,not_clear_remote,easy,2025-01-28 07:14:12
2799,331,4175353,not_clear_remote,easy,2025-01-28 07:14:54
377,100,5200102,semi_presence,easy,2025-01-28 07:17:24
2374,133,4135641,not_clear_remote,easy,2025-01-28 07:17:42
4380,34,4072650,tot_remote,easy,2025-01-28 07:18:54
947,67,5259983,not_clear_remote,medium,2025-01-28 07:19:48
1357,34,5095244,semi_remote,easy,2025-01-28 07:20:00
2631,34,5143440,not_clear_remote,easy,2025-01-28 07:20:42
1846,331,4124094,tot_remote,easy,2025-01-28 07:21:18
3597,397,5450137,not_remote,medium,2025-01-28 07:22:30
5041,397,4066826,temp_remote,easy,2025-01-28 07:25:18
3055,2,4129892,tot_remote,easy,2025-01-28 07:25:48
3160,199,5133894,not_clear_remote,easy,2025-01-28 07:26:24
573,5,5114008,not_remote,easy,2025-01-28 07:26:36
2020,3,4110235,semi_remote,easy,2025-01-28 07:26:48
1544,67,5594565,semi_presence,easy,2025-01-28 07:27:30
385,133,5377283,not_remote,easy,2025-01-28 07:27:42
4956,265,4114098,semi_remote,easy,2025-01-28 07:28:18
4322,199,5169220,tot_remote,easy,2025-01-28 07:28:30
1086,34,5016990,tot_remote,easy,2025-01-28 07:29:06
4916,232,2188905,not_remote,easy,2025-01-28 07:29:24
4337,133,412824,tot_remote,easy,2025-01-28 07:32:48
2426,199,4050052,tot_remote,easy,2025-01-28 07:33:48
1942,133,5033682,not_clear_remote,medium,2025-01-28 07:35:36
2834,5,5105651,not_clear_remote,easy,2025-01-28 07:35:48
3006,331,5299740,semi_remote,easy,2025-01-28 07:36:18
520,166,4383740,tot_remote,easy,2025-01-28 07:36:30
4521,298,5027946,temp_remote,easy,2025-01-28 07:38:12
4485,397,5064406,semi_presence,easy,2025-01-28 07:38:18
2329,100,4029594,semi_presence,easy,2025-01-28 07:38:24
1973,133,3421529,tot_remote,easy,2025-01-28 07:39:00
5079,34,5085414,semi_remote,easy,2025-01-28 07:39:30
420,199,4118877,tot_remote,easy,2025-01-28 07:40:12
29,232,5008769,tot_remote,easy,2025-01-28 07:41:36
3455,67,808738,tot_remote,easy,2025-01-28 07:41:42
2141,100,4119059,semi_remote,easy,2025-01-28 07:42:54
738,265,5588168,not_remote,easy,2025-01-28 07:43:00
2159,34,1273495,not_clear_remote,easy,2025-01-28 07:43:36
3577,5,4057506,tot_remote,easy,2025-01-28 07:47:06
3434,199,5138342,not_clear_remote,easy,2025-01-28 07:47:30
2491,67,5296514,tot_remote,medium,2025-01-28 07:48:30
482,34,4045967,not_remote,easy,2025-01-28 07:49:54
808,133,5043485,not_clear_remote,medium,2025-01-28 07:50:48
4584,331,3771774,semi_remote,easy,2025-01-28 07:53:54
2578,265,4201728,semi_remote,easy,2025-01-28 07:54:18
4363,133,4146453,not_remote,easy,2025-01-28 07:54:42
1492,67,5596358,semi_presence,easy,2025-01-28 07:57:18
870,265,1111735,tot_remote,easy,2025-01-28 07:58:12
2482,133,5319914,tot_remote,easy,2025-01-28 07:58:48
1540,133,5655690,semi_remote,medium,2025-01-28 07:59:36
548,133,5296112,not_clear_remote,medium,2025-01-28 08:02:00
2119,199,1019429,not_remote,easy,2025-01-28 08:02:00
1767,133,4088342,not_clear_remote,hard,2025-01-28 08:02:24
646,100,4661089,semi_remote,easy,2025-01-28 08:03:54
4979,100,5639447,semi_presence,easy,2025-01-28 08:04:18
1643,199,4068470,semi_presence,medium,2025-01-28 08:04:24
288,5,4236151,not_remote,easy,2025-01-28 08:05:12
795,331,5132894,semi_remote,easy,2025-01-28 08:08:48
1057,232,1995844,tot_remote,easy,2025-01-28 08:09:30
2635,133,4027321,not_remote,easy,2025-01-28 08:09:36
3646,34,3097639,not_remote,easy,2025-01-28 08:10:30
2488,397,5556357,tot_remote,easy,2025-01-28 08:11:00
5068,3,4393033,semi_presence,medium,2025-01-28 08:11:48
2063,199,4238290,tot_remote,easy,2025-01-28 08:12:30
3668,34,4648034,tot_remote,easy,2025-01-28 08:13:30
1028,265,4085147,temp_remote,easy,2025-01-28 08:14:30
2549,133,3655425,not_remote,hard,2025-01-28 08:15:36
4596,331,4049580,temp_remote,easy,2025-01-28 08:15:36
1026,397,4087269,temp_remote,easy,2025-01-28 08:16:06
3719,232,4073342,temp_remote,easy,2025-01-28 08:16:42
1678,133,5141713,not_clear_remote,medium,2025-01-28 08:17:00
602,331,4034091,temp_remote,easy,2025-01-28 08:17:36
1229,265,4237915,tot_remote,easy,2025-01-28 08:17:54
3696,2,5216971,not_clear_remote,easy,2025-01-28 08:17:54
2300,298,3399414,not_remote,easy,2025-01-28 08:19:12
2843,67,4297995,tot_remote,easy,2025-01-28 08:20:30
2522,67,5569243,semi_presence,easy,2025-01-28 08:22:54
1406,3,3099126,not_clear_remote,easy,2025-01-28 08:23:06
3389,133,352419,not_remote,easy,2025-01-28 08:23:12
2780,397,4516784,semi_remote,easy,2025-01-28 08:24:18
2845,199,4244719,not_clear_remote,easy,2025-01-28 08:26:00
768,34,4143345,semi_remote,easy,2025-01-28 08:26:00
3666,100,5485087,semi_presence,easy,2025-01-28 08:27:24
4484,298,4469063,not_remote,easy,2025-01-28 08:27:36
1673,331,4572752,tot_remote,easy,2025-01-28 08:28:30
4577,232,3388533,tot_remote,easy,2025-01-28 08:29:00
4472,331,3904377,not_clear_remote,easy,2025-01-28 08:31:54
3840,133,4230059,tot_remote,medium,2025-01-28 08:33:00
5007,232,4084264,temp_remote,easy,2025-01-28 08:34:12
3806,133,4337270,temp_remote,easy,2025-01-28 08:34:18
3704,67,5036490,semi_remote,easy,2025-01-28 08:35:42
3682,265,4344726,temp_remote,medium,2025-01-28 08:36:24
286,5,4114092,semi_remote,hard,2025-01-28 08:36:30
1580,34,2973148,not_remote,easy,2025-01-28 08:36:48
2541,199,5575992,not_remote,easy,2025-01-28 08:37:12
2186,331,4082802,temp_remote,easy,2025-01-28 08:37:30
704,100,4514753,semi_remote,easy,2025-01-28 08:38:36
4980,67,5290093,not_clear_remote,medium,2025-01-28 08:39:00
470,397,5560506,temp_remote,easy,2025-01-28 08:39:18
1891,3,5556093,tot_remote,easy,2025-01-28 08:39:36
2774,3,4109130,not_clear_remote,easy,2025-01-28 08:39:48
4634,298,3998491,semi_remote,easy,2025-01-28 08:41:42
4843,397,5596257,semi_presence,easy,2025-01-28 08:42:00
2235,232,4349033,semi_remote,easy,2025-01-28 08:42:42
850,34,5077971,not_clear_remote,easy,2025-01-28 08:45:24
2707,34,5111330,tot_remote,easy,2025-01-28 08:45:48
1590,67,4106663,tot_remote,easy,2025-01-28 08:46:42
3677,34,3608193,not_clear_remote,easy,2025-01-28 08:47:00
1375,5,5292728,not_remote,easy,2025-01-28 08:47:48
3444,3,4534165,tot_remote,easy,2025-01-28 08:50:36
2232,133,5658941,not_clear_remote,medium,2025-01-28 08:51:12
3072,34,5491251,not_remote,easy,2025-01-28 08:51:12
1397,2,5196896,tot_remote,easy,2025-01-28 08:52:30
4150,331,4576725,not_clear_remote,medium,2025-01-28 08:52:36
3661,199,1336827,not_remote,easy,2025-01-28 08:56:00
264,232,4130892,tot_remote,easy,2025-01-28 08:56:42
3958,5,4110900,tot_remote,easy,2025-01-28 08:57:54
3371,265,5192255,semi_remote,medium,2025-01-28 08:59:12
4401,133,4114092,not_clear_remote,medium,2025-01-28 08:59:18
1875,2,4125199,temp_remote,easy,2025-01-28 09:00:06
3136,397,5568793,semi_remote,easy,2025-01-28 09:01:36
3458,3,4084201,temp_remote,easy,2025-01-28 09:02:48
2882,331,4607485,tot_remote,easy,2025-01-28 09:03:30
4371,3,5463313,tot_remote,easy,2025-01-28 09:05:00
604,199,4346681,tot_remote,easy,2025-01-28 09:05:30
106,298,4089651,tot_remote,easy,2025-01-28 09:05:30
2004,67,4103364,not_clear_remote,easy,2025-01-28 09:05:36
3042,199,3462297,not_remote,easy,2025-01-28 09:05:54
4763,2,4130892,tot_remote,easy,2025-01-28 09:07:24
3803,298,244485,tot_remote,easy,2025-01-28 09:08:06
3417,331,3863421,not_clear_remote,easy,2025-01-28 09:09:06
5029,34,4060213,not_clear_remote,easy,2025-01-28 09:09:18
1211,265,5194437,semi_remote,easy,2025-01-28 09:09:30
3587,397,4311382,tot_remote,easy,2025-01-28 09:09:48
285,67,4287710,not_clear_remote,medium,2025-01-28 09:11:42
3972,34,5192318,tot_remote,easy,2025-01-28 09:12:00
1766,298,5009320,semi_presence,medium,2025-01-28 09:12:12
1713,100,4084201,temp_remote,easy,2025-01-28 09:12:24
4575,298,4477047,tot_remote,easy,2025-01-28 09:14:54
3183,100,5479859,not_remote,easy,2025-01-28 09:14:54
1433,265,4031795,tot_remote,easy,2025-01-28 09:15:00
848,199,4460855,not_remote,easy,2025-01-28 09:15:24
2308,3,4050310,tot_remote,easy,2025-01-28 09:16:54
1029,5,4278026,not_clear_remote,medium,2025-01-28 09:17:30
1882,232,5637118,not_clear_remote,easy,2025-01-28 09:17:36
1971,67,5021775,semi_remote,easy,2025-01-28 09:18:24
2709,331,4340961,tot_remote,easy,2025-01-28 09:18:36
429,67,5326784,not_remote,easy,2025-01-28 09:19:42
5037,3,4555608,not_remote,easy,2025-01-28 09:20:12
457,331,4433417,tot_remote,easy,2025-01-28 09:20:18
3199,265,5198661,semi_remote,easy,2025-01-28 09:21:12
2861,34,4084190,temp_remote,easy,2025-01-28 09:25:54
2302,133,301996,not_remote,hard,2025-01-28 09:27:12
312,397,4291952,semi_remote,easy,2025-01-28 09:28:12
3207,5,4108280,temp_remote,easy,2025-01-28 09:28:48
3628,199,5494353,not_clear_remote,easy,2025-01-28 09:28:48
2168,3,5352779,semi_remote,medium,2025-01-28 09:28:48
4872,34,5352600,not_remote,easy,2025-01-28 09:28:54
4610,166,4097096,tot_remote,easy,2025-01-28 09:30:30
2477,397,5497179,semi_remote,easy,2025-01-28 09:30:36
886,3,4275499,semi_remote,easy,2025-01-28 09:34:54
853,34,5179933,not_remote,easy,2025-01-28 09:36:06
1196,133,5661781,not_clear_remote,medium,2025-01-28 09:36:36
2002,34,4551161,tot_remote,easy,2025-01-28 09:37:00
2082,3,4527919,not_remote,easy,2025-01-28 09:37:42
2109,298,5402251,semi_remote,easy,2025-01-28 09:39:18
4123,3,5140065,semi_remote,easy,2025-01-28 09:39:42
1604,397,4064037,tot_remote,easy,2025-01-28 09:40:48
2858,2,565539,tot_remote,medium,2025-01-28 09:41:18
4420,100,5365500,semi_presence,easy,2025-01-28 09:41:42
4470,331,4114715,not_clear_remote,medium,2025-01-28 09:42:12
4605,3,4137594,tot_remote,easy,2025-01-28 09:42:48
1157,34,5100747,tot_remote,easy,2025-01-28 09:43:24
4721,133,5259538,not_clear_remote,medium,2025-01-28 09:44:24
2671,67,4338268,not_remote,easy,2025-01-28 09:45:00
2285,67,4126115,not_clear_remote,medium,2025-01-28 09:45:06
3767,67,4068470,semi_presence,easy,2025-01-28 09:45:24
3561,265,5259698,not_remote,hard,2025-01-28 09:45:24
4732,5,4270322,not_remote,easy,2025-01-28 09:45:30
2297,67,4107835,temp_remote,easy,2025-01-28 09:46:54
1780,397,5082445,semi_remote,easy,2025-01-28 09:49:54
3069,100,3374230,not_remote,easy,2025-01-28 09:50:24
2865,331,5593298,semi_presence,easy,2025-01-28 09:50:42
996,3,5470209,semi_presence,easy,2025-01-28 09:51:06
137,199,5499670,tot_remote,easy,2025-01-28 09:51:54
2412,100,5064314,semi_presence,easy,2025-01-28 09:52:36
3407,232,5639932,tot_remote,easy,2025-01-28 09:52:48
2901,2,5193360,tot_remote,easy,2025-01-28 09:53:00
311,331,4449962,not_clear_remote,medium,2025-01-28 09:55:06
2149,34,3823553,not_remote,easy,2025-01-28 09:55:48
334,133,5231529,not_clear_remote,medium,2025-01-28 09:56:18
892,166,5531629,semi_presence,medium,2025-01-28 09:57:54
2539,298,4012667,tot_remote,easy,2025-01-28 09:59:06
3801,331,5594366,semi_presence,easy,2025-01-28 09:59:18
594,298,4088423,tot_remote,easy,2025-01-28 10:00:12
1921,397,5075762,not_remote,easy,2025-01-28 10:01:18
1422,5,5596745,semi_presence,easy,2025-01-28 10:02:36
4279,199,4100349,not_remote,hard,2025-01-28 10:05:12
4973,34,4075239,tot_remote,easy,2025-01-28 10:06:06
2036,67,5364290,tot_remote,easy,2025-01-28 10:06:12
2143,265,3906560,semi_presence,medium,2025-01-28 10:06:24
3683,397,4064982,tot_remote,easy,2025-01-28 10:06:36
3963,331,4443003,semi_presence,easy,2025-01-28 10:07:06
2795,232,4030814,temp_remote,easy,2025-01-28 10:07:12
1854,34,5294438,tot_remote,easy,2025-01-28 10:07:48
493,3,4085724,tot_remote,easy,2025-01-28 10:10:54
2673,3,3053403,not_remote,easy,2025-01-28 10:13:30
4107,34,5209933,not_clear_remote,easy,2025-01-28 10:15:24
3924,2,3552179,not_clear_remote,easy,2025-01-28 10:15:24
2194,34,771792,tot_remote,easy,2025-01-28 10:15:42
4824,100,4068539,tot_remote,easy,2025-01-28 10:16:42
4539,67,4347837,tot_remote,easy,2025-01-28 10:16:42
3897,331,4090858,tot_remote,easy,2025-01-28 10:16:48
2933,397,4068860,temp_remote,easy,2025-01-28 10:17:06
4113,5,790006,not_remote,easy,2025-01-28 10:19:12
4025,133,5263014,not_clear_remote,medium,2025-01-28 10:20:24
4506,199,4469949,not_clear_remote,easy,2025-01-28 10:20:48
268,199,4366300,tot_remote,easy,2025-01-28 10:21:00
4514,100,4072851,temp_remote,medium,2025-01-28 10:21:30
5087,265,5268776,not_remote,easy,2025-01-28 10:21:42
3946,397,4300786,tot_remote,easy,2025-01-28 10:22:42
525,3,4539982,tot_remote,easy,2025-01-28 10:23:42
2653,232,5119450,tot_remote,easy,2025-01-28 10:24:24
3381,34,5597469,not_clear_remote,easy,2025-01-28 10:25:42
1350,166,4126328,tot_remote,medium,2025-01-28 10:25:54
4947,67,5304442,not_clear_remote,hard,2025-01-28 10:26:06
728,67,4083688,temp_remote,easy,2025-01-28 10:27:00
3916,3,5600360,tot_remote,easy,2025-01-28 10:27:12
1399,67,4100427,not_remote,easy,2025-01-28 10:28:12
541,265,5557510,tot_remote,easy,2025-01-28 10:29:06
973,34,4655952,not_remote,easy,2025-01-28 10:30:24
777,298,4072452,tot_remote,easy,2025-01-28 10:31:24
402,34,3435590,not_clear_remote,easy,2025-01-28 10:31:54
3776,3,5478529,semi_remote,easy,2025-01-28 10:32:36
4942,3,5651713,semi_presence,easy,2025-01-28 10:33:36
410,34,4015472,tot_remote,easy,2025-01-28 10:33:54
2894,3,5646855,not_clear_remote,easy,2025-01-28 10:34:36
3706,397,5033346,not_remote,easy,2025-01-28 10:36:06
5016,298,5491028,tot_remote,easy,2025-01-28 10:36:12
148,199,5547325,not_clear_remote,easy,2025-01-28 10:36:54
1420,265,5562806,semi_remote,easy,2025-01-28 10:36:54
4070,331,4074332,not_clear_remote,easy,2025-01-28 10:38:36
4965,166,5627673,not_remote,easy,2025-01-28 10:39:36
3797,100,2866514,semi_presence,medium,2025-01-28 10:42:06
2999,34,4086132,temp_remote,easy,2025-01-28 10:43:24
4931,3,222997,tot_remote,easy,2025-01-28 10:43:36
2441,397,5018192,semi_remote,easy,2025-01-28 10:43:42
739,133,5476244,not_clear_remote,medium,2025-01-28 10:45:24
2971,67,3761846,not_clear_remote,medium,2025-01-28 10:46:24
1512,5,5096110,semi_presence,easy,2025-01-28 10:46:30
1069,166,5513650,semi_remote,easy,2025-01-28 10:49:42
3198,34,4108908,tot_remote,easy,2025-01-28 10:50:00
4435,199,5550311,not_clear_remote,easy,2025-01-28 10:50:48
4952,34,4042831,not_clear_remote,easy,2025-01-28 10:50:54
1490,2,4300786,temp_remote,medium,2025-01-28 10:52:48
4038,397,4070147,semi_remote,easy,2025-01-28 10:53:00
4393,232,5132466,tot_remote,easy,2025-01-28 10:53:12
2381,3,5551953,semi_remote,medium,2025-01-28 10:54:18
1311,67,5550686,not_clear_remote,medium,2025-01-28 10:54:42
1442,67,4367287,tot_remote,hard,2025-01-28 10:58:00
818,133,4270322,not_remote,easy,2025-01-28 10:58:00
3643,166,5064406,semi_remote,medium,2025-01-28 10:58:36
3853,298,4126049,tot_remote,easy,2025-01-28 10:58:42
1119,5,5478897,semi_presence,easy,2025-01-28 10:59:42
3436,133,5669666,not_remote,medium,2025-01-28 10:59:48
2950,397,5518113,semi_remote,easy,2025-01-28 11:00:12
926,34,5385422,tot_remote,easy,2025-01-28 11:02:00
855,3,4015498,tot_remote,easy,2025-01-28 11:02:00
2848,100,4089763,tot_remote,easy,2025-01-28 11:04:36
1117,34,4280667,tot_remote,easy,2025-01-28 11:04:42
4914,397,5434585,not_remote,easy,2025-01-28 11:05:12
4651,3,5131968,semi_remote,medium,2025-01-28 11:06:42
4054,67,5588452,semi_remote,easy,2025-01-28 11:07:48
956,3,331372,not_clear_remote,medium,2025-01-28 11:08:42
1219,199,4059747,temp_remote,easy,2025-01-28 11:09:42
902,5,5183096,semi_remote,easy,2025-01-28 11:11:30
4589,3,2884330,not_remote,easy,2025-01-28 11:12:30
2175,67,5311857,not_remote,easy,2025-01-28 11:12:54
1623,34,5176863,not_clear_remote,easy,2025-01-28 11:13:36
1356,232,4089089,tot_remote,easy,2025-01-28 11:15:54
2317,298,5222352,tot_remote,easy,2025-01-28 11:16:30
549,397,4033604,tot_remote,easy,2025-01-28 11:16:36
1945,232,3713033,not_remote,easy,2025-01-28 11:18:30
2538,34,4268276,not_remote,easy,2025-01-28 11:19:54
4313,133,5665659,not_clear_remote,easy,2025-01-28 11:20:18
5044,166,5075762,tot_remote,easy,2025-01-28 11:20:42
550,397,4536766,semi_remote,easy,2025-01-28 11:21:18
92,298,4069171,tot_remote,easy,2025-01-28 11:24:36
130,67,4118925,not_clear_remote,easy,2025-01-28 11:25:24
2307,34,5165460,not_clear_remote,easy,2025-01-28 11:26:00
4558,331,3296124,not_remote,hard,2025-01-28 11:26:18
2453,5,5191781,semi_remote,easy,2025-01-28 11:27:42
4034,397,5191130,tot_remote,easy,2025-01-28 11:28:12
1176,3,5584426,tot_remote,easy,2025-01-28 11:29:30
3614,3,5663701,semi_remote,easy,2025-01-28 11:29:42
923,34,4527263,not_clear_remote,easy,2025-01-28 11:30:54
2766,265,4327536,not_remote,medium,2025-01-28 11:31:24
3319,397,4084406,tot_remote,easy,2025-01-28 11:31:54
3658,100,4042831,semi_remote,medium,2025-01-28 11:32:18
3225,133,4010842,not_clear_remote,medium,2025-01-28 11:32:24
3962,232,4255489,temp_remote,easy,2025-01-28 11:33:12
1394,67,2133948,tot_remote,easy,2025-01-28 11:33:18
3588,3,5505900,tot_remote,easy,2025-01-28 11:34:42
1271,2,5573697,not_clear_remote,easy,2025-01-28 11:35:24
713,397,5182696,semi_remote,easy,2025-01-28 11:35:48
1517,298,3782808,semi_remote,easy,2025-01-28 11:36:00
1034,100,5500991,tot_remote,easy,2025-01-28 11:36:00
2497,67,3005374,tot_remote,easy,2025-01-28 11:36:06
2906,331,4656717,not_clear_remote,easy,2025-01-28 11:37:42
109,5,4034091,temp_remote,easy,2025-01-28 11:37:48
1240,67,5069656,not_clear_remote,medium,2025-01-28 11:38:12
2443,34,5485087,not_remote,easy,2025-01-28 11:38:42
619,2,3651421,not_remote,medium,2025-01-28 11:39:12
1063,34,5564223,not_clear_remote,easy,2025-01-28 11:41:30
2216,100,5170160,not_clear_remote,medium,2025-01-28 11:43:06
111,331,5392150,semi_presence,easy,2025-01-28 11:45:12
900,34,5139161,semi_remote,easy,2025-01-28 11:45:24
2136,67,5547325,not_clear_remote,medium,2025-01-28 11:48:06
3754,133,4108280,temp_remote,easy,2025-01-28 11:49:48
3186,34,4085716,temp_remote,easy,2025-01-28 11:50:18
4868,232,4482635,temp_remote,easy,2025-01-28 11:50:24
1959,298,5630666,semi_remote,easy,2025-01-28 11:51:18
3876,3,5658019,semi_remote,easy,2025-01-28 11:52:42
2726,397,4049115,semi_presence,easy,2025-01-28 11:54:30
2685,5,5442077,not_clear_remote,medium,2025-01-28 11:56:24
3947,34,5195075,tot_remote,easy,2025-01-28 11:56:42
559,331,3364629,not_remote,easy,2025-01-28 11:58:00
4349,34,4153905,temp_remote,easy,2025-01-28 11:58:36
3931,397,4528414,semi_remote,easy,2025-01-28 11:59:12
3339,3,4065410,tot_remote,easy,2025-01-28 12:01:36
3905,133,240248,not_remote,hard,2025-01-28 12:02:48
4360,133,4201628,not_clear_remote,medium,2025-01-28 12:02:54
1528,67,4032874,temp_remote,easy,2025-01-28 12:03:36
3312,5,4109397,temp_remote,easy,2025-01-28 12:06:18
2591,232,5033346,not_remote,easy,2025-01-28 12:07:36
2607,3,5668112,semi_presence,easy,2025-01-28 12:08:42
3849,331,5335011,not_clear_remote,easy,2025-01-28 12:08:48
2296,67,4574311,not_clear_remote,medium,2025-01-28 12:09:12
11,397,4085742,temp_remote,easy,2025-01-28 12:09:18
1216,34,5036490,semi_remote,easy,2025-01-28 12:10:06
4356,2,5330137,not_clear_remote,easy,2025-01-28 12:10:36
2182,298,4266374,tot_remote,easy,2025-01-28 12:11:06
2389,133,5557366,not_remote,hard,2025-01-28 12:11:54
524,34,4538128,semi_remote,easy,2025-01-28 12:12:18
4701,298,474709,tot_remote,easy,2025-01-28 12:12:24
1396,2,501194,not_clear_remote,medium,2025-01-28 12:12:48
1996,100,5290204,tot_remote,easy,2025-01-28 12:13:00
2921,34,4147557,tot_remote,easy,2025-01-28 12:14:06
1414,397,4048027,tot_remote,easy,2025-01-28 12:14:54
1824,3,5216352,not_clear_remote,medium,2025-01-28 12:15:30
2945,199,5341544,not_remote,easy,2025-01-28 12:15:48
1325,3,371471,not_clear_remote,easy,2025-01-28 12:17:42
1332,100,5494825,semi_remote,medium,2025-01-28 12:18:06
951,34,4455487,semi_remote,easy,2025-01-28 12:19:24
3985,232,1298551,not_remote,easy,2025-01-28 12:19:48
3073,67,4081717,temp_remote,easy,2025-01-28 12:20:06
5063,265,4104518,temp_remote,easy,2025-01-28 12:20:42
536,3,5067774,tot_remote,easy,2025-01-28 12:20:42
2873,5,4265712,tot_remote,medium,2025-01-28 12:22:54
3427,133,4138135,semi_presence,easy,2025-01-28 12:23:06
4415,133,4642577,not_remote,medium,2025-01-28 12:23:36
4094,34,3792490,not_remote,easy,2025-01-28 12:23:42
3660,133,5172970,semi_presence,easy,2025-01-28 12:24:42
4350,331,5339638,not_clear_remote,easy,2025-01-28 12:24:42
1265,100,5007912,semi_remote,easy,2025-01-28 12:26:06
1330,34,4126981,tot_remote,easy,2025-01-28 12:28:18
1610,67,5479673,not_clear_remote,hard,2025-01-28 12:28:30
830,67,5554306,semi_remote,easy,2025-01-28 12:28:36
532,232,5049283,not_clear_remote,easy,2025-01-28 12:29:24
2692,298,5133894,semi_remote,easy,2025-01-28 12:29:42
1798,34,4063542,temp_remote,easy,2025-01-28 12:32:36
1468,2,5319440,not_clear_remote,easy,2025-01-28 12:33:24
3377,298,3301802,not_remote,easy,2025-01-28 12:33:48
1107,3,5196206,semi_remote,easy,2025-01-28 12:35:06
2391,397,5150520,semi_remote,easy,2025-01-28 12:35:54
1542,5,4256666,not_remote,easy,2025-01-28 12:37:18
2746,232,4102288,temp_remote,easy,2025-01-28 12:37:54
1259,67,4648034,tot_remote,easy,2025-01-28 12:39:00
4853,100,4471855,semi_presence,easy,2025-01-28 12:39:54
5052,265,5550015,semi_remote,medium,2025-01-28 12:39:54
1957,265,4460740,tot_remote,easy,2025-01-28 12:43:00
433,2,826111,tot_remote,easy,2025-01-28 12:43:18
231,34,4155120,tot_remote,easy,2025-01-28 12:44:24
3061,3,5049108,not_clear_remote,easy,2025-01-28 12:44:30
3568,2,5349545,tot_remote,easy,2025-01-28 12:47:24
387,34,4090456,not_clear_remote,easy,2025-01-28 12:48:00
2208,67,4028531,tot_remote,hard,2025-01-28 12:48:54
3149,100,5284712,semi_remote,easy,2025-01-28 12:50:54
2669,265,4365126,temp_remote,easy,2025-01-28 12:53:18
13,67,4075239,tot_remote,easy,2025-01-28 12:53:36
2509,3,4021248,temp_remote,easy,2025-01-28 12:54:06
3571,199,3572245,not_remote,easy,2025-01-28 12:54:24
2128,331,5101084,not_clear_remote,medium,2025-01-28 12:54:48
2849,3,4068589,temp_remote,easy,2025-01-28 12:56:12
3292,133,4050842,not_clear_remote,easy,2025-01-28 12:57:36
1309,298,5575337,not_remote,easy,2025-01-28 12:58:12
4374,232,5375221,not_remote,easy,2025-01-28 12:58:18
1705,199,1113088,tot_remote,easy,2025-01-28 12:59:36
3702,298,4659505,semi_remote,easy,2025-01-28 12:59:42
2016,265,4098977,tot_remote,easy,2025-01-28 12:59:42
2107,331,1820680,not_clear_remote,medium,2025-01-28 13:03:54
856,265,4434241,tot_remote,easy,2025-01-28 13:04:00
4089,232,5544162,semi_remote,easy,2025-01-28 13:04:18
1926,133,5217530,not_remote,easy,2025-01-28 13:04:42
2823,5,4105291,semi_presence,easy,2025-01-28 13:05:48
785,166,5362721,semi_remote,easy,2025-01-28 13:06:54
1280,397,5593238,semi_presence,easy,2025-01-28 13:07:06
4333,100,4463533,semi_presence,easy,2025-01-28 13:07:36
4175,67,5502731,tot_remote,easy,2025-01-28 13:08:48
932,5,4313897,tot_remote,easy,2025-01-28 13:13:24
1754,199,4051268,temp_remote,easy,2025-01-28 13:15:36
3363,265,5542140,not_remote,easy,2025-01-28 13:16:06
3051,397,4335523,temp_remote,easy,2025-01-28 13:18:18
3488,34,5639447,not_clear_remote,easy,2025-01-28 13:19:24
1415,3,5203667,not_clear_remote,medium,2025-01-28 13:20:36
4697,166,5367872,semi_remote,easy,2025-01-28 13:21:06
1018,5,4106002,temp_remote,easy,2025-01-28 13:21:12
2548,265,4444363,semi_remote,easy,2025-01-28 13:22:54
397,265,2265710,tot_remote,easy,2025-01-28 13:23:12
453,298,4654899,tot_remote,easy,2025-01-28 13:23:24
190,3,4066655,tot_remote,easy,2025-01-28 13:24:00
4892,67,4469949,not_clear_remote,medium,2025-01-28 13:26:42
1488,133,5357859,not_clear_remote,easy,2025-01-28 13:28:06
1761,232,5196891,tot_remote,easy,2025-01-28 13:29:06
3423,265,4091418,not_remote,medium,2025-01-28 13:30:42
874,5,4294797,temp_remote,easy,2025-01-28 13:31:12
3473,100,5536359,tot_remote,easy,2025-01-28 13:31:54
4229,3,5192327,tot_remote,easy,2025-01-28 13:34:36
3604,265,4374462,not_remote,easy,2025-01-28 13:35:00
3438,298,1336827,not_remote,easy,2025-01-28 13:36:06
1108,331,4473432,tot_remote,easy,2025-01-28 13:36:24
835,232,4149879,tot_remote,easy,2025-01-28 13:37:36
4951,2,3238024,not_remote,easy,2025-01-28 13:37:42
1955,34,4640469,tot_remote,easy,2025-01-28 13:37:42
4507,232,3451945,semi_remote,easy,2025-01-28 13:40:18
1424,265,5275671,semi_presence,easy,2025-01-28 13:41:48
3844,133,4278071,not_remote,medium,2025-01-28 13:41:48
972,100,5192318,semi_remote,medium,2025-01-28 13:42:48
1630,331,5491954,semi_presence,easy,2025-01-28 13:43:30
178,166,5522130,tot_remote,easy,2025-01-28 13:44:00
606,298,5006494,tot_remote,easy,2025-01-28 13:44:42
2272,133,5300354,semi_presence,hard,2025-01-28 13:46:18
2292,5,5596312,semi_presence,easy,2025-01-28 13:46:36
204,265,5189074,semi_presence,easy,2025-01-28 13:47:30
4204,3,4030726,tot_remote,easy,2025-01-28 13:47:42
81,34,4074737,temp_remote,easy,2025-01-28 13:48:12
4570,3,5064314,not_remote,easy,2025-01-28 13:49:18
3503,2,3584228,not_remote,easy,2025-01-28 13:50:00
1262,34,5081082,not_clear_remote,easy,2025-01-28 13:50:06
2127,5,5457855,semi_presence,easy,2025-01-28 13:50:48
1444,67,4089664,tot_remote,hard,2025-01-28 13:51:00
2471,100,5559081,semi_remote,medium,2025-01-28 13:51:42
3535,2,981314,not_clear_remote,easy,2025-01-28 13:51:48
1877,331,4046496,temp_remote,easy,2025-01-28 13:52:30
67,265,4034692,tot_remote,easy,2025-01-28 13:53:54
1407,232,4088107,temp_remote,easy,2025-01-28 13:56:30
1306,100,4123594,not_remote,easy,2025-01-28 13:57:18
1411,2,5273215,not_clear_remote,easy,2025-01-28 13:57:18
3200,166,4095201,temp_remote,easy,2025-01-28 13:57:30
62,397,4103941,tot_remote,easy,2025-01-28 13:59:42
471,133,4283307,tot_remote,easy,2025-01-28 14:00:30
2638,199,3784617,not_remote,medium,2025-01-28 14:02:48
1792,67,4479533,tot_remote,easy,2025-01-28 14:03:18
398,3,5200824,semi_remote,easy,2025-01-28 14:03:54
1884,133,3523941,not_remote,medium,2025-01-28 14:04:12
2444,265,5263015,semi_presence,easy,2025-01-28 14:04:36
554,3,1151987,not_clear_remote,medium,2025-01-28 14:05:24
4961,5,882364,semi_presence,easy,2025-01-28 14:06:48
326,397,4340545,tot_remote,easy,2025-01-28 14:07:48
4207,5,234759,tot_remote,medium,2025-01-28 14:08:06
3708,2,5344125,not_clear_remote,easy,2025-01-28 14:08:36
338,3,1978305,not_remote,easy,2025-01-28 14:08:48
4103,298,5397368,semi_remote,easy,2025-01-28 14:09:24
584,34,4566179,not_clear_remote,easy,2025-01-28 14:10:24
5001,232,4129581,not_remote,easy,2025-01-28 14:10:30
2066,265,5502414,not_remote,medium,2025-01-28 14:10:54
1632,166,4370978,semi_presence,easy,2025-01-28 14:13:18
4866,397,4325160,semi_remote,easy,2025-01-28 14:14:00
1374,100,5196206,semi_presence,easy,2025-01-28 14:16:24
1043,331,4113784,tot_remote,medium,2025-01-28 14:16:24
3694,67,4088635,semi_remote,medium,2025-01-28 14:18:36
4137,331,3813013,not_clear_remote,medium,2025-01-28 14:18:54
2154,100,419006,semi_remote,easy,2025-01-28 14:21:24
3723,298,5361022,tot_remote,easy,2025-01-28 14:21:42
4438,5,4303391,semi_remote,easy,2025-01-28 14:21:54
4469,397,4105266,tot_remote,easy,2025-01-28 14:24:48
1243,331,1068824,not_clear_remote,easy,2025-01-28 14:27:00
3613,3,4099756,temp_remote,easy,2025-01-28 14:27:36
3482,199,4112823,tot_remote,easy,2025-01-28 14:27:42
767,2,5596257,semi_presence,easy,2025-01-28 14:28:06
4331,232,5342251,tot_remote,easy,2025-01-28 14:28:36
675,5,339341,not_remote,hard,2025-01-28 14:29:00
2555,67,4483421,tot_remote,easy,2025-01-28 14:29:00
4631,2,5669217,semi_remote,easy,2025-01-28 14:29:54
2176,331,5160161,not_clear_remote,easy,2025-01-28 14:30:48
2316,166,4377050,tot_remote,easy,2025-01-28 14:31:12
3875,298,3370644,not_remote,easy,2025-01-28 14:31:48
2331,100,5622905,semi_remote,medium,2025-01-28 14:32:12
2511,265,3865348,not_remote,hard,2025-01-28 14:33:54
1127,232,2961266,not_remote,easy,2025-01-28 14:35:12
4036,133,5624729,semi_remote,easy,2025-01-28 14:35:12
2996,5,4059268,not_clear_remote,easy,2025-01-28 14:36:00
3976,2,3862920,not_remote,easy,2025-01-28 14:36:06
3052,3,4367288,tot_remote,easy,2025-01-28 14:36:12
1712,331,5537478,semi_remote,easy,2025-01-28 14:38:12
341,34,5592552,tot_remote,easy,2025-01-28 14:39:18
4525,67,5568452,semi_remote,easy,2025-01-28 14:39:42
629,5,4141670,tot_remote,easy,2025-01-28 14:40:54
4702,3,4135314,not_clear_remote,medium,2025-01-28 14:41:54
1288,232,5463443,semi_presence,easy,2025-01-28 14:42:06
3494,265,4351655,tot_remote,easy,2025-01-28 14:42:48
3426,331,4041683,tot_remote,easy,2025-01-28 14:43:42
2546,199,4252377,semi_presence,easy,2025-01-28 14:44:30
4500,5,5098330,semi_presence,easy,2025-01-28 14:44:54
4851,397,5594323,semi_presence,easy,2025-01-28 14:46:00
1628,100,5189538,semi_presence,easy,2025-01-28 14:46:06
2956,298,5347940,tot_remote,easy,2025-01-28 14:47:30
3718,34,4080230,temp_remote,medium,2025-01-28 14:48:36
4027,232,4125199,temp_remote,easy,2025-01-28 14:49:54
119,133,4038145,tot_remote,easy,2025-01-28 14:50:24
4788,3,4348379,temp_remote,easy,2025-01-28 14:52:06
1624,3,5559081,not_clear_remote,easy,2025-01-28 14:53:54
3530,232,3584228,not_remote,easy,2025-01-28 14:54:30
2006,265,2064993,tot_remote,easy,2025-01-28 14:55:18
3056,199,4111394,tot_remote,easy,2025-01-28 14:55:42
1151,331,2230157,not_remote,easy,2025-01-28 14:55:54
1279,298,5103225,semi_remote,easy,2025-01-28 14:56:54
1940,5,4135641,tot_remote,easy,2025-01-28 14:57:36
1906,2,5279360,tot_remote,easy,2025-01-28 14:57:48
3790,5,2996472,not_remote,easy,2025-01-28 14:57:54
3295,67,1640009,tot_remote,easy,2025-01-28 14:58:24
1886,34,5584401,temp_remote,easy,2025-01-28 14:58:48
1629,34,5536359,tot_remote,easy,2025-01-28 14:59:30
533,100,495162,not_clear_remote,easy,2025-01-28 14:59:42
5,331,5281637,not_remote,easy,2025-01-28 15:00:24
1234,232,4074940,semi_presence,easy,2025-01-28 15:03:00
863,3,4100766,semi_remote,easy,2025-01-28 15:05:18
1426,133,4364157,tot_remote,easy,2025-01-28 15:06:24
2177,331,5273789,not_clear_remote,easy,2025-01-28 15:06:54
3699,100,5642550,semi_remote,medium,2025-01-28 15:06:54
4621,265,5287796,semi_remote,easy,2025-01-28 15:07:30
3513,232,4181754,semi_presence,easy,2025-01-28 15:07:30
230,199,5095117,not_clear_remote,easy,2025-01-28 15:08:54
1329,67,5430550,tot_remote,easy,2025-01-28 15:09:54
3550,331,2708470,semi_presence,medium,2025-01-28 15:09:54
134,397,3185366,semi_remote,easy,2025-01-28 15:10:12
899,100,3860745,not_remote,easy,2025-01-28 15:10:24
3712,5,5482412,not_clear_remote,easy,2025-01-28 15:11:42
1717,166,4098536,tot_remote,hard,2025-01-28 15:12:48
3831,331,4090233,temp_remote,easy,2025-01-28 15:15:00
2197,298,5354803,semi_remote,easy,2025-01-28 15:15:12
1241,5,4138135,semi_presence,easy,2025-01-28 15:19:12
68,298,5326669,not_remote,easy,2025-01-28 15:19:18
522,331,5187771,not_clear_remote,easy,2025-01-28 15:20:06
3599,34,4513297,not_clear_remote,easy,2025-01-28 15:21:06
2234,5,5088064,semi_presence,easy,2025-01-28 15:22:12
2532,199,5100631,tot_remote,easy,2025-01-28 15:22:48
384,2,293478,not_remote,easy,2025-01-28 15:24:36
3208,265,5289405,semi_presence,easy,2025-01-28 15:25:00
4153,232,5611373,semi_presence,easy,2025-01-28 15:25:24
4251,331,5497768,semi_remote,easy,2025-01-28 15:25:36
2735,2,4050441,not_clear_remote,medium,2025-01-28 15:26:18
4230,133,5286883,tot_remote,medium,2025-01-28 15:26:36
4429,232,5095807,semi_remote,easy,2025-01-28 15:27:30
4569,2,4132165,not_clear_remote,easy,2025-01-28 15:30:24
4382,5,5600903,not_clear_remote,easy,2025-01-28 15:32:54
1801,5,301996,not_remote,easy,2025-01-28 15:33:36
1385,331,4057457,not_clear_remote,hard,2025-01-28 15:33:48
392,133,5289378,not_clear_remote,medium,2025-01-28 15:35:00
4161,232,5404875,not_clear_remote,easy,2025-01-28 15:35:06
2905,298,5088293,not_remote,easy,2025-01-28 15:35:06
218,34,1118287,not_remote,easy,2025-01-28 15:35:36
32,133,4100056,temp_remote,easy,2025-01-28 15:36:12
1464,67,3210756,not_clear_remote,medium,2025-01-28 15:36:12
1615,100,5630743,semi_presence,easy,2025-01-28 15:37:36
1907,232,655559,tot_remote,easy,2025-01-28 15:39:12
4258,265,5168784,semi_presence,easy,2025-01-28 15:39:18
269,298,5547148,tot_remote,easy,2025-01-28 15:39:30
4943,331,2918898,not_remote,easy,2025-01-28 15:39:36
2440,2,3361061,not_remote,easy,2025-01-28 15:40:18
4617,5,4283307,tot_remote,easy,2025-01-28 15:43:30
2384,34,4531983,tot_remote,easy,2025-01-28 15:44:06
3326,133,4195135,temp_remote,easy,2025-01-28 15:44:12
172,2,5664103,not_clear_remote,easy,2025-01-28 15:44:30
4299,100,3963346,temp_remote,easy,2025-01-28 15:46:30
3450,3,4505192,semi_remote,medium,2025-01-28 15:46:36
3176,397,4041269,tot_remote,easy,2025-01-28 15:46:42
1802,133,5539037,not_remote,easy,2025-01-28 15:46:48
4524,3,5588827,semi_remote,easy,2025-01-28 15:48:06
2171,331,5509292,semi_presence,easy,2025-01-28 15:49:00
1916,265,4041702,tot_remote,easy,2025-01-28 15:49:12
4119,199,3640743,not_remote,easy,2025-01-28 15:51:06
4014,133,4107405,temp_remote,easy,2025-01-28 15:51:48
2269,331,3655154,not_clear_remote,medium,2025-01-28 15:54:06
1244,397,5178942,semi_remote,easy,2025-01-28 15:54:54
3211,3,4141771,tot_remote,easy,2025-01-28 15:55:48
215,34,4083739,temp_remote,easy,2025-01-28 15:59:24
1789,3,5449930,tot_remote,easy,2025-01-28 15:59:54
1563,3,778745,semi_presence,medium,2025-01-28 16:01:18
454,2,5191130,tot_remote,easy,2025-01-28 16:01:18
284,232,5408629,tot_remote,easy,2025-01-28 16:03:00
509,298,5227257,not_remote,easy,2025-01-28 16:03:36
2517,5,5340502,semi_presence,easy,2025-01-28 16:03:42
2706,331,4466238,not_clear_remote,easy,2025-01-28 16:04:18
329,100,4129118,temp_remote,medium,2025-01-28 16:05:00
3131,199,3594409,tot_remote,easy,2025-01-28 16:05:12
840,2,4105720,tot_remote,medium,2025-01-28 16:05:12
3113,265,5283104,tot_remote,easy,2025-01-28 16:06:18
3805,133,4182601,not_clear_remote,hard,2025-01-28 16:09:24
4751,67,3097639,not_remote,hard,2025-01-28 16:10:18
4713,34,456345,tot_remote,easy,2025-01-28 16:11:30
1197,298,4114337,semi_remote,easy,2025-01-28 16:12:06
580,232,5271932,semi_presence,easy,2025-01-28 16:12:24
4224,3,4086338,tot_remote,easy,2025-01-28 16:12:36
4426,5,5296112,temp_remote,easy,2025-01-28 16:15:30
706,331,5522130,not_remote,easy,2025-01-28 16:17:06
862,2,4311382,tot_remote,easy,2025-01-28 16:17:42
1950,5,4154966,not_remote,easy,2025-01-28 16:18:24
2055,298,3956241,not_remote,easy,2025-01-28 16:20:30
725,133,5566582,not_remote,medium,2025-01-28 16:21:24
3686,331,5413354,not_remote,medium,2025-01-28 16:21:42
1679,100,5271790,semi_remote,easy,2025-01-28 16:22:36
4099,232,3862920,not_remote,easy,2025-01-28 16:23:42
4586,34,5321983,not_clear_remote,easy,2025-01-28 16:25:42
4975,265,3834712,not_clear_remote,hard,2025-01-28 16:26:24
495,133,3773543,not_remote,hard,2025-01-28 16:26:42
3889,331,4084119,temp_remote,easy,2025-01-28 16:27:12
2944,199,5097605,not_remote,easy,2025-01-28 16:29:12
519,232,4540101,tot_remote,easy,2025-01-28 16:29:48
2,2,4092912,tot_remote,easy,2025-01-28 16:31:06
5046,67,4204903,tot_remote,easy,2025-01-28 16:31:12
1489,3,5604768,semi_presence,medium,2025-01-28 16:31:42
1408,397,5166142,not_remote,medium,2025-01-28 16:34:24
257,265,5517465,tot_remote,easy,2025-01-28 16:35:36
4754,265,4103217,temp_remote,easy,2025-01-28 16:35:54
4687,199,4338268,not_remote,easy,2025-01-28 16:35:54
4165,298,5588200,not_remote,easy,2025-01-28 16:36:12
4882,133,1612602,tot_remote,easy,2025-01-28 16:37:36
3151,34,3647085,not_remote,easy,2025-01-28 16:39:42
2529,34,4096279,tot_remote,easy,2025-01-28 16:39:54
2680,331,4186674,not_clear_remote,hard,2025-01-28 16:40:00
4385,5,5335011,semi_remote,medium,2025-01-28 16:40:54
4348,232,5125697,semi_remote,easy,2025-01-28 16:42:06
3035,2,3322474,tot_remote,easy,2025-01-28 16:43:00
4366,5,3788921,semi_presence,hard,2025-01-28 16:43:30
2720,67,5628480,semi_remote,easy,2025-01-28 16:44:06
884,3,4246605,tot_remote,easy,2025-01-28 16:44:12
1031,397,5471063,semi_remote,easy,2025-01-28 16:45:00
3713,232,4570769,not_clear_remote,easy,2025-01-28 16:46:42
3493,265,4100238,tot_remote,easy,2025-01-28 16:47:42
3161,199,4356425,semi_remote,easy,2025-01-28 16:48:30
1315,331,4121086,not_clear_remote,easy,2025-01-28 16:48:54
4808,133,4041700,tot_remote,easy,2025-01-28 16:49:18
977,100,5176863,semi_remote,medium,2025-01-28 16:49:42
3762,331,5018463,tot_remote,medium,2025-01-28 16:49:48
1807,232,5182049,tot_remote,easy,2025-01-28 16:49:54
1988,3,4111933,tot_remote,easy,2025-01-28 16:50:00
1813,5,4103017,tot_remote,easy,2025-01-28 16:51:48
116,34,5326784,not_remote,easy,2025-01-28 16:52:00
4552,3,4514753,semi_remote,easy,2025-01-28 16:52:48
3724,100,3435590,not_remote,medium,2025-01-28 16:53:00
2778,2,4049115,not_clear_remote,easy,2025-01-28 16:53:06
214,133,3028636,tot_remote,easy,2025-01-28 16:54:18
3633,5,3655425,semi_presence,easy,2025-01-28 16:55:54
4776,232,5456411,tot_remote,easy,2025-01-28 16:56:12
3674,265,2687267,semi_remote,easy,2025-01-28 16:57:12
428,232,4052181,semi_presence,easy,2025-01-28 16:57:12
3435,2,4440613,not_clear_remote,easy,2025-01-28 16:58:12
5057,199,2133948,tot_remote,easy,2025-01-28 16:58:30
3906,298,1113088,tot_remote,easy,2025-01-28 17:00:18
244,5,4326726,tot_remote,easy,2025-01-28 17:01:12
1549,331,4070273,not_clear_remote,easy,2025-01-28 17:01:48
3026,34,5316133,tot_remote,easy,2025-01-28 17:03:12
1946,265,5547148,tot_remote,easy,2025-01-28 17:03:30
199,3,5565660,semi_remote,medium,2025-01-28 17:08:00
3202,5,4342200,tot_remote,easy,2025-01-28 17:08:12
3437,331,4199986,not_clear_remote,medium,2025-01-28 17:10:18
4479,199,5554306,semi_remote,easy,2025-01-28 17:10:42
2223,133,5282257,tot_remote,easy,2025-01-28 17:11:30
1338,133,3368420,not_remote,easy,2025-01-28 17:11:42
2576,232,5623384,semi_remote,easy,2025-01-28 17:12:06
4218,265,5526622,semi_presence,easy,2025-01-28 17:15:12
4412,199,4122259,tot_remote,easy,2025-01-28 17:15:54
2621,331,5386141,tot_remote,easy,2025-01-28 17:16:24
1317,2,1298551,not_remote,easy,2025-01-28 17:18:00
3107,298,4019987,semi_presence,easy,2025-01-28 17:19:24
1873,100,4438766,temp_remote,medium,2025-01-28 17:20:36
526,265,4428848,tot_remote,easy,2025-01-28 17:20:48
4566,5,3414500,tot_remote,easy,2025-01-28 17:21:06
539,133,5012402,not_clear_remote,medium,2025-01-28 17:21:06
3028,34,4179501,tot_remote,easy,2025-01-28 17:22:24
4194,199,4184345,tot_remote,easy,2025-01-28 17:23:30
419,265,5522272,semi_remote,easy,2025-01-28 17:23:36
2486,331,5603708,semi_presence,easy,2025-01-28 17:24:18
474,5,5319863,semi_presence,easy,2025-01-28 17:27:36
1647,232,4485503,semi_presence,easy,2025-01-28 17:28:00
2187,133,3834686,not_clear_remote,hard,2025-01-28 17:28:36
2952,133,1098090,not_remote,medium,2025-01-28 17:30:06
1435,331,3414500,tot_remote,easy,2025-01-28 17:30:18
4044,3,4260135,not_remote,easy,2025-01-28 17:31:18
3667,331,4080459,temp_remote,easy,2025-01-28 17:31:48
3728,3,3137251,not_remote,medium,2025-01-28 17:32:12
3508,3,1811568,not_clear_remote,medium,2025-01-28 17:33:06
3349,199,4041912,temp_remote,easy,2025-01-28 17:34:06
1002,2,4066826,temp_remote,easy,2025-01-28 17:36:18
1958,232,5135544,tot_remote,easy,2025-01-28 17:36:30
3968,5,3456729,not_remote,medium,2025-01-28 17:38:06
2076,2,5581416,semi_presence,easy,2025-01-28 17:41:18
958,5,5357859,semi_presence,easy,2025-01-28 17:41:48
2098,331,3394281,tot_remote,easy,2025-01-28 17:42:24
4879,232,5023035,semi_remote,easy,2025-01-28 17:43:18
4040,100,5228261,not_remote,easy,2025-01-28 17:44:36
4084,3,4239287,temp_remote,easy,2025-01-28 17:45:00
303,34,4128692,temp_remote,easy,2025-01-28 17:45:00
2337,3,4047976,tot_remote,easy,2025-01-28 17:45:18
1413,199,5579644,not_remote,easy,2025-01-28 17:45:36
4467,331,4619348,tot_remote,easy,2025-01-28 17:46:36
615,133,5019243,temp_remote,easy,2025-01-28 17:48:12
670,199,5659090,not_clear_remote,medium,2025-01-28 17:49:30
3422,67,5604328,semi_remote,medium,2025-01-28 17:49:54
3168,133,4142724,not_clear_remote,easy,2025-01-28 17:50:36
914,5,5376915,not_clear_remote,medium,2025-01-28 17:52:18
4508,3,4112940,tot_remote,easy,2025-01-28 17:52:36
3410,2,4393103,tot_remote,easy,2025-01-28 17:52:54
3021,133,2947602,not_clear_remote,medium,2025-01-28 17:53:18
2230,34,4126115,semi_remote,easy,2025-01-28 17:54:42
3987,3,5156905,semi_remote,easy,2025-01-28 17:57:12
4028,5,434969,not_clear_remote,easy,2025-01-28 17:58:12
408,3,4254998,tot_remote,easy,2025-01-28 17:59:00
3376,199,5583783,not_clear_remote,easy,2025-01-28 18:04:24
4421,133,5531797,tot_remote,easy,2025-01-28 18:04:36
1746,100,5517628,semi_presence,medium,2025-01-28 18:05:00
1418,3,1671269,semi_presence,medium,2025-01-28 18:05:42
2309,232,5296768,semi_remote,easy,2025-01-28 18:05:42
1831,298,1513237,semi_presence,easy,2025-01-28 18:06:42
2747,298,4147405,semi_remote,easy,2025-01-28 18:08:00
355,133,4518318,temp_remote,easy,2025-01-28 18:08:06
4733,133,4067191,tot_remote,medium,2025-01-28 18:08:18
570,298,2313797,tot_remote,easy,2025-01-28 18:08:42
14,67,4111931,tot_remote,easy,2025-01-28 18:10:18
3837,34,5543648,not_remote,easy,2025-01-28 18:10:18
3808,133,4120390,tot_remote,medium,2025-01-28 18:10:54
1296,166,5560506,tot_remote,easy,2025-01-28 18:11:00
3606,232,5378811,semi_remote,easy,2025-01-28 18:12:24
4449,199,3839356,not_remote,easy,2025-01-28 18:12:30
2247,133,4075025,temp_remote,easy,2025-01-28 18:14:18
3562,133,5292767,temp_remote,medium,2025-01-28 18:14:48
1536,34,4329828,not_clear_remote,medium,2025-01-28 18:15:54
1232,331,5400075,not_clear_remote,easy,2025-01-28 18:16:00
4492,100,5209933,temp_remote,easy,2025-01-28 18:17:48
1328,265,5490076,semi_presence,easy,2025-01-28 18:18:18
5086,232,3099834,not_remote,easy,2025-01-28 18:18:48
3500,331,339341,not_remote,easy,2025-01-28 18:19:12
1948,133,4149036,tot_remote,easy,2025-01-28 18:19:36
665,5,4128266,semi_presence,easy,2025-01-28 18:19:42
4478,3,5568665,semi_remote,easy,2025-01-28 18:20:12
2183,166,2547042,not_remote,hard,2025-01-28 18:20:24
1030,166,1724598,tot_remote,easy,2025-01-28 18:20:48
1098,3,5144530,tot_remote,easy,2025-01-28 18:21:42
1152,331,5409259,not_clear_remote,easy,2025-01-28 18:23:48
2916,5,3813013,not_clear_remote,easy,2025-01-28 18:24:00
3612,133,5509950,not_remote,easy,2025-01-28 18:24:12
121,232,5389297,semi_presence,easy,2025-01-28 18:24:18
2733,331,5655049,not_remote,easy,2025-01-28 18:30:06
711,133,2996472,not_remote,hard,2025-01-28 18:30:24
356,100,4090456,tot_remote,easy,2025-01-28 18:30:24
1506,199,4257822,tot_remote,easy,2025-01-28 18:32:42
5002,331,5008773,tot_remote,easy,2025-01-28 18:33:12
407,298,5583236,not_remote,easy,2025-01-28 18:34:30
858,133,3788921,not_remote,hard,2025-01-28 18:34:48
3293,265,4209940,tot_remote,easy,2025-01-28 18:36:36
617,133,434969,tot_remote,medium,2025-01-28 18:37:06
4994,5,4154455,semi_presence,easy,2025-01-28 18:37:18
3650,5,4061139,temp_remote,medium,2025-01-28 18:40:36
1818,331,4071403,temp_remote,easy,2025-01-28 18:40:42
3870,133,5065420,semi_remote,easy,2025-01-28 18:41:06
592,199,4189870,semi_remote,easy,2025-01-28 18:41:18
838,232,4239713,tot_remote,easy,2025-01-28 18:41:42
3670,133,4087775,tot_remote,easy,2025-01-28 18:41:42
3413,133,5410514,semi_presence,medium,2025-01-28 18:41:48
4416,166,4326216,semi_remote,medium,2025-01-28 18:42:24
4999,3,5602755,semi_presence,easy,2025-01-28 18:44:00
2240,199,5662440,not_clear_remote,medium,2025-01-28 18:44:42
2431,100,4132147,tot_remote,medium,2025-01-28 18:45:12
3365,232,405126,tot_remote,easy,2025-01-28 18:46:00
1762,232,5481676,tot_remote,easy,2025-01-28 18:46:54
917,298,4046927,temp_remote,easy,2025-01-28 18:47:18
2750,67,5095117,semi_remote,hard,2025-01-28 18:47:42
543,166,2396295,tot_remote,medium,2025-01-28 18:47:54
677,3,4048832,temp_remote,easy,2025-01-28 18:48:06
2867,34,5550686,not_clear_remote,easy,2025-01-28 18:48:42
1644,199,5130439,tot_remote,easy,2025-01-28 18:49:54
1210,331,4125237,tot_remote,easy,2025-01-28 18:51:18
1556,3,2960425,not_clear_remote,medium,2025-01-28 18:53:00
2677,133,5643257,not_remote,hard,2025-01-28 18:53:06
1889,298,1229308,tot_remote,easy,2025-01-28 18:54:42
3268,5,5102033,not_remote,easy,2025-01-28 18:56:00
15,133,5363905,tot_remote,easy,2025-01-28 18:56:36
3241,5,4148993,semi_remote,easy,2025-01-28 18:56:48
1067,232,4113335,temp_remote,easy,2025-01-28 18:57:42
3851,298,4374462,semi_remote,easy,2025-01-28 19:00:30
5049,331,4068888,temp_remote,easy,2025-01-28 19:01:12
4029,166,5182696,semi_remote,easy,2025-01-28 19:01:36
3823,166,5105266,semi_remote,medium,2025-01-28 19:05:06
2938,199,5609135,semi_remote,easy,2025-01-28 19:05:18
1008,67,5085045,tot_remote,easy,2025-01-28 19:05:42
952,5,2970634,tot_remote,easy,2025-01-28 19:05:54
699,232,2976281,tot_remote,easy,2025-01-28 19:08:30
2655,34,2157663,not_clear_remote,easy,2025-01-28 19:10:00
2345,133,5368924,not_remote,medium,2025-01-28 19:11:48
3387,232,4111934,tot_remote,easy,2025-01-28 19:13:06
39,232,4145974,temp_remote,easy,2025-01-28 19:13:18
4143,2,1820678,not_clear_remote,easy,2025-01-28 19:13:30
2200,5,4152564,semi_remote,easy,2025-01-28 19:14:00
1392,166,5113918,semi_presence,medium,2025-01-28 19:16:24
4604,331,5347190,not_clear_remote,easy,2025-01-28 19:17:42
879,5,5489104,not_remote,easy,2025-01-28 19:18:12
1600,232,5491366,not_remote,easy,2025-01-28 19:20:42
50,67,2972425,tot_remote,easy,2025-01-28 19:21:48
2536,100,5067496,not_clear_remote,medium,2025-01-28 19:22:06
4462,133,4243640,not_remote,medium,2025-01-28 19:22:12
3774,232,4022301,tot_remote,easy,2025-01-28 19:22:18
4716,67,4258989,not_clear_remote,medium,2025-01-28 19:22:42
69,34,4081717,temp_remote,easy,2025-01-28 19:23:54
200,298,4117170,temp_remote,easy,2025-01-28 19:26:00
2362,133,4131428,tot_remote,easy,2025-01-28 19:26:24
2188,298,5268776,semi_presence,easy,2025-01-28 19:26:42
3979,265,4115993,semi_remote,easy,2025-01-28 19:28:18
2754,298,4112536,tot_remote,easy,2025-01-28 19:29:36
4057,3,5431806,not_clear_remote,medium,2025-01-28 19:30:00
5106,199,5568409,semi_presence,medium,2025-01-28 19:30:12
2402,5,5168519,not_remote,easy,2025-01-28 19:31:00
2061,5,5092561,semi_presence,medium,2025-01-28 19:31:48
1976,232,4247236,tot_remote,easy,2025-01-28 19:32:30
2080,232,5248816,not_clear_remote,easy,2025-01-28 19:33:06
1404,232,4492843,semi_remote,easy,2025-01-28 19:33:24
2157,166,3673314,not_remote,medium,2025-01-28 19:35:06
3783,3,4138915,tot_remote,easy,2025-01-28 19:35:42
4835,166,3863421,semi_remote,medium,2025-01-28 19:38:06
4901,331,4129894,not_clear_remote,medium,2025-01-28 19:38:30
1784,3,5150096,semi_remote,easy,2025-01-28 19:40:24
4357,34,4584105,not_clear_remote,easy,2025-01-28 19:40:48
4273,67,4065153,not_remote,easy,2025-01-28 19:41:00
1551,5,4107331,not_remote,easy,2025-01-28 19:42:30
4191,265,5596317,semi_presence,easy,2025-01-28 19:43:00
4131,2,336912,tot_remote,medium,2025-01-28 19:45:48
4891,100,4065375,tot_remote,easy,2025-01-28 19:45:54
3009,199,5302946,semi_remote,medium,2025-01-28 19:46:24
3124,331,468628,tot_remote,easy,2025-01-28 19:46:30
3574,298,4250546,tot_remote,easy,2025-01-28 19:46:30
2255,5,5179417,semi_presence,easy,2025-01-28 19:47:48
1565,3,5496580,tot_remote,easy,2025-01-28 19:48:12
1122,232,5262669,semi_presence,easy,2025-01-28 19:48:54
1440,232,4110705,tot_remote,easy,2025-01-28 19:49:54
4729,199,5616056,not_clear_remote,easy,2025-01-28 19:50:54
3617,5,997055,not_remote,easy,2025-01-28 19:51:54
663,3,3237326,tot_remote,easy,2025-01-28 19:52:00
3611,34,4405493,not_clear_remote,easy,2025-01-28 19:53:12
3923,5,4041683,tot_remote,easy,2025-01-28 19:56:06
2985,133,3297693,not_remote,medium,2025-01-28 19:56:36
3846,133,1196291,not_remote,easy,2025-01-28 19:57:06
1400,3,4064001,temp_remote,easy,2025-01-28 19:57:42
2122,232,5581051,semi_presence,easy,2025-01-28 20:00:12
4261,232,4036797,not_clear_remote,easy,2025-01-28 20:00:24
3621,34,5097799,tot_remote,easy,2025-01-28 20:03:30
3894,265,803097,temp_remote,easy,2025-01-28 20:04:30
1840,3,5596362,semi_presence,easy,2025-01-28 20:04:54
374,67,5424605,semi_remote,medium,2025-01-28 20:06:24
182,3,4136592,temp_remote,easy,2025-01-28 20:06:48
2414,298,5597409,semi_remote,medium,2025-01-28 20:07:12
3397,5,4143774,not_remote,easy,2025-01-28 20:08:12
4661,199,3761783,not_remote,easy,2025-01-28 20:08:24
5018,5,5594366,semi_presence,easy,2025-01-28 20:08:54
3276,100,4066655,tot_remote,easy,2025-01-28 20:09:12
381,34,5200102,semi_remote,easy,2025-01-28 20:10:48
2922,199,4090430,tot_remote,easy,2025-01-28 20:11:12
4537,3,5456294,semi_remote,medium,2025-01-28 20:11:36
3857,265,5493129,semi_remote,easy,2025-01-28 20:12:00
4116,34,1958386,semi_presence,easy,2025-01-28 20:12:30
4115,199,1638212,semi_presence,easy,2025-01-28 20:13:42
1909,3,5082091,semi_presence,easy,2025-01-28 20:14:06
3327,133,5478897,not_clear_remote,medium,2025-01-28 20:15:36
3167,3,5224329,not_clear_remote,medium,2025-01-28 20:16:00
2040,133,5271301,not_clear_remote,easy,2025-01-28 20:16:36
1529,2,3025914,not_remote,easy,2025-01-28 20:17:30
1384,232,5537049,tot_remote,easy,2025-01-28 20:17:54
2287,133,4658664,temp_remote,easy,2025-01-28 20:18:18
394,5,4336286,not_clear_remote,easy,2025-01-28 20:20:30
4944,34,5426881,not_clear_remote,easy,2025-01-28 20:22:06
4867,133,4046891,not_remote,medium,2025-01-28 20:22:18
2214,166,4090858,tot_remote,easy,2025-01-28 20:22:18
1855,34,4058541,tot_remote,easy,2025-01-28 20:22:30
133,298,5275671,semi_remote,easy,2025-01-28 20:22:42
4809,166,4105810,semi_remote,medium,2025-01-28 20:23:06
2126,265,4046927,tot_remote,easy,2025-01-28 20:24:24
3010,232,423533,not_remote,easy,2025-01-28 20:26:24
201,3,4107884,tot_remote,easy,2025-01-28 20:27:06
2281,298,4106615,tot_remote,easy,2025-01-28 20:27:48
1867,5,4129894,semi_presence,easy,2025-01-28 20:29:30
2610,5,4098569,temp_remote,medium,2025-01-28 20:29:42
2079,3,5072728,tot_remote,easy,2025-01-28 20:29:42
4522,331,4031283,temp_remote,easy,2025-01-28 20:31:24
2129,67,3269802,semi_remote,easy,2025-01-28 20:32:18
3037,100,5377926,not_clear_remote,medium,2025-01-28 20:32:18
3129,3,3988260,temp_remote,easy,2025-01-28 20:32:24
2121,2,4057269,temp_remote,easy,2025-01-28 20:35:48
1371,232,2356333,not_remote,easy,2025-01-28 20:36:24
1638,199,2846881,not_remote,easy,2025-01-28 20:37:00
904,166,4459794,semi_remote,easy,2025-01-28 20:37:24
2760,265,3819904,semi_remote,medium,2025-01-28 20:37:48
634,232,4148338,semi_presence,easy,2025-01-28 20:37:54
389,34,4061940,temp_remote,easy,2025-01-28 20:38:06
4008,199,4267590,tot_remote,medium,2025-01-28 20:38:42
1472,232,4141476,not_clear_remote,hard,2025-01-28 20:41:48
2670,133,5482953,not_remote,easy,2025-01-28 20:42:06
3030,232,5270587,semi_presence,medium,2025-01-28 20:42:36
3567,133,3817011,not_remote,medium,2025-01-28 20:44:00
3270,5,5286086,not_clear_remote,medium,2025-01-28 20:44:36
1253,3,1052112,semi_presence,easy,2025-01-28 20:45:24
4219,265,5151815,semi_presence,easy,2025-01-28 20:45:36
4178,331,3941406,tot_remote,easy,2025-01-28 20:47:18
4370,133,4580219,temp_remote,easy,2025-01-28 20:48:24
1165,232,5349545,tot_remote,easy,2025-01-28 20:50:12
1690,298,5315992,semi_remote,easy,2025-01-28 20:50:18
4354,166,2792818,semi_presence,easy,2025-01-28 20:50:36
2878,199,771708,tot_remote,easy,2025-01-28 20:52:42
3121,298,5602344,semi_remote,easy,2025-01-28 20:53:12
651,166,785636,tot_remote,medium,2025-01-28 20:53:12
1352,34,3269802,semi_remote,easy,2025-01-28 20:53:30
340,331,4336286,not_clear_remote,easy,2025-01-28 20:54:00
5109,133,4115829,not_clear_remote,easy,2025-01-28 20:55:06
3748,100,4455487,temp_remote,medium,2025-01-28 20:55:36
1495,232,4155156,tot_remote,easy,2025-01-28 20:56:36
4061,166,5158851,semi_remote,medium,2025-01-28 20:58:18
1011,232,4555988,not_clear_remote,easy,2025-01-28 20:59:06
3380,67,2774427,not_clear_remote,medium,2025-01-28 21:00:06
1133,34,5500728,tot_remote,easy,2025-01-28 21:00:36
3428,166,4154962,temp_remote,easy,2025-01-28 21:00:48
2794,3,4064633,tot_remote,easy,2025-01-28 21:01:06
2410,298,4061619,semi_remote,easy,2025-01-28 21:01:18
678,34,4106663,tot_remote,easy,2025-01-28 21:02:00
4639,5,4182106,tot_remote,easy,2025-01-28 21:02:42
2189,5,3834686,not_clear_remote,medium,2025-01-28 21:04:30
3296,265,5161545,semi_presence,medium,2025-01-28 21:06:18
4775,133,5596312,semi_presence,easy,2025-01-28 21:08:12
2014,166,5167070,semi_remote,medium,2025-01-28 21:09:18
2487,3,5229139,not_remote,easy,2025-01-28 21:09:48
2928,34,5594576,semi_presence,easy,2025-01-28 21:11:42
2847,34,1775438,tot_remote,easy,2025-01-28 21:11:48
1553,265,4045500,tot_remote,easy,2025-01-28 21:12:54
4296,331,4141501,temp_remote,medium,2025-01-28 21:13:12
3759,232,4084064,temp_remote,easy,2025-01-28 21:14:30
3057,3,5078573,tot_remote,easy,2025-01-28 21:14:42
1609,232,5089303,semi_remote,easy,2025-01-28 21:16:12
3584,232,4173323,tot_remote,easy,2025-01-28 21:18:18
4388,5,4104471,not_clear_remote,medium,2025-01-28 21:18:30
2688,298,3690248,semi_remote,easy,2025-01-28 21:18:42
2145,331,4349801,not_remote,easy,2025-01-28 21:20:30
1622,199,5294337,tot_remote,medium,2025-01-28 21:21:24
1027,5,4201628,semi_presence,easy,2025-01-28 21:26:24
3177,133,5006479,semi_presence,medium,2025-01-28 21:26:30
4660,34,815240,not_remote,easy,2025-01-28 21:27:24
664,100,2775405,tot_remote,easy,2025-01-28 21:27:42
1051,5,4349801,not_remote,easy,2025-01-28 21:27:48
3354,265,5174855,not_remote,easy,2025-01-28 21:28:48
2147,298,4059705,not_remote,medium,2025-01-28 21:29:06
3742,3,5592968,semi_remote,easy,2025-01-28 21:30:30
4515,298,4087796,semi_remote,easy,2025-01-28 21:30:36
3915,199,5563467,not_remote,medium,2025-01-28 21:32:24
25,34,5558105,not_clear_remote,easy,2025-01-28 21:32:30
1345,2,1053595,temp_remote,easy,2025-01-28 21:32:54
3644,166,5273215,semi_remote,easy,2025-01-28 21:34:06
3065,5,4169831,tot_remote,easy,2025-01-28 21:36:18
595,133,5489104,not_remote,easy,2025-01-28 21:37:18
1479,34,4298512,temp_remote,easy,2025-01-28 21:37:36
1369,331,5309199,not_clear_remote,easy,2025-01-28 21:37:42
2623,232,4368453,tot_remote,easy,2025-01-28 21:38:30
2554,133,5589868,semi_presence,easy,2025-01-28 21:39:06
3355,232,616151,semi_remote,easy,2025-01-28 21:39:48
610,5,4371110,not_remote,easy,2025-01-28 21:41:48
4730,331,2046108,tot_remote,easy,2025-01-28 21:43:30
3190,166,5187771,semi_remote,medium,2025-01-28 21:45:30
880,331,5319863,not_clear_remote,easy,2025-01-28 21:46:42
3232,199,5108330,tot_remote,easy,2025-01-28 21:47:54
1142,5,3074608,not_remote,easy,2025-01-28 21:47:54
2761,67,5579945,semi_presence,easy,2025-01-28 21:50:18
2219,298,4054970,tot_remote,easy,2025-01-28 21:51:00
1848,166,4033604,tot_remote,easy,2025-01-28 21:51:12
2646,331,4103017,tot_remote,easy,2025-01-28 21:51:18
4314,199,4328136,tot_remote,easy,2025-01-28 21:51:54
1764,133,5629426,not_clear_remote,hard,2025-01-28 21:52:00
1968,133,3507578,not_remote,medium,2025-01-28 21:52:18
291,100,553635,not_remote,easy,2025-01-28 21:53:48
1403,5,4100056,temp_remote,easy,2025-01-28 21:55:06
722,265,2581060,not_remote,easy,2025-01-28 21:56:18
2924,5,3110203,tot_remote,easy,2025-01-28 21:57:00
1750,133,5650140,not_remote,medium,2025-01-28 21:57:18
1172,298,5341544,not_remote,medium,2025-01-28 21:57:54
1885,232,4377001,semi_remote,easy,2025-01-28 21:59:00
373,2,5593238,semi_presence,easy,2025-01-28 22:00:12
3676,199,4058452,temp_remote,easy,2025-01-28 22:01:12
3155,133,5406944,semi_presence,easy,2025-01-28 22:01:30
76,331,4135511,semi_presence,medium,2025-01-28 22:01:54
2241,34,5228261,not_remote,easy,2025-01-28 22:04:24
2075,5,5589832,semi_presence,easy,2025-01-28 22:07:30
4745,331,4152564,not_clear_remote,medium,2025-01-28 22:08:36
4262,67,1019429,tot_remote,hard,2025-01-28 22:09:54
954,232,4163842,temp_remote,easy,2025-01-28 22:10:48
1820,265,4097277,tot_remote,easy,2025-01-28 22:11:30
901,232,4098535,temp_remote,easy,2025-01-28 22:11:42
1333,133,4562751,semi_remote,easy,2025-01-28 22:12:00
3911,199,5114917,not_clear_remote,easy,2025-01-28 22:12:06
1175,298,3594409,tot_remote,easy,2025-01-28 22:14:24
4427,34,4105646,not_clear_remote,easy,2025-01-28 22:15:18
3560,5,5593404,semi_presence,easy,2025-01-28 22:16:24
4396,5,5151809,not_clear_remote,easy,2025-01-28 22:17:36
1143,331,4059268,temp_remote,easy,2025-01-28 22:17:42
3789,3,4005026,tot_remote,easy,2025-01-28 22:17:42
4264,2,5265590,not_clear_remote,easy,2025-01-28 22:18:30
3903,265,2433489,temp_remote,easy,2025-01-28 22:18:48
4473,133,5457855,not_clear_remote,medium,2025-01-28 22:19:30
4703,100,4155120,tot_remote,easy,2025-01-28 22:20:12
4253,2,4335523,tot_remote,easy,2025-01-28 22:21:06
3468,199,5103225,semi_remote,easy,2025-01-28 22:21:36
897,298,633135,tot_remote,easy,2025-01-28 22:22:54
2805,34,3957547,semi_presence,easy,2025-01-28 22:26:06
1072,331,5012325,not_clear_remote,easy,2025-01-28 22:26:18
4106,166,4175353,tot_remote,easy,2025-01-28 22:29:18
4986,265,4149388,temp_remote,easy,2025-01-28 22:29:48
3297,265,4388522,semi_presence,hard,2025-01-28 22:30:06
3233,34,1021201,not_clear_remote,medium,2025-01-28 22:30:48
1998,100,4144354,temp_remote,medium,2025-01-28 22:31:24
4963,5,4048393,not_clear_remote,medium,2025-01-28 22:31:30
1373,199,5326669,not_remote,easy,2025-01-28 22:31:42
4186,133,4466529,tot_remote,medium,2025-01-28 22:33:30
4486,133,3114161,not_remote,easy,2025-01-28 22:34:06
4681,3,4331060,semi_remote,easy,2025-01-28 22:36:06
3697,298,5066187,semi_remote,medium,2025-01-28 22:36:06
1016,166,4124081,tot_remote,easy,2025-01-28 22:37:12
1880,331,4138119,semi_presence,easy,2025-01-28 22:37:24
1195,265,4095979,tot_remote,easy,2025-01-28 22:39:12
1480,5,4063006,tot_remote,medium,2025-01-28 22:40:24
540,199,3694308,not_clear_remote,easy,2025-01-28 22:40:24
558,232,4575409,not_clear_remote,easy,2025-01-28 22:40:54
1965,5,5141713,semi_presence,easy,2025-01-28 22:42:30
4001,67,4117215,tot_remote,easy,2025-01-28 22:43:06
2725,199,5337048,not_clear_remote,easy,2025-01-28 22:43:18
5103,34,5377926,not_clear_remote,easy,2025-01-28 22:43:36
1672,232,5589079,semi_presence,easy,2025-01-28 22:45:30
5000,100,4126981,tot_remote,easy,2025-01-28 22:45:36
1348,232,4087719,temp_remote,medium,2025-01-28 22:45:48
1204,133,4153022,tot_remote,easy,2025-01-28 22:47:54
3201,298,4178758,semi_remote,easy,2025-01-28 22:49:06
4364,232,5450080,semi_presence,easy,2025-01-28 22:51:24
1055,166,5537478,semi_remote,easy,2025-01-28 22:52:00
3314,199,5153768,not_remote,medium,2025-01-28 22:52:12
2798,3,603231,not_remote,easy,2025-01-28 22:52:36
2963,199,4103364,tot_remote,easy,2025-01-28 22:52:42
994,3,5219967,semi_presence,medium,2025-01-28 22:54:12
4071,133,4154455,not_clear_remote,medium,2025-01-28 22:55:06
944,3,4103506,tot_remote,easy,2025-01-28 22:55:42
3784,331,5379119,semi_presence,easy,2025-01-28 22:55:48
2967,133,4084163,temp_remote,easy,2025-01-28 22:56:42
1298,5,3264586,not_remote,easy,2025-01-28 22:56:48
829,34,4356955,tot_remote,easy,2025-01-28 22:57:36
249,5,5136898,semi_presence,easy,2025-01-28 22:58:54
3590,34,4053751,semi_remote,easy,2025-01-28 22:59:36
912,199,5163228,tot_remote,easy,2025-01-28 23:00:12
438,199,1934818,not_remote,easy,2025-01-28 23:00:42
3777,265,5532210,semi_presence,easy,2025-01-28 23:02:18
476,133,5569201,semi_presence,easy,2025-01-28 23:03:12
4779,100,5408366,semi_remote,easy,2025-01-28 23:03:12
4758,166,5098304,tot_remote,easy,2025-01-28 23:06:36
3570,100,4153905,tot_remote,easy,2025-01-28 23:08:36
3510,232,1053595,semi_presence,easy,2025-01-28 23:09:24
3572,5,5637479,semi_presence,easy,2025-01-28 23:09:42
4603,331,4009629,temp_remote,medium,2025-01-28 23:10:24
2902,2,4103941,not_clear_remote,easy,2025-01-28 23:10:48
277,5,5429755,semi_presence,medium,2025-01-28 23:12:24
2213,100,644622,not_remote,easy,2025-01-28 23:13:06
1282,2,4120831,not_clear_remote,easy,2025-01-28 23:13:18
164,265,5184027,semi_presence,medium,2025-01-28 23:13:36
2678,199,4045589,not_remote,easy,2025-01-28 23:14:06
3044,67,5621351,tot_remote,easy,2025-01-28 23:14:42
4145,298,5638141,semi_remote,easy,2025-01-28 23:15:42
5066,2,3903532,not_remote,easy,2025-01-28 23:16:00
1900,298,4122259,tot_remote,easy,2025-01-28 23:17:54
1652,133,4056365,not_clear_remote,easy,2025-01-28 23:18:00
3195,67,4414170,tot_remote,hard,2025-01-28 23:18:42
1857,67,4356425,semi_remote,easy,2025-01-28 23:19:42
2282,5,468628,not_clear_remote,medium,2025-01-28 23:19:54
3313,3,3316539,not_remote,easy,2025-01-28 23:21:18
3481,3,4339039,tot_remote,easy,2025-01-28 23:22:24
1698,232,3769352,not_remote,easy,2025-01-28 23:23:24
5012,331,297666,not_remote,easy,2025-01-28 23:24:24
1363,133,3904803,tot_remote,easy,2025-01-28 23:24:54
988,133,4106002,temp_remote,easy,2025-01-28 23:26:24
1238,67,584874,tot_remote,easy,2025-01-28 23:27:30
3942,199,5604328,not_clear_remote,easy,2025-01-28 23:30:12
3943,3,5626930,not_clear_remote,medium,2025-01-28 23:30:42
4271,265,3857002,not_remote,medium,2025-01-28 23:31:00
1905,100,4154909,tot_remote,easy,2025-01-28 23:31:12
4531,100,5402293,temp_remote,medium,2025-01-28 23:31:42
1389,5,4031564,semi_remote,easy,2025-01-28 23:32:30
1118,199,4109645,not_remote,easy,2025-01-28 23:32:54
222,133,5191970,tot_remote,easy,2025-01-28 23:32:54
1747,298,5364021,tot_remote,easy,2025-01-28 23:33:18
4847,2,1724598,tot_remote,easy,2025-01-28 23:33:36
2989,5,4155956,semi_presence,easy,2025-01-28 23:34:48
1531,265,4040142,tot_remote,easy,2025-01-28 23:37:42
446,2,4340545,tot_remote,easy,2025-01-28 23:40:18
463,34,2774427,not_remote,easy,2025-01-28 23:40:48
431,331,5033644,not_clear_remote,easy,2025-01-28 23:43:00
1391,232,5308959,semi_remote,easy,2025-01-28 23:43:36
1145,5,4126482,temp_remote,easy,2025-01-28 23:46:12
4972,67,4099436,temp_remote,medium,2025-01-28 23:46:36
2156,3,4323019,semi_remote,easy,2025-01-28 23:46:48
1449,232,3360746,not_remote,easy,2025-01-28 23:47:30
3688,5,5193932,semi_presence,easy,2025-01-28 23:47:48
2718,166,4134078,tot_remote,easy,2025-01-28 23:47:54
3171,265,5271463,semi_presence,easy,2025-01-28 23:48:12
759,133,791114,tot_remote,easy,2025-01-28 23:49:48
3740,232,5478594,not_clear_remote,easy,2025-01-28 23:50:30
3517,199,4297995,tot_remote,easy,2025-01-28 23:51:12
492,100,2456766,tot_remote,medium,2025-01-28 23:51:18
3206,100,4074737,temp_remote,medium,2025-01-28 23:52:18
129,34,5234735,semi_presence,easy,2025-01-28 23:53:48
4649,67,5625212,tot_remote,easy,2025-01-28 23:53:48
3895,34,4070640,temp_remote,easy,2025-01-28 23:54:00
1221,3,5420148,semi_remote,medium,2025-01-28 23:55:54
920,331,5376915,not_clear_remote,easy,2025-01-28 23:56:18
1715,67,4095080,temp_remote,easy,2025-01-28 23:57:12
4637,133,3139391,not_remote,easy,2025-01-28 23:57:42
1496,265,4382079,not_remote,easy,2025-01-28 23:58:18
1471,2,4325160,temp_remote,easy,2025-01-28 23:58:54
339,166,5637133,semi_presence,medium,2025-01-28 23:58:54
965,5,5289378,semi_presence,easy,2025-01-28 23:59:48
1,397,3651421,not_remote,easy,2025-01-29 00:08:48
3,5,3552619,tot_remote,easy,2025-01-29 00:28:48
4,166,4138119,semi_presence,medium,2025-01-29 00:37:48
6,298,4346681,temp_remote,easy,2025-01-29 00:53:48
7,166,4142668,temp_remote,medium,2025-01-29 01:04:48
8,166,5023278,not_remote,medium,2025-01-29 01:19:48
9,3,4237249,temp_remote,medium,2025-01-29 01:26:48
10,5,1864632,not_remote,easy,2025-01-29 01:45:48
16,397,5008769,tot_remote,easy,2025-01-29 01:54:48
17,5,4131428,tot_remote,easy,2025-01-29 02:09:48
18,67,1770558,not_clear_remote,medium,2025-01-29 02:28:48
19,397,5669217,semi_presence,easy,2025-01-29 02:35:48
20,5,5522204,not_remote,easy,2025-01-29 02:40:48
21,397,5119450,tot_remote,easy,2025-01-29 02:46:48
22,298,4097604,semi_remote,easy,2025-01-29 03:05:48
23,67,5184069,tot_remote,medium,2025-01-29 03:19:48
24,5,5597041,not_remote,easy,2025-01-29 03:34:48
26,397,5632920,semi_remote,easy,2025-01-29 03:42:48
28,397,5627052,semi_remote,easy,2025-01-29 03:50:48
30,100,3843280,semi_remote,medium,2025-01-29 04:01:48
31,166,5325080,tot_remote,medium,2025-01-29 04:15:48
33,397,3316539,not_remote,easy,2025-01-29 04:26:48
34,5,4209940,tot_remote,easy,2025-01-29 04:33:48
35,5,4276011,tot_remote,easy,2025-01-29 04:40:48
36,199,5276693,not_clear_remote,easy,2025-01-29 04:48:48
37,5,5553532,not_clear_remote,medium,2025-01-29 05:07:48
38,5,4030726,tot_remote,easy,2025-01-29 05:16:48
40,67,5122869,not_clear_remote,medium,2025-01-29 05:21:48
41,5,5613342,not_clear_remote,hard,2025-01-29 05:39:48
44,133,4104471,semi_presence,medium,2025-01-29 05:57:48
45,5,5561542,semi_presence,easy,2025-01-29 06:13:48
46,5,4141475,tot_remote,easy,2025-01-29 06:23:48
48,34,4623183,not_remote,easy,2025-01-29 06:40:48
49,298,5569230,semi_presence,easy,2025-01-29 06:48:48
51,100,5551953,semi_remote,easy,2025-01-29 06:59:48
53,100,4120549,semi_remote,medium,2025-01-29 07:14:48
54,67,5300884,not_remote,easy,2025-01-29 07:29:48
55,5,5217530,not_remote,easy,2025-01-29 07:39:48
56,5,5129487,not_clear_remote,medium,2025-01-29 07:55:48
57,166,5386087,semi_remote,medium,2025-01-29 08:01:48
58,397,4173323,tot_remote,easy,2025-01-29 08:17:48
59,133,5335223,not_clear_remote,medium,2025-01-29 08:26:48
60,67,4120515,tot_remote,easy,2025-01-29 08:33:48
61,298,3003811,not_remote,easy,2025-01-29 08:38:48
63,5,4046215,temp_remote,easy,2025-01-29 08:49:48
64,397,2694178,not_clear_remote,easy,2025-01-29 08:56:48
65,100,4055412,not_clear_remote,medium,2025-01-29 09:06:48
66,5,5263015,semi_presence,easy,2025-01-29 09:23:48
70,5,5006479,semi_presence,medium,2025-01-29 09:28:48
71,331,4371110,not_remote,easy,2025-01-29 09:45:48
72,232,5086664,tot_remote,easy,2025-01-29 10:04:48
73,166,5356697,semi_remote,easy,2025-01-29 10:20:48
74,265,415008,tot_remote,medium,2025-01-29 10:38:48
75,3,4053838,tot_remote,easy,2025-01-29 10:45:48
77,298,5628292,semi_remote,easy,2025-01-29 10:59:48
78,166,3552179,tot_remote,medium,2025-01-29 11:15:48
79,298,4078570,tot_remote,easy,2025-01-29 11:33:48
80,298,2687267,semi_remote,medium,2025-01-29 11:46:48
82,67,4144254,not_clear_remote,medium,2025-01-29 11:59:48
83,5,5049108,not_clear_remote,easy,2025-01-29 12:19:48
84,133,4315526,not_clear_remote,hard,2025-01-29 12:32:48
85,166,2918898,not_remote,easy,2025-01-29 12:42:48
86,34,4132147,tot_remote,easy,2025-01-29 12:59:48
87,166,5476244,not_clear_remote,medium,2025-01-29 13:06:48
90,265,5232095,tot_remote,easy,2025-01-29 13:24:48
93,166,5017505,not_clear_remote,easy,2025-01-29 13:34:48
94,100,4062255,temp_remote,medium,2025-01-29 13:45:48
95,133,1864632,temp_remote,medium,2025-01-29 13:50:48
96,265,4564078,not_remote,easy,2025-01-29 14:03:48
97,133,4443361,not_remote,medium,2025-01-29 14:08:48
98,166,5644928,not_remote,easy,2025-01-29 14:17:48
99,166,4060341,tot_remote,easy,2025-01-29 14:37:48
100,67,4085566,temp_remote,easy,2025-01-29 14:45:48
101,100,2604849,not_clear_remote,medium,2025-01-29 15:00:48
102,5,4142721,not_clear_remote,medium,2025-01-29 15:20:48
103,397,2465149,not_remote,medium,2025-01-29 15:39:48
104,298,4592466,semi_remote,easy,2025-01-29 15:56:48
105,232,4115335,not_remote,easy,2025-01-29 16:10:48
107,199,4047122,tot_remote,easy,2025-01-29 16:26:48
108,331,5531629,not_clear_remote,easy,2025-01-29 16:39:48
110,166,5168784,semi_presence,easy,2025-01-29 16:46:48
112,397,5023278,not_remote,easy,2025-01-29 17:04:48
113,2,4406881,tot_remote,easy,2025-01-29 17:19:48
114,67,5067029,tot_remote,easy,2025-01-29 17:31:48
115,34,4089664,tot_remote,easy,2025-01-29 17:50:48
117,199,4040457,temp_remote,easy,2025-01-29 18:00:48
118,199,4065153,not_clear_remote,easy,2025-01-29 18:20:48
120,133,742847,not_remote,hard,2025-01-29 18:34:48
122,331,4078119,temp_remote,easy,2025-01-29 18:44:48
123,166,5449035,semi_presence,hard,2025-01-29 19:04:48
125,3,5119447,temp_remote,easy,2025-01-29 19:22:48
126,199,4094882,tot_remote,easy,2025-01-29 19:38:48
127,2,4421338,tot_remote,easy,2025-01-29 19:56:48
128,166,5363905,tot_remote,easy,2025-01-29 20:02:48
131,67,5532942,tot_remote,easy,2025-01-29 20:18:48
132,133,3558133,not_remote,hard,2025-01-29 20:33:48
135,397,5623772,tot_remote,easy,2025-01-29 20:51:48
136,67,771792,tot_remote,easy,2025-01-29 21:10:48
138,265,4469063,not_remote,easy,2025-01-29 21:30:48
140,3,4376526,semi_remote,medium,2025-01-29 21:37:48
141,199,584874,tot_remote,easy,2025-01-29 21:55:48
142,199,4389171,not_clear_remote,easy,2025-01-29 22:02:48
143,166,5088234,semi_presence,medium,2025-01-29 22:20:48
145,298,4027335,temp_remote,easy,2025-01-29 22:32:48
146,5,4082802,temp_remote,easy,2025-01-29 22:50:48
147,166,4057457,tot_remote,medium,2025-01-29 22:59:48
149,67,5287918,not_clear_remote,easy,2025-01-29 23:13:48
151,397,3788806,semi_presence,easy,2025-01-29 23:22:48
152,2,4357824,tot_remote,easy,2025-01-29 23:37:48
155,100,5420148,tot_remote,easy,2025-01-29 23:55:48
156,166,4137184,not_clear_remote,easy,2025-01-30 00:11:48
157,397,4152098,tot_remote,easy,2025-01-30 00:29:48
158,3,4119059,semi_presence,easy,2025-01-30 00:43:48
159,67,4252377,semi_presence,easy,2025-01-30 01:02:48
160,5,5082637,tot_remote,easy,2025-01-30 01:07:48
161,133,4082951,not_clear_remote,easy,2025-01-30 01:27:48
162,100,5604693,semi_remote,easy,2025-01-30 01:41:48
163,5,5226990,tot_remote,easy,2025-01-30 01:53:48
165,397,5105266,semi_presence,easy,2025-01-30 02:01:48
166,166,5019635,semi_presence,medium,2025-01-30 02:09:48
167,67,4154899,tot_remote,easy,2025-01-30 02:14:48
168,34,5149509,not_clear_remote,easy,2025-01-30 02:22:48
169,199,4483421,tot_remote,easy,2025-01-30 02:37:48
170,133,5179417,semi_presence,easy,2025-01-30 02:49:48
173,232,336232,not_remote,easy,2025-01-30 03:09:48
174,199,4145408,semi_remote,easy,2025-01-30 03:25:48
176,166,4110235,semi_remote,easy,2025-01-30 03:33:48
177,133,5593404,semi_presence,medium,2025-01-30 03:44:48
179,199,4108812,temp_remote,easy,2025-01-30 03:53:48
180,166,4220354,not_remote,hard,2025-01-30 04:11:48
181,166,4048491,tot_remote,easy,2025-01-30 04:23:48
183,100,5088954,tot_remote,easy,2025-01-30 04:35:48
184,133,4398636,semi_remote,easy,2025-01-30 04:55:48
185,2,5270587,semi_presence,medium,2025-01-30 05:15:48
187,199,5522279,not_clear_remote,medium,2025-01-30 05:25:48
188,331,1605295,not_clear_remote,easy,2025-01-30 05:31:48
189,331,4139762,tot_remote,easy,2025-01-30 05:42:48
191,100,4228559,temp_remote,medium,2025-01-30 05:53:48
192,2,4115335,not_clear_remote,easy,2025-01-30 06:01:48
193,298,3532506,temp_remote,medium,2025-01-30 06:14:48
194,3,5362497,tot_remote,easy,2025-01-30 06:28:48
195,265,4084165,semi_presence,medium,2025-01-30 06:46:48
202,331,5027092,tot_remote,medium,2025-01-30 07:06:48
203,67,5103493,semi_remote,easy,2025-01-30 07:17:48
205,397,352419,not_remote,easy,2025-01-30 07:33:48
206,5,5539037,not_remote,easy,2025-01-30 07:48:48
207,232,4626670,tot_remote,easy,2025-01-30 07:53:48
208,298,4170270,semi_remote,easy,2025-01-30 08:01:48
209,199,4054970,tot_remote,easy,2025-01-30 08:19:48
211,331,5079243,not_clear_remote,easy,2025-01-30 08:34:48
212,232,5474377,not_remote,easy,2025-01-30 08:52:48
213,166,5641273,not_clear_remote,medium,2025-01-30 09:01:48
216,5,5076358,not_remote,easy,2025-01-30 09:09:48
217,100,705640,semi_presence,medium,2025-01-30 09:16:48
220,166,5104466,semi_remote,easy,2025-01-30 09:21:48
221,298,5468775,semi_remote,easy,2025-01-30 09:40:48
225,166,5279028,not_remote,easy,2025-01-30 09:48:48
226,166,5337833,tot_remote,easy,2025-01-30 09:55:48
227,298,3906560,semi_remote,medium,2025-01-30 10:11:48
228,232,2622733,not_remote,easy,2025-01-30 10:27:48
229,166,5616307,semi_remote,easy,2025-01-30 10:38:48
232,265,435591,not_clear_remote,medium,2025-01-30 10:45:48
233,100,5119282,not_remote,easy,2025-01-30 10:51:48
234,5,4087328,not_remote,medium,2025-01-30 11:00:48
236,298,4114728,tot_remote,easy,2025-01-30 11:09:48
239,265,5102488,tot_remote,easy,2025-01-30 11:18:48
240,34,5288091,not_clear_remote,easy,2025-01-30 11:29:48
241,331,3138240,not_remote,easy,2025-01-30 11:43:48
242,166,4051033,tot_remote,easy,2025-01-30 11:51:48
243,34,3786887,not_remote,easy,2025-01-30 12:00:48
245,232,4090716,tot_remote,easy,2025-01-30 12:16:48
247,397,4074940,semi_presence,easy,2025-01-30 12:28:48
248,2,5577328,not_clear_remote,easy,2025-01-30 12:38:48
250,166,4079879,tot_remote,easy,2025-01-30 12:55:48
251,199,4143066,temp_remote,easy,2025-01-30 13:10:48
252,34,5602680,tot_remote,easy,2025-01-30 13:20:48
253,397,5616454,semi_remote,easy,2025-01-30 13:31:48
254,133,5183957,semi_presence,easy,2025-01-30 13:48:48
256,133,4155956,not_clear_remote,medium,2025-01-30 13:53:48
258,3,3385605,semi_presence,easy,2025-01-30 14:10:48
259,397,1052112,semi_presence,easy,2025-01-30 14:26:48
260,100,3765727,not_remote,easy,2025-01-30 14:41:48
261,2,1573461,not_clear_remote,easy,2025-01-30 14:58:48
262,100,5469736,tot_remote,easy,2025-01-30 15:14:48
265,67,4086132,tot_remote,medium,2025-01-30 15:32:48
267,166,4015498,tot_remote,easy,2025-01-30 15:46:48
270,298,209924,tot_remote,easy,2025-01-30 15:53:48
271,166,5010633,not_remote,easy,2025-01-30 16:03:48
272,298,5493129,semi_remote,easy,2025-01-30 16:08:48
273,100,4092881,tot_remote,easy,2025-01-30 16:26:48
274,5,1329452,not_remote,easy,2025-01-30 16:35:48
275,232,5518113,semi_presence,easy,2025-01-30 16:51:48
276,3,458251,tot_remote,easy,2025-01-30 17:09:48
278,166,4132565,tot_remote,easy,2025-01-30 17:19:48
279,67,4170773,tot_remote,hard,2025-01-30 17:24:48
280,232,5497179,semi_remote,easy,2025-01-30 17:29:48
281,166,4225717,tot_remote,easy,2025-01-30 17:47:48
282,166,5651713,semi_presence,easy,2025-01-30 18:00:48
287,133,4074422,temp_remote,easy,2025-01-30 18:14:48
289,331,5546772,not_clear_remote,easy,2025-01-30 18:30:48
290,100,1273495,not_clear_remote,medium,2025-01-30 18:49:48
292,34,4047367,temp_remote,easy,2025-01-30 19:00:48
293,5,5211118,semi_presence,medium,2025-01-30 19:19:48
294,199,5628292,not_clear_remote,medium,2025-01-30 19:35:48
295,166,5594377,semi_presence,medium,2025-01-30 19:49:48
296,298,4031869,temp_remote,easy,2025-01-30 20:08:48
297,232,4132165,tot_remote,easy,2025-01-30 20:19:48
298,298,5114917,semi_remote,easy,2025-01-30 20:27:48
299,166,4088144,temp_remote,easy,2025-01-30 20:41:48
300,100,5321983,semi_remote,easy,2025-01-30 20:52:48
302,331,568275,tot_remote,easy,2025-01-30 21:11:48
304,298,5194904,semi_remote,easy,2025-01-30 21:23:48
305,3,4661089,not_clear_remote,medium,2025-01-30 21:28:48
306,67,5108330,tot_remote,easy,2025-01-30 21:48:48
307,133,4374321,tot_remote,medium,2025-01-30 21:54:48
308,166,4065088,tot_remote,easy,2025-01-30 21:59:48
309,100,4099614,tot_remote,easy,2025-01-30 22:10:48
310,199,5510937,semi_presence,easy,2025-01-30 22:17:48
313,5,5012325,semi_presence,easy,2025-01-30 22:29:48
314,166,5298346,semi_presence,medium,2025-01-30 22:36:48
315,298,5169220,temp_remote,easy,2025-01-30 22:51:48
316,67,5411506,not_clear_remote,medium,2025-01-30 23:01:48
317,34,5596358,semi_presence,easy,2025-01-30 23:19:48
318,2,4605819,not_clear_remote,easy,2025-01-30 23:32:48
319,265,1329478,tot_remote,easy,2025-01-30 23:43:48
320,166,5302371,not_clear_remote,hard,2025-01-31 00:01:48
321,100,1372007,semi_remote,easy,2025-01-31 00:15:48
322,67,3985636,not_remote,easy,2025-01-31 00:33:48
323,166,4630063,tot_remote,medium,2025-01-31 00:53:48
325,67,416778,tot_remote,easy,2025-01-31 01:01:48
327,166,4117738,tot_remote,easy,2025-01-31 01:19:48
328,166,5172970,semi_presence,easy,2025-01-31 01:33:48
330,232,5447417,tot_remote,easy,2025-01-31 01:45:48
331,232,5362625,semi_presence,easy,2025-01-31 01:53:48
332,199,5651291,not_clear_remote,easy,2025-01-31 02:10:48
333,199,5384657,not_clear_remote,easy,2025-01-31 02:25:48
335,100,5659244,semi_remote,easy,2025-01-31 02:41:48
336,166,4078642,semi_remote,easy,2025-01-31 03:00:48
337,331,5140727,tot_remote,easy,2025-01-31 03:18:48
342,166,3831000,not_remote,medium,2025-01-31 03:30:48
343,397,5552829,semi_presence,easy,2025-01-31 03:39:48
344,100,5296726,semi_remote,easy,2025-01-31 03:45:48
345,5,4509197,not_remote,easy,2025-01-31 03:50:48
346,331,4145039,semi_remote,easy,2025-01-31 03:58:48
347,34,5512076,semi_presence,easy,2025-01-31 04:18:48
348,265,4146602,tot_remote,easy,2025-01-31 04:33:48
349,67,5200020,semi_remote,easy,2025-01-31 04:53:48
350,133,4380670,semi_remote,easy,2025-01-31 05:03:48
351,397,3368420,not_remote,easy,2025-01-31 05:21:48
352,166,5596367,semi_presence,easy,2025-01-31 05:38:48
353,166,5125697,semi_remote,easy,2025-01-31 05:51:48
354,100,5224329,tot_remote,easy,2025-01-31 06:02:48
357,166,4127626,tot_remote,easy,2025-01-31 06:22:48
359,397,2822600,not_remote,easy,2025-01-31 06:42:48
360,133,3982755,not_remote,easy,2025-01-31 06:47:48
361,133,5637581,semi_presence,easy,2025-01-31 06:59:48
362,331,5217497,not_remote,hard,2025-01-31 07:13:48
363,298,5594445,semi_remote,easy,2025-01-31 07:27:48
364,34,2456766,not_clear_remote,easy,2025-01-31 07:36:48
365,166,4492843,semi_remote,easy,2025-01-31 07:56:48
366,2,376771,semi_remote,easy,2025-01-31 08:12:48
368,34,5449583,semi_presence,medium,2025-01-31 08:27:48
369,298,5542576,semi_remote,easy,2025-01-31 08:44:48
370,199,4232951,tot_remote,easy,2025-01-31 08:51:48
371,331,3788824,tot_remote,easy,2025-01-31 08:58:48
372,5,5057448,semi_remote,easy,2025-01-31 09:06:48
375,133,5102033,not_remote,easy,2025-01-31 09:21:48
376,232,225675,tot_remote,easy,2025-01-31 09:29:48
379,331,4326216,not_clear_remote,easy,2025-01-31 09:34:48
380,3,4566314,not_clear_remote,easy,2025-01-31 09:48:48
382,34,5628480,semi_remote,easy,2025-01-31 10:05:48
383,265,5633750,not_remote,medium,2025-01-31 10:14:48
386,331,5226990,tot_remote,easy,2025-01-31 10:29:48
390,133,5273892,not_clear_remote,medium,2025-01-31 10:49:48
391,166,4077822,not_clear_remote,easy,2025-01-31 10:59:48
393,5,5282257,tot_remote,easy,2025-01-31 11:19:48
395,166,4131744,temp_remote,easy,2025-01-31 11:28:48
396,397,2161564,not_clear_remote,easy,2025-01-31 11:33:48
399,331,5643238,not_clear_remote,medium,2025-01-31 11:39:48
400,232,3899880,tot_remote,easy,2025-01-31 11:49:48
404,166,4518318,temp_remote,easy,2025-01-31 12:00:48
405,67,5234735,tot_remote,easy,2025-01-31 12:08:48
406,166,5535733,semi_presence,easy,2025-01-31 12:25:48
409,331,5095839,not_clear_remote,easy,2025-01-31 12:40:48
411,5,5394574,tot_remote,easy,2025-01-31 12:58:48
412,166,4046891,not_remote,medium,2025-01-31 13:18:48
413,34,5572833,not_remote,easy,2025-01-31 13:31:48
414,298,3028927,tot_remote,easy,2025-01-31 13:36:48
415,397,4154962,temp_remote,easy,2025-01-31 13:55:48
416,265,4488655,semi_remote,easy,2025-01-31 14:09:48
417,67,4637089,not_remote,easy,2025-01-31 14:22:48
418,166,5010796,tot_remote,medium,2025-01-31 14:34:48
421,34,3052475,semi_remote,easy,2025-01-31 14:45:48
422,5,5587649,not_remote,easy,2025-01-31 15:03:48
423,5,4576725,tot_remote,easy,2025-01-31 15:19:48
424,298,4085147,tot_remote,easy,2025-01-31 15:36:48
425,166,4132152,temp_remote,easy,2025-01-31 15:41:48
426,232,4138034,tot_remote,easy,2025-01-31 16:00:48
427,5,4122162,tot_remote,easy,2025-01-31 16:19:48
430,166,3789097,semi_presence,easy,2025-01-31 16:37:48
432,166,5057030,tot_remote,easy,2025-01-31 16:50:48
434,265,5326231,tot_remote,easy,2025-01-31 16:56:48
435,265,5148137,tot_remote,easy,2025-01-31 17:08:48
436,34,4141757,tot_remote,easy,2025-01-31 17:27:48
437,265,5088234,semi_presence,medium,2025-01-31 17:47:48
439,298,5624781,temp_remote,easy,2025-01-31 17:55:48
440,133,5467723,tot_remote,easy,2025-01-31 18:05:48
441,166,5626930,not_clear_remote,medium,2025-01-31 18:20:48
442,5,4187248,not_remote,medium,2025-01-31 18:28:48
443,2,4097094,tot_remote,easy,2025-01-31 18:36:48
444,298,4151122,semi_remote,easy,2025-01-31 18:55:48
445,100,4151476,not_remote,medium,2025-01-31 19:11:48
447,3,5637082,tot_remote,easy,2025-01-31 19:18:48
449,67,5469382,semi_remote,hard,2025-01-31 19:27:48
450,166,5548232,semi_remote,easy,2025-01-31 19:34:48
451,397,3403146,tot_remote,easy,2025-01-31 19:42:48
452,397,1287782,not_remote,easy,2025-01-31 20:02:48
455,67,3370825,not_remote,hard,2025-01-31 20:22:48
456,34,5407720,not_clear_remote,easy,2025-01-31 20:33:48
458,166,5301965,tot_remote,easy,2025-01-31 20:49:48
459,67,5494353,semi_remote,easy,2025-01-31 21:05:48
460,397,3713033,not_remote,easy,2025-01-31 21:10:48
461,133,5302371,not_clear_remote,hard,2025-01-31 21:25:48
462,331,1300923,not_clear_remote,easy,2025-01-31 21:33:48
464,265,5572412,tot_remote,easy,2025-01-31 21:52:48
467,199,5146250,not_remote,easy,2025-01-31 22:11:48
468,331,3552619,tot_remote,easy,2025-01-31 22:23:48
469,5,4038145,temp_remote,easy,2025-01-31 22:31:48
473,331,4054188,semi_presence,easy,2025-01-31 22:40:48
475,166,4073936,tot_remote,medium,2025-01-31 22:45:48
477,199,5063213,not_remote,medium,2025-01-31 22:51:48
478,265,5424012,semi_presence,medium,2025-01-31 23:02:48
479,3,4298965,semi_remote,easy,2025-01-31 23:12:48
480,166,5488873,not_remote,hard,2025-01-31 23:29:48
481,34,4040496,not_remote,easy,2025-01-31 23:42:48
483,232,5518070,tot_remote,easy,2025-02-01 00:00:48
484,2,2022307,not_remote,easy,2025-02-01 00:12:48
485,298,2970648,tot_remote,easy,2025-02-01 00:25:48
486,100,5577019,semi_remote,easy,2025-02-01 00:35:48
487,199,4198302,semi_presence,easy,2025-02-01 00:47:48
489,232,4656002,tot_remote,easy,2025-02-01 00:53:48
490,232,4095136,temp_remote,easy,2025-02-01 01:12:48
491,232,5608610,tot_remote,easy,2025-02-01 01:30:48
494,331,4269401,tot_remote,easy,2025-02-01 01:42:48
496,232,4082085,tot_remote,easy,2025-02-01 01:53:48
497,2,4111939,tot_remote,easy,2025-02-01 01:59:48
499,331,5286086,semi_remote,easy,2025-02-01 02:04:48
500,199,5462833,not_clear_remote,easy,2025-02-01 02:17:48
501,5,4225835,not_remote,easy,2025-02-01 02:22:48
502,166,5534708,semi_remote,easy,2025-02-01 02:41:48
503,67,3957547,semi_presence,medium,2025-02-01 02:46:48
505,67,4080151,tot_remote,easy,2025-02-01 02:58:48
506,3,4089763,tot_remote,easy,2025-02-01 03:08:48
507,166,4131805,semi_remote,medium,2025-02-01 03:14:48
508,397,4585061,not_remote,easy,2025-02-01 03:23:48
510,34,3353148,semi_presence,easy,2025-02-01 03:38:48
511,265,4182902,temp_remote,easy,2025-02-01 03:50:48
512,34,4087866,temp_remote,easy,2025-02-01 04:01:48
513,298,4094882,tot_remote,medium,2025-02-01 04:08:48
514,298,4064160,temp_remote,medium,2025-02-01 04:18:48
515,100,5594277,semi_remote,easy,2025-02-01 04:37:48
516,67,951707,tot_remote,easy,2025-02-01 04:56:48
517,298,5557597,semi_remote,medium,2025-02-01 05:05:48
521,232,3862466,not_clear_remote,medium,2025-02-01 05:15:48
523,298,1016474,not_remote,easy,2025-02-01 05:32:48
527,100,3516899,tot_remote,easy,2025-02-01 05:50:48
528,232,3865348,not_remote,hard,2025-02-01 06:05:48
529,5,3994615,not_remote,medium,2025-02-01 06:20:48
530,331,3587792,not_remote,easy,2025-02-01 06:37:48
531,5,5406944,semi_remote,easy,2025-02-01 06:51:48
534,3,5103856,not_remote,easy,2025-02-01 07:06:48
535,232,4209221,tot_remote,easy,2025-02-01 07:12:48
537,166,565539,tot_remote,easy,2025-02-01 07:24:48
538,331,5252603,not_remote,easy,2025-02-01 07:32:48
542,232,4105245,tot_remote,easy,2025-02-01 07:37:48
544,199,4105455,semi_remote,easy,2025-02-01 07:51:48
545,298,3116694,semi_remote,easy,2025-02-01 08:04:48
546,3,5008239,not_clear_remote,easy,2025-02-01 08:18:48
547,298,4052797,tot_remote,easy,2025-02-01 08:30:48
551,100,4389427,tot_remote,easy,2025-02-01 08:39:48
552,100,3792939,not_remote,easy,2025-02-01 08:46:48
553,3,4077822,not_clear_remote,easy,2025-02-01 09:02:48
555,265,4135776,tot_remote,easy,2025-02-01 09:17:48
556,397,1995844,tot_remote,easy,2025-02-01 09:37:48
557,232,5471063,semi_remote,easy,2025-02-01 09:56:48
560,232,4575409,not_clear_remote,easy,2025-02-01 10:01:48
561,199,4398812,semi_remote,easy,2025-02-01 10:14:48
562,232,5482953,not_remote,easy,2025-02-01 10:25:48
563,166,5151099,semi_presence,easy,2025-02-01 10:40:48
564,331,5600730,semi_presence,easy,2025-02-01 10:48:48
565,298,4131595,tot_remote,easy,2025-02-01 11:07:48
566,199,3998491,tot_remote,easy,2025-02-01 11:18:48
567,166,4186674,not_clear_remote,hard,2025-02-01 11:25:48
568,232,5210296,not_remote,easy,2025-02-01 11:36:48
569,397,886966,not_remote,easy,2025-02-01 11:54:48
571,298,4303893,semi_remote,medium,2025-02-01 12:12:48
572,232,4129962,semi_presence,easy,2025-02-01 12:26:48
574,232,5589079,semi_presence,easy,2025-02-01 12:39:48
575,67,5224260,tot_remote,easy,2025-02-01 12:49:48
576,100,5016990,tot_remote,easy,2025-02-01 13:04:48
577,397,5651885,semi_remote,medium,2025-02-01 13:23:48
578,166,4466189,semi_remote,medium,2025-02-01 13:30:48
579,397,4626780,not_remote,easy,2025-02-01 13:38:48
581,5,4588333,tot_remote,easy,2025-02-01 13:47:48
582,232,5369803,tot_remote,easy,2025-02-01 13:57:48
585,232,5624729,semi_remote,easy,2025-02-01 14:14:48
587,5,3904377,tot_remote,easy,2025-02-01 14:30:48
588,397,5584815,semi_presence,easy,2025-02-01 14:39:48
590,298,5097605,not_remote,easy,2025-02-01 14:49:48
591,331,4242139,not_clear_remote,easy,2025-02-01 15:01:48
593,232,3056511,semi_presence,easy,2025-02-01 15:14:48
596,67,1118287,not_remote,easy,2025-02-01 15:34:48
597,265,4111343,semi_presence,medium,2025-02-01 15:53:48
599,133,5600903,not_clear_remote,medium,2025-02-01 16:05:48
601,397,4143583,tot_remote,easy,2025-02-01 16:17:48
603,5,4384052,temp_remote,medium,2025-02-01 16:37:48
605,232,4138649,tot_remote,easy,2025-02-01 16:52:48
607,232,4315526,not_clear_remote,hard,2025-02-01 17:09:48
608,232,4126548,not_clear_remote,medium,2025-02-01 17:25:48
613,232,4158229,tot_remote,easy,2025-02-01 17:36:48
616,265,5430410,semi_remote,medium,2025-02-01 17:56:48
620,265,3655465,not_remote,easy,2025-02-01 18:10:48
621,232,5308959,semi_remote,easy,2025-02-01 18:28:48
622,298,5077585,not_remote,easy,2025-02-01 18:34:48
623,232,5151815,semi_presence,easy,2025-02-01 18:53:48
624,2,2645785,not_remote,easy,2025-02-01 19:06:48
625,298,5069203,temp_remote,easy,2025-02-01 19:21:48
626,397,577186,not_clear_remote,easy,2025-02-01 19:32:48
627,2,4095201,temp_remote,easy,2025-02-01 19:52:48
628,232,3992445,not_remote,easy,2025-02-01 19:58:48
630,397,371471,not_clear_remote,easy,2025-02-01 20:05:48
631,3,3843280,not_remote,medium,2025-02-01 20:19:48
632,298,4208344,tot_remote,easy,2025-02-01 20:36:48
635,133,4473485,not_clear_remote,hard,2025-02-01 20:49:48
636,199,4091684,tot_remote,easy,2025-02-01 21:03:48
637,265,4065141,semi_presence,medium,2025-02-01 21:08:48
638,133,5201257,temp_remote,easy,2025-02-01 21:21:48
639,232,5568670,semi_remote,easy,2025-02-01 21:29:48
640,232,4154921,not_remote,easy,2025-02-01 21:43:48
641,199,5590518,not_clear_remote,easy,2025-02-01 21:53:48
642,5,5039356,not_remote,easy,2025-02-01 22:08:48
643,397,746863,not_clear_remote,hard,2025-02-01 22:27:48
644,232,4078383,temp_remote,easy,2025-02-01 22:41:48
645,265,4613544,temp_remote,easy,2025-02-01 22:56:48
647,166,5379119,semi_remote,medium,2025-02-01 23:08:48
648,298,4144233,temp_remote,easy,2025-02-01 23:21:48
649,166,5434585,not_remote,medium,2025-02-01 23:36:48
650,232,5592968,semi_remote,easy,2025-02-01 23:46:48
652,67,4047122,tot_remote,medium,2025-02-02 00:00:48
653,100,5312655,semi_remote,easy,2025-02-02 00:10:48
655,397,3114161,not_remote,easy,2025-02-02 00:29:48
656,3,5038059,temp_remote,easy,2025-02-02 00:49:48
657,5,4134107,temp_remote,easy,2025-02-02 01:09:48
658,232,5067774,tot_remote,easy,2025-02-02 01:17:48
659,265,4256742,semi_presence,medium,2025-02-02 01:24:48
660,67,251693,tot_remote,medium,2025-02-02 01:34:48
661,100,5398267,semi_presence,easy,2025-02-02 01:46:48
662,199,4106615,semi_remote,easy,2025-02-02 01:53:48
666,3,4406798,semi_remote,easy,2025-02-02 02:01:48
667,2,2698281,not_remote,easy,2025-02-02 02:06:48
668,232,4656573,semi_remote,easy,2025-02-02 02:17:48
671,232,5526569,not_clear_remote,medium,2025-02-02 02:35:48
672,166,4282524,semi_remote,medium,2025-02-02 02:51:48
674,232,4050310,tot_remote,easy,2025-02-02 03:05:48
676,232,5283104,tot_remote,easy,2025-02-02 03:19:48
679,5,4097244,tot_remote,easy,2025-02-02 03:34:48
681,232,3817011,not_remote,medium,2025-02-02 03:42:48
682,34,705640,semi_presence,easy,2025-02-02 03:49:48
683,2,5200830,not_clear_remote,easy,2025-02-02 03:56:48
684,2,4349682,not_clear_remote,medium,2025-02-02 04:03:48
685,232,5341430,semi_remote,medium,2025-02-02 04:11:48
686,331,5271157,tot_remote,easy,2025-02-02 04:22:48
687,232,5594231,semi_presence,medium,2025-02-02 04:40:48
688,232,729925,not_remote,medium,2025-02-02 04:48:48
689,100,4046121,temp_remote,easy,2025-02-02 05:01:48
690,166,5646066,not_remote,medium,2025-02-02 05:14:48
691,2,463614,not_remote,easy,2025-02-02 05:26:48
692,232,4383469,not_remote,easy,2025-02-02 05:33:48
693,331,4060437,temp_remote,easy,2025-02-02 05:53:48
695,232,5569201,semi_presence,easy,2025-02-02 06:01:48
697,199,5397368,tot_remote,easy,2025-02-02 06:13:48
698,232,4535789,not_clear_remote,easy,2025-02-02 06:30:48
700,67,4451559,not_clear_remote,easy,2025-02-02 06:50:48
701,232,5578809,tot_remote,easy,2025-02-02 07:04:48
702,397,4349682,semi_presence,easy,2025-02-02 07:23:48
703,2,4065447,not_clear_remote,easy,2025-02-02 07:43:48
705,34,5268842,semi_presence,easy,2025-02-02 08:02:48
707,5,2415855,tot_remote,easy,2025-02-02 08:21:48
709,232,5366587,semi_remote,easy,2025-02-02 08:35:48
710,5,2664304,tot_remote,easy,2025-02-02 08:54:48
712,232,4086483,tot_remote,easy,2025-02-02 09:05:48
714,397,4225717,tot_remote,easy,2025-02-02 09:12:48
715,166,4508069,not_remote,medium,2025-02-02 09:27:48
717,232,5216832,semi_remote,easy,2025-02-02 09:45:48
718,331,3969923,not_remote,easy,2025-02-02 09:55:48
719,397,4199937,tot_remote,easy,2025-02-02 10:11:48
721,232,3968016,not_remote,easy,2025-02-02 10:21:48
723,397,820159,not_remote,easy,2025-02-02 10:34:48
724,397,4229322,tot_remote,easy,2025-02-02 10:49:48
726,5,4658664,tot_remote,easy,2025-02-02 11:09:48
729,4,4111343,semi_presence,medium,2025-02-02 11:26:48
731,34,5203238,not_remote,easy,2025-02-02 11:32:48
732,5,4118717,tot_remote,easy,2025-02-02 11:42:48
733,100,5095244,semi_presence,medium,2025-02-02 11:57:48
734,166,5349816,not_remote,easy,2025-02-02 12:17:48
735,100,4095113,not_clear_remote,medium,2025-02-02 12:24:48
736,397,1411610,tot_remote,easy,2025-02-02 12:32:48
737,166,4572752,not_clear_remote,medium,2025-02-02 12:45:48
740,298,4126756,semi_remote,medium,2025-02-02 12:50:48
742,4,5323837,tot_remote,easy,2025-02-02 12:57:48
743,232,5104466,semi_remote,easy,2025-02-02 13:02:48
744,331,3683498,not_remote,easy,2025-02-02 13:12:48
745,331,5514889,not_clear_remote,easy,2025-02-02 13:21:48
746,166,2708470,semi_presence,easy,2025-02-02 13:34:48
747,298,2953481,semi_remote,medium,2025-02-02 13:43:48
748,331,5113918,not_clear_remote,easy,2025-02-02 13:56:48
749,199,4583009,temp_remote,easy,2025-02-02 14:06:48
750,67,5594275,semi_presence,easy,2025-02-02 14:24:48
751,331,4118202,semi_remote,easy,2025-02-02 14:29:48
752,4,4434137,not_clear_remote,medium,2025-02-02 14:35:48
753,67,4041912,temp_remote,easy,2025-02-02 14:51:48
754,265,4120507,not_clear_remote,medium,2025-02-02 15:03:48
755,4,4109234,not_clear_remote,easy,2025-02-02 15:19:48
757,4,5259538,not_clear_remote,medium,2025-02-02 15:27:48
758,100,5100747,tot_remote,easy,2025-02-02 15:37:48
760,5,5633728,tot_remote,easy,2025-02-02 15:42:48
762,199,5222352,tot_remote,easy,2025-02-02 15:52:48
763,4,4125637,semi_remote,easy,2025-02-02 16:01:48
764,265,1016474,not_remote,easy,2025-02-02 16:09:48
765,4,4132795,temp_remote,easy,2025-02-02 16:24:48
769,199,4524505,not_remote,easy,2025-02-02 16:43:48
770,3,5329504,semi_remote,easy,2025-02-02 16:48:48
771,397,5629167,semi_presence,medium,2025-02-02 16:57:48
772,4,4365126,temp_remote,easy,2025-02-02 17:03:48
773,4,4116456,temp_remote,easy,2025-02-02 17:18:48
774,5,5661781,semi_presence,easy,2025-02-02 17:24:48
775,265,1626970,not_remote,easy,2025-02-02 17:37:48
776,34,3537591,not_remote,easy,2025-02-02 17:44:48
778,199,4510226,tot_remote,easy,2025-02-02 17:54:48
779,232,4124002,tot_remote,easy,2025-02-02 18:01:48
782,199,3660764,tot_remote,easy,2025-02-02 18:14:48
783,67,5377715,semi_presence,medium,2025-02-02 18:30:48
786,199,4637089,not_remote,medium,2025-02-02 18:49:48
788,100,4171605,tot_remote,easy,2025-02-02 18:55:48
789,3,4199469,not_clear_remote,medium,2025-02-02 19:00:48
790,397,3074618,semi_presence,medium,2025-02-02 19:11:48
791,166,4433131,semi_presence,easy,2025-02-02 19:30:48
792,4,5588168,not_remote,easy,2025-02-02 19:48:48
793,397,203773,not_remote,medium,2025-02-02 19:56:48
794,298,4103217,temp_remote,medium,2025-02-02 20:10:48
796,67,3463902,not_remote,easy,2025-02-02 20:29:48
797,397,4084064,temp_remote,easy,2025-02-02 20:41:48
799,199,4303893,not_clear_remote,easy,2025-02-02 20:50:48
800,100,5651460,semi_presence,easy,2025-02-02 21:08:48
801,67,4382676,tot_remote,easy,2025-02-02 21:17:48
802,331,3522023,not_remote,easy,2025-02-02 21:35:48
803,397,1870699,tot_remote,easy,2025-02-02 21:46:48
804,5,5566582,not_remote,easy,2025-02-02 21:53:48
805,265,4069166,temp_remote,easy,2025-02-02 22:09:48
806,34,5505810,not_clear_remote,easy,2025-02-02 22:16:48
810,3,5135460,semi_remote,easy,2025-02-02 22:35:48
811,67,5348247,semi_remote,easy,2025-02-02 22:55:48
812,166,5618348,semi_remote,medium,2025-02-02 23:12:48
813,3,5100793,not_remote,easy,2025-02-02 23:21:48
814,265,5619250,not_remote,easy,2025-02-02 23:39:48
815,4,5076872,not_remote,easy,2025-02-02 23:57:48
819,397,412824,tot_remote,easy,2025-02-03 00:15:48
820,67,357889,tot_remote,easy,2025-02-03 00:29:48
821,199,5179716,tot_remote,easy,2025-02-03 00:42:48
822,3,4046121,temp_remote,easy,2025-02-03 00:54:48
823,298,920308,not_clear_remote,medium,2025-02-03 01:05:48
824,5,5064587,tot_remote,easy,2025-02-03 01:17:48
825,232,376771,not_remote,easy,2025-02-03 01:29:48
826,265,4078383,temp_remote,easy,2025-02-03 01:48:48
827,397,5378811,semi_remote,easy,2025-02-03 02:04:48
828,265,5077585,not_remote,medium,2025-02-03 02:14:48
831,4,5192327,tot_remote,easy,2025-02-03 02:21:48
832,34,4189914,not_clear_remote,easy,2025-02-03 02:28:48
833,4,4070506,not_clear_remote,medium,2025-02-03 02:43:48
834,4,4233996,tot_remote,easy,2025-02-03 02:57:48
836,397,4082286,tot_remote,easy,2025-02-03 03:10:48
837,199,4451559,not_clear_remote,easy,2025-02-03 03:16:48
839,199,5665712,semi_presence,easy,2025-02-03 03:36:48
841,166,882342,semi_presence,easy,2025-02-03 03:55:48
842,67,1524471,semi_presence,easy,2025-02-03 04:15:48
843,2,2965668,not_clear_remote,easy,2025-02-03 04:31:48
844,298,5179716,tot_remote,medium,2025-02-03 04:50:48
845,2,2912259,tot_remote,easy,2025-02-03 04:57:48
846,67,5283644,semi_remote,easy,2025-02-03 05:08:48
847,397,5389297,semi_presence,easy,2025-02-03 05:24:48
849,3,3446631,not_remote,easy,2025-02-03 05:34:48
851,133,4529469,tot_remote,easy,2025-02-03 05:42:48
852,67,4159976,tot_remote,easy,2025-02-03 05:55:48
854,100,3474741,semi_presence,easy,2025-02-03 06:02:48
857,265,5397215,semi_remote,easy,2025-02-03 06:14:48
859,4,4146602,tot_remote,easy,2025-02-03 06:19:48
860,4,4130530,tot_remote,easy,2025-02-03 06:34:48
861,100,4063542,temp_remote,medium,2025-02-03 06:52:48
864,4,4124364,not_clear_remote,medium,2025-02-03 07:02:48
866,4,4216283,tot_remote,easy,2025-02-03 07:17:48
867,3,4148067,not_clear_remote,medium,2025-02-03 07:28:48
868,67,4109645,tot_remote,easy,2025-02-03 07:46:48
869,34,4184527,semi_presence,easy,2025-02-03 07:59:48
871,3,4162842,temp_remote,easy,2025-02-03 08:19:48
872,166,5090749,temp_remote,medium,2025-02-03 08:35:48
875,34,4092881,tot_remote,easy,2025-02-03 08:53:48
876,397,3773543,not_remote,hard,2025-02-03 09:06:48
878,2,4619270,semi_remote,easy,2025-02-03 09:20:48
881,100,4060213,semi_remote,easy,2025-02-03 09:27:48
882,4,4075160,tot_remote,easy,2025-02-03 09:32:48
883,199,5472636,semi_presence,easy,2025-02-03 09:51:48
885,331,1192621,tot_remote,easy,2025-02-03 10:00:48
887,67,5271752,not_remote,medium,2025-02-03 10:06:48
888,100,952889,temp_remote,medium,2025-02-03 10:24:48
889,4,4450319,tot_remote,easy,2025-02-03 10:33:48
891,331,5561542,not_clear_remote,easy,2025-02-03 10:45:48
893,67,5572833,not_remote,medium,2025-02-03 11:05:48
894,298,5590201,semi_remote,easy,2025-02-03 11:21:48
895,34,4490665,semi_remote,easy,2025-02-03 11:30:48
896,3,5594277,semi_presence,easy,2025-02-03 11:49:48
898,4,4134606,tot_remote,easy,2025-02-03 12:09:48
903,100,5234736,tot_remote,easy,2025-02-03 12:16:48
906,397,3655465,not_remote,easy,2025-02-03 12:28:48
907,67,4096208,semi_remote,medium,2025-02-03 12:46:48
909,4,4488655,semi_remote,easy,2025-02-03 13:03:48
910,100,5329504,semi_remote,easy,2025-02-03 13:11:48
911,331,4213075,not_clear_remote,medium,2025-02-03 13:23:48
913,199,4126929,temp_remote,easy,2025-02-03 13:30:48
915,100,5646855,semi_presence,medium,2025-02-03 13:36:48
916,4,4432832,semi_remote,easy,2025-02-03 13:47:48
918,4,4052181,semi_presence,easy,2025-02-03 13:52:48
921,2,3625085,semi_remote,medium,2025-02-03 14:04:48
922,298,5646779,not_remote,easy,2025-02-03 14:17:48
924,67,5644540,not_clear_remote,medium,2025-02-03 14:26:48
925,67,5352600,not_remote,medium,2025-02-03 14:36:48
928,298,5271701,semi_remote,easy,2025-02-03 14:51:48
929,133,5553532,not_clear_remote,medium,2025-02-03 15:09:48
930,5,4045407,tot_remote,easy,2025-02-03 15:22:48
931,4,4337270,temp_remote,easy,2025-02-03 15:41:48
933,331,5611759,not_clear_remote,easy,2025-02-03 15:51:48
934,2,3969120,not_remote,easy,2025-02-03 16:02:48
935,232,4216391,temp_remote,easy,2025-02-03 16:13:48
936,5,5008898,tot_remote,easy,2025-02-03 16:31:48
937,298,5137365,semi_remote,easy,2025-02-03 16:39:48
938,4,4440415,semi_remote,medium,2025-02-03 16:57:48
940,133,1329452,not_clear_remote,medium,2025-02-03 17:09:48
941,2,2396295,tot_remote,easy,2025-02-03 17:18:48
942,298,4287427,temp_remote,easy,2025-02-03 17:27:48
943,166,4129892,tot_remote,medium,2025-02-03 17:45:48
945,5,5553469,semi_presence,easy,2025-02-03 17:56:48
946,100,4088061,not_remote,easy,2025-02-03 18:12:48
948,67,4114343,temp_remote,easy,2025-02-03 18:26:48
949,67,5543648,not_remote,easy,2025-02-03 18:31:48
953,232,5658029,not_remote,easy,2025-02-03 18:47:48
955,3,4060341,tot_remote,easy,2025-02-03 18:55:48
957,5,5658264,semi_remote,easy,2025-02-03 19:00:48
959,2,5262669,not_clear_remote,medium,2025-02-03 19:13:48
960,232,5501213,temp_remote,easy,2025-02-03 19:20:48
961,34,4088855,semi_remote,easy,2025-02-03 19:36:48
962,34,4307554,tot_remote,easy,2025-02-03 19:53:48
963,2,5474576,not_clear_remote,easy,2025-02-03 20:06:48
964,397,421052,tot_remote,easy,2025-02-03 20:24:48
966,2,659112,tot_remote,medium,2025-02-03 20:30:48
967,166,4193376,not_clear_remote,easy,2025-02-03 20:46:48
968,3,4310726,tot_remote,easy,2025-02-03 21:05:48
970,67,544001,tot_remote,easy,2025-02-03 21:14:48
971,331,5549366,not_clear_remote,easy,2025-02-03 21:32:48
975,100,3314686,tot_remote,easy,2025-02-03 21:47:48
976,34,4145444,temp_remote,easy,2025-02-03 21:55:48
978,3,4043079,tot_remote,easy,2025-02-03 22:12:48
979,2,2792818,not_clear_remote,easy,2025-02-03 22:24:48
980,397,3271417,not_remote,easy,2025-02-03 22:42:48
982,166,4492878,semi_remote,medium,2025-02-03 22:51:48
983,34,5532942,tot_remote,easy,2025-02-03 23:10:48
984,232,4005775,temp_remote,easy,2025-02-03 23:24:48
985,67,2313809,tot_remote,easy,2025-02-03 23:35:48
986,67,4133254,tot_remote,easy,2025-02-03 23:55:48
987,34,405117,tot_remote,easy,2025-02-04 00:03:48
989,166,3138240,not_remote,medium,2025-02-04 00:19:48
990,67,696778,tot_remote,easy,2025-02-04 00:24:48
991,5,4080696,semi_presence,easy,2025-02-04 00:39:48
992,133,4065088,tot_remote,easy,2025-02-04 00:47:48
997,3,4129118,tot_remote,easy,2025-02-04 01:07:48
998,4,5224404,not_remote,easy,2025-02-04 01:15:48
999,67,4147557,tot_remote,medium,2025-02-04 01:27:48
1000,265,3640677,not_remote,easy,2025-02-04 01:42:48
1001,4,5312693,semi_presence,medium,2025-02-04 01:55:48
1003,5,5145901,tot_remote,easy,2025-02-04 02:04:48
1004,331,5039356,not_remote,easy,2025-02-04 02:20:48
1005,4,5512424,semi_presence,easy,2025-02-04 02:39:48
1006,265,4090359,temp_remote,easy,2025-02-04 02:45:48
1007,397,5534708,semi_remote,easy,2025-02-04 03:04:48
1009,100,4205864,semi_remote,easy,2025-02-04 03:21:48
1010,100,5072728,tot_remote,easy,2025-02-04 03:36:48
1012,232,3788816,not_clear_remote,easy,2025-02-04 03:55:48
1013,133,4213401,not_clear_remote,easy,2025-02-04 04:08:48
1014,397,4209221,tot_remote,easy,2025-02-04 04:14:48
1015,133,4434137,not_clear_remote,medium,2025-02-04 04:24:48
1017,166,4131427,not_remote,easy,2025-02-04 04:29:48
1019,3,4116363,tot_remote,easy,2025-02-04 04:37:48
1020,4,5133458,not_remote,easy,2025-02-04 04:42:48
1021,298,3791879,not_remote,medium,2025-02-04 04:50:48
1022,4,5623384,semi_remote,easy,2025-02-04 05:02:48
1023,4,5326231,tot_remote,easy,2025-02-04 05:12:48
1024,166,4641887,tot_remote,easy,2025-02-04 05:25:48
1025,3,5284712,not_clear_remote,medium,2025-02-04 05:30:48
1032,5,4573095,tot_remote,easy,2025-02-04 05:45:48
1033,166,4150104,tot_remote,medium,2025-02-04 05:55:48
1035,2,5354354,semi_presence,medium,2025-02-04 06:03:48
1036,133,5448024,not_clear_remote,medium,2025-02-04 06:10:48
1037,298,2433489,tot_remote,easy,2025-02-04 06:16:48
1038,4,5008239,not_clear_remote,easy,2025-02-04 06:33:48
1039,199,4084186,temp_remote,easy,2025-02-04 06:44:48
1042,265,4072347,tot_remote,easy,2025-02-04 07:03:48
1044,298,5550311,semi_remote,easy,2025-02-04 07:09:48
1045,166,2022307,not_remote,hard,2025-02-04 07:15:48
1047,265,4137446,semi_remote,easy,2025-02-04 07:20:48
1048,133,4085146,temp_remote,easy,2025-02-04 07:28:48
1049,4,5498725,temp_remote,easy,2025-02-04 07:34:48
1052,133,4109452,semi_remote,hard,2025-02-04 07:39:48
1053,100,5144530,tot_remote,easy,2025-02-04 07:44:48
1054,232,5603047,not_remote,easy,2025-02-04 07:56:48
1056,34,3516899,semi_remote,easy,2025-02-04 08:07:48
1058,67,4151242,temp_remote,easy,2025-02-04 08:13:48
1059,4,5354531,tot_remote,easy,2025-02-04 08:21:48
1060,133,5535733,semi_presence,easy,2025-02-04 08:31:48
1061,4,4145044,semi_remote,medium,2025-02-04 08:41:48
1062,34,5547786,not_clear_remote,easy,2025-02-04 09:00:48
1064,265,4052797,semi_remote,easy,2025-02-04 09:17:48
1065,5,5413798,semi_presence,medium,2025-02-04 09:28:48
1066,3,5234736,tot_remote,easy,2025-02-04 09:46:48
1068,4,4182601,not_clear_remote,hard,2025-02-04 09:55:48
1070,397,4137076,tot_remote,easy,2025-02-04 10:15:48
1073,265,3028927,tot_remote,easy,2025-02-04 10:21:48
1074,4,4539982,tot_remote,easy,2025-02-04 10:38:48
1075,5,5315055,semi_remote,easy,2025-02-04 10:48:48
1076,4,3996112,tot_remote,easy,2025-02-04 11:03:48
1077,265,4080061,semi_remote,easy,2025-02-04 11:17:48
1078,199,4056626,not_remote,easy,2025-02-04 11:34:48
1079,397,5376890,semi_remote,easy,2025-02-04 11:49:48
1080,199,4287427,not_clear_remote,easy,2025-02-04 12:04:48
1081,67,4279414,tot_remote,easy,2025-02-04 12:21:48
1082,100,4117477,tot_remote,easy,2025-02-04 12:29:48
1083,4,5284806,tot_remote,easy,2025-02-04 12:41:48
1084,67,2690303,not_remote,easy,2025-02-04 12:48:48
1085,3,5366097,semi_remote,easy,2025-02-04 13:08:48
1087,232,4528414,not_clear_remote,easy,2025-02-04 13:27:48
1089,298,5336418,semi_remote,medium,2025-02-04 13:35:48
1091,2,5570117,not_clear_remote,easy,2025-02-04 13:42:48
1092,133,4227294,temp_remote,easy,2025-02-04 14:02:48
1093,34,5594275,semi_presence,easy,2025-02-04 14:19:48
1094,166,4482879,semi_remote,medium,2025-02-04 14:37:48
1095,265,4221362,temp_remote,easy,2025-02-04 14:42:48
1096,34,4416279,not_clear_remote,easy,2025-02-04 14:47:48
1097,100,4135275,temp_remote,medium,2025-02-04 15:05:48
1099,67,4198302,semi_presence,easy,2025-02-04 15:15:48
1100,166,4093664,tot_remote,easy,2025-02-04 15:23:48
1101,5,5664856,semi_presence,easy,2025-02-04 15:30:48
1102,331,5475269,not_remote,easy,2025-02-04 15:40:48
1103,331,4641887,tot_remote,easy,2025-02-04 15:51:48
1105,331,5421664,not_remote,medium,2025-02-04 16:01:48
1106,166,4037325,temp_remote,easy,2025-02-04 16:09:48
1109,331,4143594,tot_remote,easy,2025-02-04 16:16:48
1110,4,5442245,not_clear_remote,medium,2025-02-04 16:26:48
1112,34,2954847,not_remote,easy,2025-02-04 16:32:48
1114,4,4040962,tot_remote,easy,2025-02-04 16:48:48
1115,100,4109130,semi_remote,easy,2025-02-04 17:06:48
1116,265,2970648,tot_remote,easy,2025-02-04 17:24:48
1120,4,5516495,not_remote,medium,2025-02-04 17:32:48
1121,397,276567,not_remote,easy,2025-02-04 17:41:48
1123,232,5284806,tot_remote,easy,2025-02-04 17:55:48
1124,4,5557510,tot_remote,easy,2025-02-04 18:13:48
1125,166,5101084,semi_remote,easy,2025-02-04 18:31:48
1126,298,4080061,tot_remote,easy,2025-02-04 18:40:48
1128,100,5473989,tot_remote,easy,2025-02-04 18:52:48
1129,133,4105380,temp_remote,easy,2025-02-04 18:57:48
1130,67,4066411,semi_remote,easy,2025-02-04 19:14:48
1131,100,5580838,semi_remote,easy,2025-02-04 19:32:48
1132,397,5637133,semi_presence,medium,2025-02-04 19:50:48
1134,397,4212359,tot_remote,easy,2025-02-04 20:02:48
1136,298,5502414,not_remote,easy,2025-02-04 20:09:48
1137,397,1329478,tot_remote,easy,2025-02-04 20:15:48
1138,34,3840138,semi_presence,easy,2025-02-04 20:25:48
1139,265,5066187,not_clear_remote,easy,2025-02-04 20:38:48
1140,3,4058561,not_clear_remote,medium,2025-02-04 20:52:48
1141,232,4602006,tot_remote,easy,2025-02-04 21:05:48
1144,397,4099899,tot_remote,easy,2025-02-04 21:23:48
1146,100,4053751,semi_remote,easy,2025-02-04 21:41:48
1147,166,4141501,temp_remote,hard,2025-02-04 21:50:48
1148,298,3857002,not_remote,easy,2025-02-04 21:55:48
1149,298,4413818,temp_remote,easy,2025-02-04 22:11:48
1150,232,4070114,tot_remote,easy,2025-02-04 22:25:48
1153,298,4645665,temp_remote,easy,2025-02-04 22:35:48
1154,67,4245144,tot_remote,medium,2025-02-04 22:49:48
1155,133,4131815,not_remote,easy,2025-02-04 22:59:48
1156,5,5629320,not_remote,easy,2025-02-04 23:04:48
1158,5,5501480,semi_presence,easy,2025-02-04 23:24:48
1159,199,5477554,not_remote,easy,2025-02-04 23:29:48
1160,265,5651250,semi_remote,easy,2025-02-04 23:42:48
1161,100,4145444,temp_remote,easy,2025-02-04 23:50:48
1162,199,5407542,semi_remote,medium,2025-02-05 00:04:48
1163,133,4208322,not_clear_remote,medium,2025-02-05 00:23:48
1164,265,3269779,semi_remote,easy,2025-02-05 00:29:48
1166,166,3099978,not_remote,easy,2025-02-05 00:34:48
1167,133,5582607,not_clear_remote,medium,2025-02-05 00:49:48
1168,133,5562327,not_clear_remote,medium,2025-02-05 00:54:48
1169,67,4189914,not_clear_remote,medium,2025-02-05 01:02:48
1171,67,4070618,tot_remote,easy,2025-02-05 01:18:48
1173,67,4069201,not_remote,hard,2025-02-05 01:26:48
1174,2,5568793,not_clear_remote,easy,2025-02-05 01:41:48
1177,4,4602006,tot_remote,easy,2025-02-05 01:51:48
1178,34,4367287,tot_remote,easy,2025-02-05 01:58:48
1179,3,4584119,not_clear_remote,medium,2025-02-05 02:17:48
1180,298,4108812,temp_remote,easy,2025-02-05 02:31:48
1182,67,2846881,not_remote,easy,2025-02-05 02:44:48
1183,100,4198792,semi_remote,medium,2025-02-05 02:57:48
1184,166,4143594,tot_remote,easy,2025-02-05 03:04:48
1185,34,3128352,not_remote,easy,2025-02-05 03:23:48
1186,166,5660539,tot_remote,easy,2025-02-05 03:33:48
1187,5,5354504,semi_presence,easy,2025-02-05 03:43:48
1188,232,4421338,tot_remote,easy,2025-02-05 03:57:48
1190,199,4573968,tot_remote,easy,2025-02-05 04:16:48
1191,397,5658121,not_remote,easy,2025-02-05 04:27:48
1192,298,4100349,not_remote,easy,2025-02-05 04:47:48
1193,331,5006478,not_clear_remote,easy,2025-02-05 04:55:48
1194,166,5600730,semi_presence,medium,2025-02-05 05:09:48
1199,67,484936,not_remote,easy,2025-02-05 05:19:48
1200,5,1612602,tot_remote,easy,2025-02-05 05:32:48
1202,298,5522279,not_clear_remote,medium,2025-02-05 05:38:48
1203,265,5477206,tot_remote,easy,2025-02-05 05:45:48
1205,397,5546217,semi_remote,easy,2025-02-05 05:54:48
1206,34,4103452,not_clear_remote,easy,2025-02-05 06:11:48
1207,34,5430550,tot_remote,easy,2025-02-05 06:24:48
1208,4,5604768,semi_presence,medium,2025-02-05 06:30:48
1209,166,4449454,semi_remote,easy,2025-02-05 06:46:48
1212,3,4069320,tot_remote,medium,2025-02-05 06:59:48
1213,166,5004948,semi_remote,easy,2025-02-05 07:07:48
1214,4,5534423,semi_presence,easy,2025-02-05 07:14:48
1215,199,2774274,not_remote,easy,2025-02-05 07:24:48
1217,100,4086338,tot_remote,easy,2025-02-05 07:42:48
1218,133,5641273,not_clear_remote,medium,2025-02-05 07:56:48
1220,100,4048832,temp_remote,easy,2025-02-05 08:02:48
1222,4,4155079,semi_remote,hard,2025-02-05 08:19:48
1223,166,4560190,tot_remote,easy,2025-02-05 08:28:48
1224,100,5260890,semi_remote,medium,2025-02-05 08:38:48
1225,4,4393033,semi_presence,medium,2025-02-05 08:46:48
1227,133,5603842,not_clear_remote,hard,2025-02-05 09:04:48
1230,232,4151693,temp_remote,easy,2025-02-05 09:20:48
1231,5,3683498,not_remote,easy,2025-02-05 09:25:48
1233,331,677456,not_remote,easy,2025-02-05 09:30:48
1236,133,3342734,tot_remote,easy,2025-02-05 09:45:48
1237,67,5342105,not_clear_remote,medium,2025-02-05 09:56:48
1239,133,4098735,tot_remote,easy,2025-02-05 10:15:48
1242,265,633029,not_remote,easy,2025-02-05 10:31:48
1245,4,4573778,semi_remote,easy,2025-02-05 10:37:48
1247,3,4055412,tot_remote,easy,2025-02-05 10:47:48
1248,5,4364157,not_clear_remote,easy,2025-02-05 11:07:48
1249,2,3483117,not_remote,easy,2025-02-05 11:26:48
1251,2,3992445,not_remote,easy,2025-02-05 11:40:48
1252,100,4623326,tot_remote,easy,2025-02-05 11:46:48
1254,133,4017434,temp_remote,easy,2025-02-05 11:57:48
1255,5,4076199,temp_remote,easy,2025-02-05 12:07:48
1256,4,4045500,tot_remote,easy,2025-02-05 12:21:48
1257,3,5573114,tot_remote,easy,2025-02-05 12:32:48
1258,5,4517327,semi_remote,easy,2025-02-05 12:51:48
1261,331,5064587,tot_remote,easy,2025-02-05 13:09:48
1263,232,5506448,not_remote,easy,2025-02-05 13:27:48
1264,4,3848663,not_remote,medium,2025-02-05 13:40:48
1266,265,3996112,tot_remote,easy,2025-02-05 13:58:48
1267,4,4104518,temp_remote,easy,2025-02-05 14:06:48
1268,331,4107331,semi_presence,medium,2025-02-05 14:15:48
1269,4,4114720,not_clear_remote,medium,2025-02-05 14:29:48
1270,166,4109320,semi_presence,medium,2025-02-05 14:45:48
1272,100,5564223,semi_remote,easy,2025-02-05 14:50:48
1273,199,5202347,not_clear_remote,easy,2025-02-05 15:07:48
1274,5,1489747,semi_remote,easy,2025-02-05 15:24:48
1275,397,4071312,tot_remote,easy,2025-02-05 15:36:48
1276,265,5354803,not_remote,medium,2025-02-05 15:51:48
1277,3,5210296,not_remote,easy,2025-02-05 15:57:48
1278,298,4098977,semi_remote,easy,2025-02-05 16:08:48
1283,199,4092706,tot_remote,easy,2025-02-05 16:15:48
1285,5,4064044,tot_remote,easy,2025-02-05 16:25:48
1286,298,4613544,tot_remote,easy,2025-02-05 16:42:48
1287,232,5166142,not_remote,easy,2025-02-05 16:57:48
1289,3,4185439,tot_remote,easy,2025-02-05 17:10:48
1290,2,3826451,not_remote,easy,2025-02-05 17:26:48
1291,199,5641368,tot_remote,easy,2025-02-05 17:34:48
1292,4,4289941,temp_remote,easy,2025-02-05 17:46:48
1293,100,5523304,semi_presence,easy,2025-02-05 18:00:48
1295,265,4573778,semi_remote,easy,2025-02-05 18:20:48
1297,34,4097634,not_clear_remote,easy,2025-02-05 18:28:48
1299,4,5116539,tot_remote,easy,2025-02-05 18:36:48
1300,100,5446448,not_remote,easy,2025-02-05 18:52:48
1301,331,5456646,semi_presence,easy,2025-02-05 19:00:48
1302,3,4106818,semi_remote,easy,2025-02-05 19:07:48
1303,3,4463533,semi_remote,medium,2025-02-05 19:16:48
1304,232,4106985,semi_presence,medium,2025-02-05 19:32:48
1307,4,4580219,temp_remote,easy,2025-02-05 19:52:48
1308,397,460764,not_remote,easy,2025-02-05 20:12:48
1310,4,4406839,semi_presence,easy,2025-02-05 20:22:48
1312,232,3322474,tot_remote,easy,2025-02-05 20:34:48
1313,397,1111735,tot_remote,easy,2025-02-05 20:42:48
1314,166,4146448,temp_remote,easy,2025-02-05 20:56:48
1316,4,4112415,not_clear_remote,medium,2025-02-05 21:10:48
1318,4,4122164,tot_remote,easy,2025-02-05 21:24:48
1319,34,4484780,not_clear_remote,easy,2025-02-05 21:38:48
1320,2,5603623,tot_remote,medium,2025-02-05 21:53:48
1321,4,4176512,temp_remote,easy,2025-02-05 22:13:48
1322,199,4228412,temp_remote,easy,2025-02-05 22:24:48
1323,3,5023015,not_remote,easy,2025-02-05 22:44:48
1326,34,5048699,not_clear_remote,easy,2025-02-05 22:52:48
1327,67,1958386,tot_remote,medium,2025-02-05 23:00:48
1331,34,4382676,tot_remote,easy,2025-02-05 23:12:48
1334,265,5347940,tot_remote,easy,2025-02-05 23:22:48
1335,199,4141694,not_clear_remote,easy,2025-02-05 23:34:48
1337,34,322272,tot_remote,easy,2025-02-05 23:41:48
1339,67,4091887,temp_remote,easy,2025-02-05 23:48:48
1341,34,5215895,not_clear_remote,easy,2025-02-06 00:00:48
1344,166,4121086,tot_remote,easy,2025-02-06 00:14:48
1346,232,2912259,not_remote,easy,2025-02-06 00:33:48
1347,3,3704729,not_remote,easy,2025-02-06 00:44:48
1349,4,5628783,semi_remote,easy,2025-02-06 00:58:48
1351,4,4074823,temp_remote,easy,2025-02-06 01:04:48
1353,397,435591,not_clear_remote,medium,2025-02-06 01:09:48
1355,265,5212496,tot_remote,medium,2025-02-06 01:18:48
1358,199,3349768,tot_remote,medium,2025-02-06 01:25:48
1359,166,4536766,not_clear_remote,hard,2025-02-06 01:43:48
1360,2,3797952,semi_presence,easy,2025-02-06 01:48:48
1361,331,5553469,not_clear_remote,easy,2025-02-06 02:01:48
1362,232,4085742,temp_remote,easy,2025-02-06 02:13:48
1364,397,3903532,tot_remote,easy,2025-02-06 02:23:48
1366,4,5179587,semi_remote,easy,2025-02-06 02:35:48
1367,265,5641306,not_remote,medium,2025-02-06 02:53:48
1368,4,4221362,temp_remote,easy,2025-02-06 03:04:48
1372,4,4136673,tot_remote,easy,2025-02-06 03:24:48
1376,100,5216352,tot_remote,easy,2025-02-06 03:33:48
1377,100,5477982,tot_remote,easy,2025-02-06 03:51:48
1378,298,4049918,temp_remote,easy,2025-02-06 04:03:48
1380,265,5628188,semi_remote,easy,2025-02-06 04:21:48
1381,5,3139391,not_remote,easy,2025-02-06 04:27:48
1382,133,4460407,tot_remote,hard,2025-02-06 04:46:48
1383,199,5228060,not_clear_remote,easy,2025-02-06 04:51:48
1386,265,4089599,tot_remote,easy,2025-02-06 05:02:48
1387,166,4585777,semi_presence,medium,2025-02-06 05:11:48
1388,133,5133052,tot_remote,easy,2025-02-06 05:26:48
1390,298,4398812,semi_remote,easy,2025-02-06 05:38:48
1393,5,4085892,semi_remote,easy,2025-02-06 05:52:48
1395,34,5304442,not_clear_remote,easy,2025-02-06 06:01:48
1398,265,4088423,tot_remote,medium,2025-02-06 06:13:48
1401,4,5149476,semi_remote,medium,2025-02-06 06:20:48
1405,34,2604740,not_remote,easy,2025-02-06 06:39:48
1409,4,5407459,tot_remote,easy,2025-02-06 06:51:48
1410,100,4260135,not_remote,easy,2025-02-06 07:01:48
1412,4,4106985,semi_presence,medium,2025-02-06 07:08:48
1419,397,1712443,not_remote,easy,2025-02-06 07:18:48
1421,133,4034557,tot_remote,easy,2025-02-06 07:30:48
1425,4,5594304,semi_presence,easy,2025-02-06 07:46:48
1428,67,4153669,tot_remote,medium,2025-02-06 08:00:48
1429,397,3552137,not_remote,easy,2025-02-06 08:10:48
1430,34,4050194,temp_remote,easy,2025-02-06 08:16:48
1431,265,5311353,semi_remote,easy,2025-02-06 08:32:48
1432,3,4033004,temp_remote,easy,2025-02-06 08:37:48
1436,3,5491346,tot_remote,easy,2025-02-06 08:43:48
1437,4,4296049,tot_remote,easy,2025-02-06 08:59:48
1438,4,5200824,semi_remote,easy,2025-02-06 09:17:48
1439,331,4146448,temp_remote,easy,2025-02-06 09:27:48
1441,4,5221005,not_remote,medium,2025-02-06 09:32:48
1443,232,5628783,semi_remote,easy,2025-02-06 09:46:48
1445,133,4653874,not_clear_remote,medium,2025-02-06 10:04:48
1446,3,276567,not_remote,easy,2025-02-06 10:24:48
1447,4,5140065,semi_remote,easy,2025-02-06 10:41:48
1448,265,4538042,tot_remote,easy,2025-02-06 11:00:48
1450,397,3409071,not_remote,easy,2025-02-06 11:10:48
1451,166,3721508,not_remote,hard,2025-02-06 11:30:48
1452,232,3021942,semi_remote,easy,2025-02-06 11:37:48
1454,34,5402293,semi_presence,easy,2025-02-06 11:54:48
1455,4,4079713,temp_remote,easy,2025-02-06 12:00:48
1456,166,981314,not_remote,hard,2025-02-06 12:09:48
1457,298,5198661,semi_remote,easy,2025-02-06 12:16:48
1458,331,4132565,tot_remote,medium,2025-02-06 12:26:48
1459,133,5082724,tot_remote,medium,2025-02-06 12:39:48
1460,100,4064633,tot_remote,medium,2025-02-06 12:47:48
1461,4,5375221,not_remote,easy,2025-02-06 12:57:48
1462,397,3181629,not_clear_remote,easy,2025-02-06 13:04:48
1465,298,4272781,semi_presence,easy,2025-02-06 13:22:48
1467,397,1731617,tot_remote,easy,2025-02-06 13:33:48
1469,133,4450319,tot_remote,easy,2025-02-06 13:53:48
1470,331,4066920,tot_remote,easy,2025-02-06 14:05:48
1473,397,4076185,not_remote,easy,2025-02-06 14:11:48
1474,5,5448024,semi_presence,easy,2025-02-06 14:27:48
1475,397,4073936,tot_remote,easy,2025-02-06 14:41:48
1476,4,4033551,tot_remote,easy,2025-02-06 14:48:48
1477,397,1556059,temp_remote,easy,2025-02-06 15:03:48
1478,4,5535175,tot_remote,easy,2025-02-06 15:22:48
1481,265,4630368,tot_remote,easy,2025-02-06 15:29:48
1482,5,5400075,semi_presence,easy,2025-02-06 15:47:48
1483,397,1626970,not_remote,easy,2025-02-06 15:54:48
1484,397,2675611,tot_remote,easy,2025-02-06 16:14:48
1485,4,4344726,temp_remote,medium,2025-02-06 16:24:48
1486,133,4256666,not_remote,easy,2025-02-06 16:40:48
1487,397,2427648,semi_remote,easy,2025-02-06 16:47:48
1491,100,5139161,semi_remote,medium,2025-02-06 16:54:48
1493,3,2161564,not_clear_remote,easy,2025-02-06 17:08:48
1497,298,4132009,temp_remote,easy,2025-02-06 17:26:48
1498,100,5135460,semi_remote,easy,2025-02-06 17:44:48
1500,100,4112908,semi_remote,easy,2025-02-06 17:54:48
1501,232,4131744,temp_remote,easy,2025-02-06 17:59:48
1502,67,5402267,semi_presence,medium,2025-02-06 18:15:48
1503,3,5536652,semi_remote,medium,2025-02-06 18:26:48
1504,331,4652418,tot_remote,easy,2025-02-06 18:33:48
1505,133,4116961,not_clear_remote,easy,2025-02-06 18:42:48
1507,67,4128692,temp_remote,easy,2025-02-06 18:59:48
1508,3,5271790,semi_presence,medium,2025-02-06 19:16:48
1509,232,5230168,semi_remote,easy,2025-02-06 19:27:48
1511,4,5474377,not_remote,easy,2025-02-06 19:35:48
1513,2,4105266,temp_remote,medium,2025-02-06 19:40:48
1514,133,5522204,not_remote,hard,2025-02-06 19:47:48
1515,34,1352419,not_remote,easy,2025-02-06 20:02:48
1516,34,4020430,tot_remote,easy,2025-02-06 20:15:48
1518,3,4172047,tot_remote,easy,2025-02-06 20:24:48
1520,199,4120515,temp_remote,easy,2025-02-06 20:29:48
1521,5,5491954,semi_presence,easy,2025-02-06 20:41:48
1522,166,4425436,semi_presence,medium,2025-02-06 20:53:48
1523,166,4087269,not_remote,medium,2025-02-06 21:11:48
1525,331,4229488,not_clear_remote,easy,2025-02-06 21:30:48
1526,265,2822655,temp_remote,medium,2025-02-06 21:49:48
1527,331,408683,tot_remote,easy,2025-02-06 21:55:48
1530,4,5377999,semi_remote,medium,2025-02-06 22:01:48
1532,199,4430250,tot_remote,easy,2025-02-06 22:15:48
1533,397,4080311,semi_remote,easy,2025-02-06 22:32:48
1534,397,686022,not_remote,medium,2025-02-06 22:48:48
1535,397,723403,not_remote,easy,2025-02-06 22:54:48
1537,397,3507578,not_remote,medium,2025-02-06 23:06:48
1538,34,3236386,semi_presence,easy,2025-02-06 23:23:48
1539,4,4143477,tot_remote,easy,2025-02-06 23:37:48
1541,166,5501418,semi_remote,medium,2025-02-06 23:54:48
1543,34,5021775,not_clear_remote,easy,2025-02-07 00:03:48
1545,4,4027321,not_remote,easy,2025-02-07 00:13:48
1547,232,1573461,not_clear_remote,easy,2025-02-07 00:30:48
1552,133,3864193,not_clear_remote,easy,2025-02-07 00:40:48
1554,166,3454844,not_remote,hard,2025-02-07 00:49:48
1555,67,5646852,semi_remote,easy,2025-02-07 01:04:48
1557,166,5120218,tot_remote,medium,2025-02-07 01:23:48
1558,298,5094764,semi_remote,medium,2025-02-07 01:40:48
1559,3,5533354,not_remote,easy,2025-02-07 01:49:48
1561,331,1489747,tot_remote,easy,2025-02-07 02:00:48
1562,4,5485446,semi_presence,easy,2025-02-07 02:18:48
1564,4,5659342,not_clear_remote,easy,2025-02-07 02:24:48
1566,5,4380670,semi_presence,medium,2025-02-07 02:29:48
1567,5,3342734,tot_remote,easy,2025-02-07 02:38:48
1568,34,3314686,tot_remote,easy,2025-02-07 02:56:48
1569,2,5605142,semi_presence,easy,2025-02-07 03:02:48
1571,265,5130307,semi_presence,medium,2025-02-07 03:17:48
1572,331,5325080,tot_remote,easy,2025-02-07 03:32:48
1573,4,5194437,semi_remote,easy,2025-02-07 03:47:48
1574,331,5589832,semi_presence,easy,2025-02-07 04:04:48
1575,265,4142948,temp_remote,easy,2025-02-07 04:13:48
1576,100,4191280,semi_remote,medium,2025-02-07 04:31:48
1577,2,5338156,not_clear_remote,easy,2025-02-07 04:49:48
1578,397,3099834,not_remote,easy,2025-02-07 04:57:48
1579,67,5445963,tot_remote,easy,2025-02-07 05:02:48
1582,133,4150489,not_clear_remote,easy,2025-02-07 05:12:48
1583,232,5018192,semi_presence,easy,2025-02-07 05:24:48
1584,331,5596272,semi_presence,easy,2025-02-07 05:41:48
1585,265,4591461,semi_remote,easy,2025-02-07 05:53:48
1586,265,3209619,not_remote,hard,2025-02-07 06:08:48
1587,199,5430429,tot_remote,medium,2025-02-07 06:13:48
1588,397,5664103,semi_remote,easy,2025-02-07 06:33:48
1589,5,4065084,not_clear_remote,medium,2025-02-07 06:49:48
1591,100,4376348,not_clear_remote,medium,2025-02-07 06:56:48
1592,331,5618348,not_clear_remote,easy,2025-02-07 07:16:48
1593,4,5189074,semi_presence,easy,2025-02-07 07:21:48
1594,4,5414551,semi_remote,medium,2025-02-07 07:32:48
1595,397,5010796,tot_remote,easy,2025-02-07 07:44:48
1596,67,4074685,temp_remote,easy,2025-02-07 08:04:48
1599,3,4095113,semi_presence,easy,2025-02-07 08:11:48
1601,100,4078590,tot_remote,easy,2025-02-07 08:18:48
1602,4,5023035,semi_remote,easy,2025-02-07 08:35:48
1603,133,4427049,tot_remote,easy,2025-02-07 08:52:48
1605,100,5505810,not_clear_remote,medium,2025-02-07 09:04:48
1606,232,4116456,temp_remote,easy,2025-02-07 09:12:48
1608,166,4050578,tot_remote,medium,2025-02-07 09:30:48
1611,331,4076199,temp_remote,easy,2025-02-07 09:37:48
1612,199,357889,tot_remote,easy,2025-02-07 09:44:48
1613,166,4082286,tot_remote,easy,2025-02-07 09:51:48
1614,166,4443003,semi_presence,easy,2025-02-07 10:00:48
1616,133,5340502,not_clear_remote,hard,2025-02-07 10:12:48
1617,265,3507999,not_remote,medium,2025-02-07 10:30:48
1618,397,3456750,semi_remote,easy,2025-02-07 10:50:48
1619,67,4078577,tot_remote,easy,2025-02-07 11:08:48
1620,4,4056026,tot_remote,easy,2025-02-07 11:21:48
1621,3,2604849,not_clear_remote,medium,2025-02-07 11:28:48
1625,100,4070640,temp_remote,easy,2025-02-07 11:44:48
1626,100,4141119,temp_remote,easy,2025-02-07 12:04:48
1627,67,5218725,not_clear_remote,easy,2025-02-07 12:24:48
1631,397,3297693,not_remote,medium,2025-02-07 12:40:48
1633,331,4384052,temp_remote,easy,2025-02-07 12:58:48
1634,133,4155079,semi_remote,hard,2025-02-07 13:10:48
1635,397,4050441,semi_presence,easy,2025-02-07 13:15:48
1636,5,5611759,semi_presence,easy,2025-02-07 13:30:48
1637,166,3326404,not_remote,hard,2025-02-07 13:44:48
1639,166,4060437,temp_remote,easy,2025-02-07 13:58:48
1640,298,398582,tot_remote,medium,2025-02-07 14:03:48
1641,5,4066920,tot_remote,easy,2025-02-07 14:19:48
1642,166,4041269,tot_remote,easy,2025-02-07 14:33:48
1645,265,4074536,semi_remote,medium,2025-02-07 14:46:48
1646,67,4524505,not_remote,easy,2025-02-07 15:06:48
1648,265,5084752,semi_remote,medium,2025-02-07 15:19:48
1649,3,421052,tot_remote,easy,2025-02-07 15:25:48
1650,397,4235533,tot_remote,easy,2025-02-07 15:37:48
1651,298,5283333,not_remote,easy,2025-02-07 15:48:48
1653,4,4092173,not_clear_remote,medium,2025-02-07 16:07:48
1654,133,626187,not_remote,easy,2025-02-07 16:19:48
1657,331,4249095,not_clear_remote,easy,2025-02-07 16:24:48
1658,100,4056783,semi_remote,easy,2025-02-07 16:34:48
1659,133,2822600,not_remote,easy,2025-02-07 16:39:48
1660,4,3982755,not_remote,easy,2025-02-07 16:49:48
1661,265,4654899,tot_remote,easy,2025-02-07 17:00:48
1662,166,4255543,tot_remote,easy,2025-02-07 17:17:48
1663,232,4086483,tot_remote,easy,2025-02-07 17:35:48
1664,100,5185164,tot_remote,easy,2025-02-07 17:55:48
1665,2,4126328,not_clear_remote,easy,2025-02-07 18:13:48
1666,4,5161069,not_clear_remote,medium,2025-02-07 18:20:48
1667,331,4110736,tot_remote,easy,2025-02-07 18:30:48
1668,4,4591461,semi_remote,easy,2025-02-07 18:49:48
1669,166,4207471,tot_remote,medium,2025-02-07 18:59:48
1670,133,4065673,temp_remote,easy,2025-02-07 19:05:48
1671,331,5210479,not_clear_remote,easy,2025-02-07 19:15:48
1674,4,4201728,semi_remote,easy,2025-02-07 19:23:48
1675,397,5581416,semi_presence,easy,2025-02-07 19:33:48
1676,199,3144693,not_remote,easy,2025-02-07 19:40:48
1677,265,5133458,not_remote,easy,2025-02-07 19:50:48
1680,3,3541556,not_clear_remote,medium,2025-02-07 19:59:48
1681,265,4056456,semi_presence,medium,2025-02-07 20:04:48
1682,4,4642903,temp_remote,easy,2025-02-07 20:11:48
1684,4,4083973,tot_remote,easy,2025-02-07 20:30:48
1685,5,4075025,tot_remote,easy,2025-02-07 20:43:48
1686,67,4141757,tot_remote,easy,2025-02-07 20:59:48
1687,4,4398709,semi_remote,easy,2025-02-07 21:10:48
1688,397,5659783,not_remote,easy,2025-02-07 21:30:48
1689,4,4139134,tot_remote,easy,2025-02-07 21:39:48
1691,67,5276693,not_clear_remote,hard,2025-02-07 21:46:48
1693,100,4040621,tot_remote,easy,2025-02-07 22:01:48
1694,100,4574921,semi_remote,medium,2025-02-07 22:21:48
1695,4,3955417,tot_remote,easy,2025-02-07 22:31:48
1696,133,1001280,tot_remote,medium,2025-02-07 22:44:48
1697,100,4096279,tot_remote,easy,2025-02-07 23:03:48
1699,4,4482635,temp_remote,easy,2025-02-07 23:16:48
1700,232,826111,tot_remote,easy,2025-02-07 23:29:48
1701,133,5526569,not_clear_remote,medium,2025-02-07 23:40:48
1702,331,5525522,tot_remote,easy,2025-02-07 23:49:48
1703,199,4645665,tot_remote,easy,2025-02-08 00:02:48
1704,199,4034772,not_remote,easy,2025-02-08 00:10:48
1706,100,5584401,not_clear_remote,medium,2025-02-08 00:25:48
1707,3,3792939,not_remote,easy,2025-02-08 00:32:48
1708,199,209924,tot_remote,easy,2025-02-08 00:47:48
1709,166,4394675,tot_remote,medium,2025-02-08 00:59:48
1710,4,4054518,temp_remote,medium,2025-02-08 01:15:48
1714,3,5639908,not_remote,easy,2025-02-08 01:31:48
1716,5,5271301,tot_remote,easy,2025-02-08 01:50:48
1719,232,4664884,semi_presence,easy,2025-02-08 01:56:48
1720,2,4060412,temp_remote,easy,2025-02-08 02:16:48
1721,199,4031869,temp_remote,easy,2025-02-08 02:34:48
1722,3,5323837,tot_remote,easy,2025-02-08 02:47:48
1723,4,4141688,temp_remote,easy,2025-02-08 03:05:48
1724,4,4485031,semi_remote,medium,2025-02-08 03:19:48
1725,331,4084891,semi_presence,easy,2025-02-08 03:32:48
1726,397,5068126,tot_remote,easy,2025-02-08 03:45:48
1727,331,4517327,semi_remote,easy,2025-02-08 04:01:48
1728,232,4225268,not_clear_remote,easy,2025-02-08 04:07:48
1729,4,4213401,not_clear_remote,easy,2025-02-08 04:12:48
1730,166,463614,not_remote,hard,2025-02-08 04:23:48
1732,4,4142724,not_clear_remote,easy,2025-02-08 04:38:48
1733,4,5462319,tot_remote,easy,2025-02-08 04:46:48
1734,4,4460740,tot_remote,easy,2025-02-08 04:57:48
1735,67,5477554,not_remote,easy,2025-02-08 05:10:48
1737,3,5355911,semi_presence,easy,2025-02-08 05:25:48
1738,232,5185629,semi_remote,easy,2025-02-08 05:31:48
1739,5,4116871,tot_remote,easy,2025-02-08 05:51:48
1740,232,5525065,semi_presence,easy,2025-02-08 06:03:48
1741,5,568275,tot_remote,easy,2025-02-08 06:13:48
1742,3,5479859,not_remote,easy,2025-02-08 06:31:48
1744,166,5605204,semi_remote,easy,2025-02-08 06:39:48
1745,4,4131815,not_remote,easy,2025-02-08 06:53:48
1752,298,3209619,not_remote,medium,2025-02-08 07:02:48
1753,67,4138855,temp_remote,easy,2025-02-08 07:16:48
1755,34,4055023,tot_remote,easy,2025-02-08 07:34:48
1756,232,5530006,semi_presence,easy,2025-02-08 07:49:48
1757,100,4648623,tot_remote,easy,2025-02-08 08:04:48
1759,3,5543898,not_remote,easy,2025-02-08 08:24:48
1760,67,4087866,temp_remote,easy,2025-02-08 08:44:48
1765,298,4040457,temp_remote,easy,2025-02-08 08:56:48
1768,199,3003811,not_remote,easy,2025-02-08 09:08:48
1769,2,4124081,tot_remote,easy,2025-02-08 09:18:48
1770,331,5637479,not_clear_remote,easy,2025-02-08 09:24:48
1771,133,4387950,not_remote,medium,2025-02-08 09:38:48
1772,4,5289405,semi_presence,easy,2025-02-08 09:44:48
1774,5,4607485,not_clear_remote,easy,2025-02-08 10:03:48
1775,100,4331060,semi_remote,easy,2025-02-08 10:08:48
1776,4,4137594,tot_remote,easy,2025-02-08 10:15:48
1777,5,5655690,semi_presence,easy,2025-02-08 10:27:48
1779,4,4268374,tot_remote,easy,2025-02-08 10:37:48
1781,4,5352780,semi_presence,easy,2025-02-08 10:42:48
1782,199,4080151,tot_remote,easy,2025-02-08 11:01:48
1785,5,4090233,temp_remote,easy,2025-02-08 11:15:48
1786,166,5354354,semi_remote,medium,2025-02-08 11:26:48
1787,100,4383459,tot_remote,easy,2025-02-08 11:43:48
1788,397,3771691,not_remote,easy,2025-02-08 11:53:48
1790,3,1556059,temp_remote,easy,2025-02-08 12:12:48
1791,4,5119447,temp_remote,easy,2025-02-08 12:26:48
1793,232,3238024,not_remote,easy,2025-02-08 12:31:48
1795,298,5213253,semi_remote,easy,2025-02-08 12:45:48
1796,199,4078570,tot_remote,medium,2025-02-08 12:54:48
1797,67,5630729,semi_presence,easy,2025-02-08 13:08:48
1799,4,4114577,tot_remote,easy,2025-02-08 13:15:48
1803,298,803097,semi_remote,easy,2025-02-08 13:32:48
1804,265,5221005,not_remote,medium,2025-02-08 13:52:48
1805,4,4611903,not_clear_remote,hard,2025-02-08 14:07:48
1806,3,3665890,not_remote,easy,2025-02-08 14:22:48
1808,67,4108908,tot_remote,easy,2025-02-08 14:36:48
1810,298,3865971,semi_remote,easy,2025-02-08 14:48:48
1811,4,4119158,not_clear_remote,easy,2025-02-08 15:06:48
1812,265,5320211,tot_remote,easy,2025-02-08 15:19:48
1814,3,4083973,tot_remote,easy,2025-02-08 15:26:48
1815,397,3361061,not_remote,easy,2025-02-08 15:35:48
1816,265,5300600,semi_presence,easy,2025-02-08 15:40:48
1817,4,5536652,semi_remote,medium,2025-02-08 15:45:48
1819,4,4019176,semi_remote,medium,2025-02-08 15:53:48
1821,4,4098535,temp_remote,easy,2025-02-08 16:03:48
1822,4,5261665,tot_remote,easy,2025-02-08 16:17:48
1825,298,451845,not_clear_remote,easy,2025-02-08 16:30:48
1826,4,4225268,not_clear_remote,easy,2025-02-08 16:35:48
1827,199,4659505,not_clear_remote,medium,2025-02-08 16:45:48
1828,331,4131808,semi_remote,medium,2025-02-08 16:59:48
1830,34,5342105,not_clear_remote,easy,2025-02-08 17:09:48
1832,4,4056365,not_clear_remote,easy,2025-02-08 17:21:48
1833,2,3930385,not_remote,easy,2025-02-08 17:36:48
1834,397,3797952,not_remote,easy,2025-02-08 17:55:48
1835,67,5138342,semi_remote,easy,2025-02-08 18:00:48
1837,4,3825040,tot_remote,easy,2025-02-08 18:15:48
1838,298,5609135,semi_remote,easy,2025-02-08 18:26:48
1839,4,5208618,not_clear_remote,hard,2025-02-08 18:42:48
1841,298,5351958,tot_remote,medium,2025-02-08 18:57:48
1842,34,4215732,temp_remote,easy,2025-02-08 19:03:48
1843,4,5589868,semi_presence,easy,2025-02-08 19:09:48
1844,265,3983609,semi_remote,easy,2025-02-08 19:27:48
1845,34,4135275,temp_remote,easy,2025-02-08 19:38:48
1849,2,4052452,temp_remote,easy,2025-02-08 19:45:48
1851,331,5596745,semi_presence,easy,2025-02-08 20:00:48
1852,4,4339039,tot_remote,easy,2025-02-08 20:06:48
1853,199,4490653,semi_remote,easy,2025-02-08 20:19:48
1856,199,2603488,tot_remote,easy,2025-02-08 20:30:48
1859,67,5665712,semi_presence,easy,2025-02-08 20:41:48
1860,4,5286883,tot_remote,medium,2025-02-08 20:47:48
1862,397,3053403,not_remote,easy,2025-02-08 20:53:48
1863,4,5082724,tot_remote,medium,2025-02-08 21:02:48
1864,4,5510267,semi_remote,medium,2025-02-08 21:17:48
1865,3,2694178,not_clear_remote,easy,2025-02-08 21:27:48
1866,298,5189084,tot_remote,easy,2025-02-08 21:47:48
1868,4,5350235,not_remote,easy,2025-02-08 22:03:48
1869,4,4124002,tot_remote,easy,2025-02-08 22:15:48
1870,331,4278026,not_clear_remote,easy,2025-02-08 22:32:48
1871,265,3789097,semi_presence,easy,2025-02-08 22:41:48
1874,166,4084406,tot_remote,easy,2025-02-08 22:59:48
1876,397,3650657,not_remote,easy,2025-02-08 23:17:48
1878,100,2342029,not_remote,medium,2025-02-08 23:26:48
1879,397,2055982,tot_remote,easy,2025-02-08 23:33:48
1881,232,4117939,not_clear_remote,easy,2025-02-08 23:46:48
1883,397,392410,tot_remote,easy,2025-02-09 00:00:48
1887,4,3899880,tot_remote,easy,2025-02-09 00:19:48
1888,265,5118497,not_remote,easy,2025-02-09 00:30:48
1890,331,5145901,tot_remote,easy,2025-02-09 00:50:48
1893,3,5294738,temp_remote,easy,2025-02-09 01:02:48
1894,166,5552829,not_remote,hard,2025-02-09 01:16:48
1895,100,4356955,semi_remote,medium,2025-02-09 01:28:48
1896,5,4088318,temp_remote,easy,2025-02-09 01:35:48
1897,331,4193911,not_clear_remote,easy,2025-02-09 01:50:48
1901,199,5402267,not_clear_remote,medium,2025-02-09 02:02:48
1902,199,5449152,not_clear_remote,easy,2025-02-09 02:20:48
1903,4,4085146,temp_remote,easy,2025-02-09 02:27:48
1904,100,4105133,not_clear_remote,medium,2025-02-09 02:47:48
1908,100,5301312,tot_remote,easy,2025-02-09 02:56:48
1911,199,3920630,not_clear_remote,easy,2025-02-09 03:15:48
1912,4,5467316,tot_remote,easy,2025-02-09 03:25:48
1913,4,4144465,tot_remote,easy,2025-02-09 03:37:48
1914,100,5082091,semi_presence,medium,2025-02-09 03:51:48
1915,5,5386141,tot_remote,easy,2025-02-09 04:09:48
1917,100,331372,semi_remote,easy,2025-02-09 04:28:48
1918,4,4206386,tot_remote,easy,2025-02-09 04:33:48
1919,265,4266374,tot_remote,easy,2025-02-09 04:51:48
1920,298,5532888,tot_remote,easy,2025-02-09 05:09:48
1924,331,4085837,tot_remote,easy,2025-02-09 05:20:48
1925,232,4126307,semi_remote,easy,2025-02-09 05:35:48
1927,232,5399140,not_clear_remote,medium,2025-02-09 05:54:48
1928,133,5129487,not_clear_remote,medium,2025-02-09 06:00:48
1929,5,5409259,not_clear_remote,easy,2025-02-09 06:06:48
1930,232,501194,not_remote,easy,2025-02-09 06:14:48
1931,3,4191280,semi_presence,easy,2025-02-09 06:25:48
1933,166,4144516,tot_remote,medium,2025-02-09 06:35:48
1934,133,471929,tot_remote,medium,2025-02-09 06:48:48
1935,100,4431275,tot_remote,easy,2025-02-09 07:01:48
1936,4,4150682,not_clear_remote,easy,2025-02-09 07:19:48
1937,5,2046108,not_remote,easy,2025-02-09 07:29:48
1938,298,5410527,semi_remote,easy,2025-02-09 07:42:48
1939,331,5627673,semi_presence,easy,2025-02-09 07:47:48
1941,67,5397478,tot_remote,medium,2025-02-09 07:53:48
1943,4,5646725,tot_remote,easy,2025-02-09 08:08:48
1947,100,5337056,tot_remote,easy,2025-02-09 08:23:48
1949,5,521720,tot_remote,easy,2025-02-09 08:32:48
1951,166,1820680,not_remote,medium,2025-02-09 08:46:48
1952,34,4616597,not_clear_remote,easy,2025-02-09 08:55:48
1953,2,5230168,not_clear_remote,easy,2025-02-09 09:14:48
1954,3,5165948,not_clear_remote,medium,2025-02-09 09:24:48
1956,3,5628665,semi_presence,easy,2025-02-09 09:30:48
1960,265,4049918,tot_remote,easy,2025-02-09 09:49:48
1961,397,4216391,tot_remote,easy,2025-02-09 10:04:48
1962,5,3523941,not_remote,easy,2025-02-09 10:16:48
1963,34,635685,not_clear_remote,easy,2025-02-09 10:22:48
1964,3,4209187,tot_remote,easy,2025-02-09 10:42:48
1967,34,358841,tot_remote,easy,2025-02-09 11:00:48
1969,166,5491422,semi_presence,medium,2025-02-09 11:07:48
1970,4,4098735,tot_remote,easy,2025-02-09 11:19:48
1972,3,4130530,tot_remote,easy,2025-02-09 11:25:48
1975,4,4664884,semi_presence,easy,2025-02-09 11:37:48
1977,265,4413818,semi_remote,hard,2025-02-09 11:45:48
1979,2,5589097,semi_presence,easy,2025-02-09 11:52:48
1980,2,5226737,not_clear_remote,easy,2025-02-09 12:07:48
1981,2,408091,tot_remote,easy,2025-02-09 12:24:48
1982,4,4114098,semi_remote,easy,2025-02-09 12:39:48
1983,4,4035162,tot_remote,easy,2025-02-09 12:53:48
1984,166,4084119,tot_remote,easy,2025-02-09 13:12:48
1985,3,3168842,not_remote,easy,2025-02-09 13:17:48
1986,166,5250488,not_remote,medium,2025-02-09 13:37:48
1987,2,4117939,not_clear_remote,easy,2025-02-09 13:42:48
1989,298,4382449,tot_remote,medium,2025-02-09 13:53:48
1990,4,4419022,not_remote,easy,2025-02-09 14:01:48
1991,67,5642077,semi_presence,easy,2025-02-09 14:17:48
1992,397,533979,not_remote,easy,2025-02-09 14:24:48
1993,397,2970644,tot_remote,easy,2025-02-09 14:43:48
1994,331,4126482,temp_remote,easy,2025-02-09 14:50:48
1995,298,5536303,tot_remote,medium,2025-02-09 15:03:48
1997,397,4605819,semi_presence,easy,2025-02-09 15:14:48
1999,133,5549701,not_clear_remote,hard,2025-02-09 15:27:48
2000,67,4064203,temp_remote,hard,2025-02-09 15:36:48
2001,166,3277907,not_remote,medium,2025-02-09 15:48:48
2003,4,5096242,tot_remote,easy,2025-02-09 16:08:48
2008,199,3956241,not_remote,easy,2025-02-09 16:13:48
2009,100,5294438,tot_remote,easy,2025-02-09 16:33:48
2010,67,4155113,tot_remote,easy,2025-02-09 16:49:48
2011,3,4596471,not_clear_remote,easy,2025-02-09 17:06:48
2012,232,4078642,semi_remote,easy,2025-02-09 17:14:48
2013,265,203773,not_remote,medium,2025-02-09 17:28:48
2015,232,293478,not_remote,easy,2025-02-09 17:46:48
2017,265,4130178,semi_presence,easy,2025-02-09 18:06:48
2018,3,4089069,not_clear_remote,medium,2025-02-09 18:25:48
2019,331,4074969,not_clear_remote,medium,2025-02-09 18:39:48
2021,4,4239287,temp_remote,easy,2025-02-09 18:58:48
2022,4,4094539,tot_remote,easy,2025-02-09 19:12:48
2024,4,4617655,not_clear_remote,easy,2025-02-09 19:30:48
2025,4,5560177,tot_remote,easy,2025-02-09 19:43:48
2026,5,5531797,tot_remote,easy,2025-02-09 19:59:48
2028,5,4026171,semi_remote,easy,2025-02-09 20:08:48
2029,2,5658121,not_remote,easy,2025-02-09 20:16:48
2031,5,4433417,not_clear_remote,easy,2025-02-09 20:28:48
2032,4,3794615,semi_presence,easy,2025-02-09 20:41:48
2033,199,4147405,semi_presence,medium,2025-02-09 20:55:48
2034,4,5568670,semi_remote,easy,2025-02-09 21:15:48
2035,199,4128691,temp_remote,easy,2025-02-09 21:28:48
2037,4,4303400,tot_remote,medium,2025-02-09 21:42:48
2038,166,5549366,semi_presence,medium,2025-02-09 21:50:48
2041,4,4135314,not_clear_remote,medium,2025-02-09 21:57:48
2042,5,4046496,temp_remote,easy,2025-02-09 22:05:48
2043,4,5271932,semi_presence,easy,2025-02-09 22:12:48
2044,265,4131498,temp_remote,easy,2025-02-09 22:17:48
2047,265,4125637,semi_remote,easy,2025-02-09 22:24:48
2048,298,5217585,tot_remote,easy,2025-02-09 22:39:48
2049,67,4034772,temp_remote,easy,2025-02-09 22:55:48
2050,232,5642759,semi_remote,easy,2025-02-09 23:08:48
2051,4,5347511,tot_remote,easy,2025-02-09 23:22:48
2052,100,4138915,tot_remote,easy,2025-02-09 23:30:48
2053,3,4087717,semi_presence,medium,2025-02-09 23:36:48
2054,4,5099637,semi_remote,medium,2025-02-09 23:50:48
2057,397,2265710,tot_remote,easy,2025-02-10 00:05:48
2058,2,5447417,tot_remote,easy,2025-02-10 00:19:48
2059,2,4064037,tot_remote,easy,2025-02-10 00:26:48
2060,34,5119282,not_remote,easy,2025-02-10 00:43:48
2064,3,4080236,temp_remote,easy,2025-02-10 00:56:48
2067,4,4626670,tot_remote,easy,2025-02-10 01:05:48
2068,5,4017434,temp_remote,easy,2025-02-10 01:17:48
2069,67,4063229,tot_remote,easy,2025-02-10 01:22:48
2070,166,4209504,tot_remote,easy,2025-02-10 01:31:48
2071,100,4538128,tot_remote,easy,2025-02-10 01:36:48
2073,232,4333165,tot_remote,easy,2025-02-10 01:47:48
2074,265,4086001,tot_remote,easy,2025-02-10 01:52:48
2077,397,3930385,tot_remote,easy,2025-02-10 02:00:48
2078,4,4281570,semi_remote,easy,2025-02-10 02:17:48
2081,100,3786887,not_remote,easy,2025-02-10 02:30:48
2084,298,3819904,semi_presence,medium,2025-02-10 02:48:48
2085,4,3834712,not_clear_remote,hard,2025-02-10 03:00:48
2086,232,5352780,semi_presence,easy,2025-02-10 03:19:48
2087,265,5369803,tot_remote,easy,2025-02-10 03:32:48
2088,199,3041011,not_remote,easy,2025-02-10 03:37:48
2089,4,5632307,semi_presence,easy,2025-02-10 03:51:48
2090,2,5250488,not_remote,easy,2025-02-10 04:06:48
2091,166,5642806,semi_presence,easy,2025-02-10 04:19:48
2092,4,5562327,not_clear_remote,medium,2025-02-10 04:34:48
2093,2,4062557,not_clear_remote,easy,2025-02-10 04:42:48
2094,199,5192260,not_remote,easy,2025-02-10 04:59:48
2096,232,3137835,not_remote,easy,2025-02-10 05:17:48
2097,298,4328136,tot_remote,medium,2025-02-10 05:31:48
2099,100,4005026,tot_remote,easy,2025-02-10 05:38:48
2100,34,4104783,tot_remote,medium,2025-02-10 05:54:48
2101,2,4102551,temp_remote,easy,2025-02-10 06:09:48
2104,265,5479039,semi_presence,medium,2025-02-10 06:26:48
2105,67,5517590,semi_presence,easy,2025-02-10 06:32:48
2106,133,4079879,tot_remote,easy,2025-02-10 06:39:48
2108,3,5577231,semi_presence,medium,2025-02-10 06:49:48
2110,34,4258989,not_clear_remote,easy,2025-02-10 07:01:48
2111,4,4125448,tot_remote,easy,2025-02-10 07:19:48
2112,166,3394281,tot_remote,easy,2025-02-10 07:25:48
2113,5,5475269,not_remote,easy,2025-02-10 07:35:48
2114,232,1712443,not_remote,easy,2025-02-10 07:49:48
2116,166,4269401,tot_remote,medium,2025-02-10 07:55:48
2117,331,5301965,tot_remote,easy,2025-02-10 08:15:48
2118,3,4623326,tot_remote,easy,2025-02-10 08:21:48
2120,3,4179538,temp_remote,easy,2025-02-10 08:27:48
2123,100,4106818,semi_remote,easy,2025-02-10 08:47:48
2124,4,4505192,semi_remote,medium,2025-02-10 08:52:48
2125,166,4118202,temp_remote,hard,2025-02-10 08:57:48
2130,4,4151693,temp_remote,easy,2025-02-10 09:11:48
2131,232,5158735,semi_remote,easy,2025-02-10 09:19:48
2132,232,4199937,semi_presence,easy,2025-02-10 09:24:48
2134,298,5107024,tot_remote,easy,2025-02-10 09:36:48
2135,133,4410623,temp_remote,easy,2025-02-10 09:47:48
2137,298,5430429,tot_remote,easy,2025-02-10 10:03:48
2138,331,997055,not_remote,easy,2025-02-10 10:16:48
2139,397,3519313,not_remote,easy,2025-02-10 10:32:48
2140,298,4445900,not_remote,easy,2025-02-10 10:44:48
2142,4,4112940,tot_remote,easy,2025-02-10 10:58:48
2144,397,2730258,semi_presence,easy,2025-02-10 11:09:48
2146,3,4105133,not_clear_remote,medium,2025-02-10 11:17:48
2148,67,5597426,not_clear_remote,easy,2025-02-10 11:30:48
2151,4,5342251,tot_remote,easy,2025-02-10 11:38:48
2152,199,5208922,tot_remote,easy,2025-02-10 11:57:48
2153,67,3353148,semi_presence,easy,2025-02-10 12:02:48
2155,166,336912,tot_remote,medium,2025-02-10 12:12:48
2158,298,4120507,tot_remote,easy,2025-02-10 12:25:48
2160,232,4154163,not_remote,easy,2025-02-10 12:33:48
2161,133,4124364,not_clear_remote,medium,2025-02-10 12:38:48
2162,331,4236151,not_remote,easy,2025-02-10 12:50:48
2163,298,5472636,semi_remote,easy,2025-02-10 13:01:48
2164,100,3052475,semi_remote,easy,2025-02-10 13:19:48
2165,3,820159,not_remote,easy,2025-02-10 13:24:48
2166,5,5231529,semi_remote,easy,2025-02-10 13:37:48
2167,67,4462491,semi_remote,medium,2025-02-10 13:47:48
2169,3,5485446,semi_presence,easy,2025-02-10 14:01:48
2170,265,533979,not_remote,easy,2025-02-10 14:06:48
2172,2,4064982,tot_remote,easy,2025-02-10 14:16:48
2173,2,4268520,tot_remote,easy,2025-02-10 14:34:48
2174,3,2974515,not_remote,easy,2025-02-10 14:42:48
2178,4,4061144,not_clear_remote,easy,2025-02-10 14:58:48
2179,4,4049811,semi_remote,easy,2025-02-10 15:16:48
2180,133,3945372,tot_remote,medium,2025-02-10 15:36:48
2181,67,4020430,tot_remote,easy,2025-02-10 15:41:48
2184,5,4087775,semi_remote,easy,2025-02-10 15:51:48
2185,232,4089900,tot_remote,easy,2025-02-10 15:59:48
2191,199,4075210,not_clear_remote,easy,2025-02-10 16:19:48
2192,4,4209187,tot_remote,easy,2025-02-10 16:31:48
2193,34,4198792,not_clear_remote,easy,2025-02-10 16:46:48
2195,4,4072347,tot_remote,easy,2025-02-10 16:53:48
2196,265,5302793,tot_remote,medium,2025-02-10 17:02:48
2198,265,4109479,tot_remote,easy,2025-02-10 17:07:48
2199,199,5557597,not_clear_remote,easy,2025-02-10 17:16:48
2201,232,5329939,semi_remote,easy,2025-02-10 17:30:48
2203,331,2415855,tot_remote,easy,2025-02-10 17:35:48
2204,133,5400777,not_clear_remote,medium,2025-02-10 17:49:48
2205,331,4116871,tot_remote,easy,2025-02-10 18:02:48
2207,100,222997,tot_remote,easy,2025-02-10 18:12:48
2209,331,4209504,semi_remote,medium,2025-02-10 18:29:48
2210,166,3655154,tot_remote,medium,2025-02-10 18:39:48
2211,4,5619250,not_remote,easy,2025-02-10 18:51:48
2212,166,5577345,tot_remote,medium,2025-02-10 19:11:48
2215,265,4476871,semi_remote,easy,2025-02-10 19:22:48
2217,3,5447329,not_remote,easy,2025-02-10 19:29:48
2220,67,5163228,tot_remote,easy,2025-02-10 19:48:48
2221,232,5486507,semi_remote,easy,2025-02-10 19:59:48
2222,232,5264864,semi_remote,easy,2025-02-10 20:17:48
2226,331,4127626,temp_remote,easy,2025-02-10 20:28:48
2227,397,5386087,semi_remote,easy,2025-02-10 20:47:48
2228,199,4500319,semi_presence,easy,2025-02-10 20:57:48
2229,100,4655952,not_remote,easy,2025-02-10 21:15:48
2231,3,4574921,not_clear_remote,easy,2025-02-10 21:27:48
2233,4,4368453,tot_remote,easy,2025-02-10 21:39:48
2236,133,5633728,not_clear_remote,easy,2025-02-10 21:52:48
2237,298,4316785,tot_remote,easy,2025-02-10 22:06:48
2238,331,3110203,not_clear_remote,easy,2025-02-10 22:20:48
2239,4,4266170,tot_remote,easy,2025-02-10 22:31:48
2242,67,5371336,tot_remote,easy,2025-02-10 22:44:48
2243,34,4503966,tot_remote,easy,2025-02-10 23:03:48
2244,34,5609556,tot_remote,easy,2025-02-10 23:14:48
2245,5,4068959,temp_remote,easy,2025-02-10 23:27:48
2246,4,5649052,semi_remote,easy,2025-02-10 23:46:48
2248,67,405117,tot_remote,easy,2025-02-11 00:01:48
2249,265,4500131,not_remote,medium,2025-02-11 00:20:48
2250,4,5450080,semi_presence,easy,2025-02-11 00:29:48
2251,199,4083688,temp_remote,easy,2025-02-11 00:39:48
2252,34,4110050,not_clear_remote,easy,2025-02-11 00:44:48
2253,298,4388522,semi_remote,easy,2025-02-11 00:54:48
2254,4,5170166,semi_remote,easy,2025-02-11 01:05:48
2256,298,4155082,semi_remote,medium,2025-02-11 01:25:48
2257,67,4267590,not_clear_remote,medium,2025-02-11 01:45:48
2258,232,4091956,not_remote,easy,2025-02-11 01:59:48
2259,3,5123378,tot_remote,medium,2025-02-11 02:17:48
2260,166,4070147,tot_remote,medium,2025-02-11 02:35:48
2261,2,5629167,not_clear_remote,medium,2025-02-11 02:53:48
2262,331,5172661,tot_remote,easy,2025-02-11 02:59:48
2263,5,4145039,semi_remote,easy,2025-02-11 03:18:48
2264,298,4083407,temp_remote,easy,2025-02-11 03:33:48
2265,265,3782808,not_clear_remote,easy,2025-02-11 03:47:48
2266,67,4058541,tot_remote,easy,2025-02-11 03:56:48
2267,265,5034276,not_remote,easy,2025-02-11 04:15:48
2268,4,4105653,semi_presence,medium,2025-02-11 04:21:48
2270,199,4012771,tot_remote,easy,2025-02-11 04:31:48
2271,5,4089589,tot_remote,easy,2025-02-11 04:38:48
2273,298,1934818,not_remote,easy,2025-02-11 04:55:48
2276,232,5295181,semi_remote,easy,2025-02-11 05:08:48
2277,199,4048512,tot_remote,easy,2025-02-11 05:13:48
2278,265,4138649,tot_remote,easy,2025-02-11 05:28:48
2279,298,4092213,temp_remote,easy,2025-02-11 05:48:48
2280,133,4134606,tot_remote,easy,2025-02-11 06:07:48
2283,3,4440415,semi_remote,medium,2025-02-11 06:22:48
2284,265,4547128,semi_presence,medium,2025-02-11 06:42:48
2286,4,4043079,tot_remote,easy,2025-02-11 06:58:48
2288,232,5078586,semi_remote,easy,2025-02-11 07:04:48
2289,199,5630729,semi_presence,easy,2025-02-11 07:24:48
2290,3,4090545,tot_remote,easy,2025-02-11 07:31:48
2291,5,5569196,not_remote,easy,2025-02-11 07:36:48
2293,34,5355187,not_clear_remote,easy,2025-02-11 07:43:48
2294,331,4294797,temp_remote,easy,2025-02-11 07:55:48
2295,331,5231235,tot_remote,easy,2025-02-11 08:02:48
2298,100,4348379,semi_remote,easy,2025-02-11 08:13:48
2301,67,3608193,not_remote,easy,2025-02-11 08:30:48
2304,199,4126049,tot_remote,easy,2025-02-11 08:42:48
2305,166,377717,tot_remote,easy,2025-02-11 08:51:48
2306,4,5098130,tot_remote,easy,2025-02-11 09:07:48
2310,331,5105651,not_clear_remote,easy,2025-02-11 09:26:48
2311,100,4448000,not_clear_remote,medium,2025-02-11 09:46:48
2312,4,4311043,tot_remote,easy,2025-02-11 09:51:48
2315,166,4116593,not_clear_remote,medium,2025-02-11 10:05:48
2319,100,5085414,not_clear_remote,medium,2025-02-11 10:15:48
2320,298,4090359,tot_remote,easy,2025-02-11 10:20:48
2321,232,4046215,temp_remote,easy,2025-02-11 10:38:48
2325,100,3887645,not_remote,easy,2025-02-11 10:50:48
2326,5,5252603,not_remote,easy,2025-02-11 11:00:48
2328,298,4538042,tot_remote,easy,2025-02-11 11:14:48
2330,397,2622733,not_remote,easy,2025-02-11 11:30:48
2332,100,5592552,tot_remote,easy,2025-02-11 11:44:48
2333,133,4064044,tot_remote,medium,2025-02-11 11:50:48
2334,4,4212287,semi_remote,easy,2025-02-11 11:58:48
2335,199,4072452,tot_remote,easy,2025-02-11 12:04:48
2336,133,4087517,temp_remote,easy,2025-02-11 12:09:48
2338,133,3730162,not_clear_remote,medium,2025-02-11 12:20:48
2340,67,4050052,tot_remote,easy,2025-02-11 12:30:48
2341,4,4082085,tot_remote,easy,2025-02-11 12:41:48
2342,133,5325481,not_clear_remote,hard,2025-02-11 12:56:48
2343,199,696778,not_remote,easy,2025-02-11 13:02:48
2346,199,5142902,tot_remote,easy,2025-02-11 13:17:48
2347,397,5506448,not_remote,easy,2025-02-11 13:36:48
2348,2,4370978,not_clear_remote,easy,2025-02-11 13:45:48
2349,4,5384613,semi_remote,medium,2025-02-11 13:56:48
2350,100,4126168,temp_remote,medium,2025-02-11 14:15:48
2351,166,4359451,not_remote,easy,2025-02-11 14:30:48
2353,199,4087796,tot_remote,easy,2025-02-11 14:44:48
2354,232,5038151,semi_presence,easy,2025-02-11 14:56:48
2355,4,4087517,temp_remote,easy,2025-02-11 15:09:48
2356,34,4091887,tot_remote,easy,2025-02-11 15:19:48
2357,4,4185439,tot_remote,easy,2025-02-11 15:25:48
2358,199,5067029,tot_remote,easy,2025-02-11 15:41:48
2359,4,4063008,tot_remote,easy,2025-02-11 15:58:48
2360,166,4080459,tot_remote,medium,2025-02-11 16:05:48
2361,397,4155156,tot_remote,easy,2025-02-11 16:22:48
2363,298,5263129,semi_presence,easy,2025-02-11 16:41:48
2364,298,5300600,semi_remote,easy,2025-02-11 16:54:48
2365,3,4078590,not_clear_remote,easy,2025-02-11 17:12:48
2366,4,4149036,tot_remote,easy,2025-02-11 17:24:48
2367,199,5625212,tot_remote,easy,2025-02-11 17:31:48
2369,265,4208344,tot_remote,easy,2025-02-11 17:48:48
2370,4,4127269,tot_remote,easy,2025-02-11 18:05:48
2371,67,4092706,tot_remote,easy,2025-02-11 18:19:48
2372,265,4132795,temp_remote,easy,2025-02-11 18:37:48
2373,133,4085892,tot_remote,easy,2025-02-11 18:45:48
2375,298,5148137,tot_remote,easy,2025-02-11 19:04:48
2376,4,4515097,semi_remote,easy,2025-02-11 19:17:48
2377,4,4074422,temp_remote,easy,2025-02-11 19:35:48
2379,199,5189084,tot_remote,easy,2025-02-11 19:41:48
2380,298,1765399,tot_remote,easy,2025-02-11 19:52:48
2382,397,3481903,tot_remote,easy,2025-02-11 20:11:48
2383,4,5273892,not_clear_remote,medium,2025-02-11 20:22:48
2385,166,5201238,tot_remote,medium,2025-02-11 20:42:48
2386,199,4070618,tot_remote,easy,2025-02-11 20:57:48
2387,298,3983609,semi_remote,easy,2025-02-11 21:07:48
2388,4,5432021,not_remote,easy,2025-02-11 21:26:48
2392,3,5116392,tot_remote,easy,2025-02-11 21:41:48
2393,133,4342200,tot_remote,medium,2025-02-11 21:55:48
2394,232,4092912,tot_remote,easy,2025-02-11 22:12:48
2395,34,5528898,tot_remote,easy,2025-02-11 22:32:48
2396,100,4047367,temp_remote,easy,2025-02-11 22:47:48
2398,331,5577345,tot_remote,easy,2025-02-11 22:55:48
2400,4,5362625,semi_presence,easy,2025-02-11 23:04:48
2401,397,3616474,not_remote,easy,2025-02-11 23:20:48
2403,331,4496579,not_clear_remote,easy,2025-02-11 23:28:48
2404,4,5603842,not_clear_remote,hard,2025-02-11 23:48:48
2405,4,4264039,not_clear_remote,easy,2025-02-11 23:57:48
2406,34,3374230,semi_presence,medium,2025-02-12 00:09:48
2408,199,5445963,tot_remote,easy,2025-02-12 00:29:48
2409,331,4099902,tot_remote,easy,2025-02-12 00:40:48
2413,199,5200020,semi_remote,easy,2025-02-12 00:52:48
2415,166,518805,not_clear_remote,easy,2025-02-12 00:59:48
2416,298,4232951,tot_remote,easy,2025-02-12 01:13:48
2417,3,3357160,not_remote,medium,2025-02-12 01:23:48
2418,2,234566,not_clear_remote,easy,2025-02-12 01:30:48
2419,67,4090430,not_clear_remote,hard,2025-02-12 01:44:48
2420,3,1287782,not_remote,easy,2025-02-12 01:55:48
2421,67,456345,tot_remote,easy,2025-02-12 02:11:48
2422,5,5172661,tot_remote,easy,2025-02-12 02:23:48
2424,4,4090283,semi_remote,easy,2025-02-12 02:31:48
2425,3,5500991,tot_remote,easy,2025-02-12 02:37:48
2427,100,5569590,tot_remote,easy,2025-02-12 02:49:48
2428,4,4153954,tot_remote,easy,2025-02-12 03:05:48
2429,298,4045589,not_clear_remote,medium,2025-02-12 03:17:48
2430,232,4033551,tot_remote,easy,2025-02-12 03:34:48
2432,397,3788816,semi_presence,easy,2025-02-12 03:39:48
2433,100,5123378,tot_remote,easy,2025-02-12 03:49:48
2434,265,4051033,tot_remote,easy,2025-02-12 03:59:48
2435,67,5522916,semi_presence,hard,2025-02-12 04:11:48
2436,166,5376890,semi_remote,medium,2025-02-12 04:30:48
2437,199,5657326,semi_presence,easy,2025-02-12 04:35:48
2438,298,5415292,semi_remote,easy,2025-02-12 04:45:48
2439,34,5088672,semi_remote,easy,2025-02-12 04:53:48
2445,331,4087743,not_clear_remote,medium,2025-02-12 05:12:48
2446,34,5630743,semi_presence,easy,2025-02-12 05:18:48
2448,298,4221383,semi_remote,easy,2025-02-12 05:26:48
2449,4,4621211,tot_remote,easy,2025-02-12 05:40:48
2450,34,5568452,semi_remote,easy,2025-02-12 05:45:48
2451,100,4367288,tot_remote,easy,2025-02-12 06:00:48
2454,5,1726273,not_remote,easy,2025-02-12 06:14:48
2456,199,5031433,not_clear_remote,easy,2025-02-12 06:27:48
2457,298,2822655,not_remote,easy,2025-02-12 06:40:48
2458,67,4132023,not_clear_remote,easy,2025-02-12 06:49:48
2459,331,5197020,tot_remote,easy,2025-02-12 07:05:48
2460,298,4197759,semi_remote,easy,2025-02-12 07:17:48
2461,4,5601240,not_clear_remote,easy,2025-02-12 07:22:48
2462,232,5560177,tot_remote,easy,2025-02-12 07:42:48
2464,199,4154799,tot_remote,easy,2025-02-12 07:49:48
2465,232,3520006,not_remote,easy,2025-02-12 08:06:48
2466,298,4279002,tot_remote,easy,2025-02-12 08:13:48
2467,331,5354504,not_clear_remote,easy,2025-02-12 08:32:48
2468,199,5122440,not_remote,easy,2025-02-12 08:45:48
2469,397,3704729,not_remote,easy,2025-02-12 08:55:48
2470,265,3000330,not_remote,easy,2025-02-12 09:00:48
2473,2,3185366,semi_remote,medium,2025-02-12 09:07:48
2474,265,244485,tot_remote,easy,2025-02-12 09:18:48
2475,397,3237326,tot_remote,easy,2025-02-12 09:23:48
2476,298,4142948,tot_remote,easy,2025-02-12 09:40:48
2478,34,5348292,not_clear_remote,easy,2025-02-12 09:50:48
2479,265,4250546,temp_remote,easy,2025-02-12 09:59:48
2480,331,4154368,tot_remote,easy,2025-02-12 10:07:48
2483,397,3000330,not_remote,easy,2025-02-12 10:25:48
2485,100,4136592,temp_remote,medium,2025-02-12 10:30:48
2489,34,2866514,semi_presence,easy,2025-02-12 10:44:48
2490,232,4650358,tot_remote,easy,2025-02-12 11:03:48
2492,4,5202285,semi_remote,medium,2025-02-12 11:18:48
2493,4,5650140,not_remote,medium,2025-02-12 11:23:48
2494,265,4063010,semi_presence,medium,2025-02-12 11:43:48
2495,67,3514875,not_remote,easy,2025-02-12 12:00:48
2496,232,5150520,semi_remote,easy,2025-02-12 12:12:48
2498,397,4139240,tot_remote,easy,2025-02-12 12:21:48
2499,4,4272239,semi_presence,medium,2025-02-12 12:41:48
2500,265,5665707,temp_remote,easy,2025-02-12 13:01:48
2501,265,4108407,tot_remote,easy,2025-02-12 13:11:48
2503,331,2547042,not_remote,easy,2025-02-12 13:22:48
2504,4,5542140,not_remote,easy,2025-02-12 13:29:48
2505,265,5141808,tot_remote,easy,2025-02-12 13:37:48
2507,100,4114462,temp_remote,easy,2025-02-12 13:44:48
2508,133,4509197,not_remote,easy,2025-02-12 14:04:48
2510,5,5574504,semi_presence,easy,2025-02-12 14:18:48
2512,4,5271463,semi_presence,easy,2025-02-12 14:25:48
2513,2,616151,semi_remote,easy,2025-02-12 14:33:48
2514,100,5512174,not_clear_remote,medium,2025-02-12 14:53:48
2515,2,4127510,tot_remote,easy,2025-02-12 15:09:48
2516,67,5143440,not_clear_remote,medium,2025-02-12 15:19:48
2519,100,4124597,not_remote,hard,2025-02-12 15:31:48
2521,3,3927666,semi_presence,easy,2025-02-12 15:38:48
2524,166,4110736,tot_remote,easy,2025-02-12 15:53:48
2525,397,5362721,semi_remote,easy,2025-02-12 16:02:48
2526,100,1021201,not_remote,easy,2025-02-12 16:16:48
2527,265,4112536,tot_remote,easy,2025-02-12 16:34:48
2528,4,4566314,not_clear_remote,easy,2025-02-12 16:51:48
2534,199,4104519,temp_remote,easy,2025-02-12 17:01:48
2535,4,5008773,tot_remote,easy,2025-02-12 17:14:48
2540,4,5552726,tot_remote,easy,2025-02-12 17:23:48
2542,67,5203238,not_remote,medium,2025-02-12 17:33:48
2545,265,5377495,tot_remote,easy,2025-02-12 17:50:48
2547,232,4464208,semi_remote,easy,2025-02-12 18:10:48
2550,4,4193334,tot_remote,easy,2025-02-12 18:25:48
2551,67,5179933,temp_remote,easy,2025-02-12 18:32:48
2552,265,3074618,semi_presence,medium,2025-02-12 18:52:48
2553,199,5194904,not_clear_remote,easy,2025-02-12 19:00:48
2556,298,5174855,semi_presence,easy,2025-02-12 19:05:48
2557,67,3998782,not_clear_remote,medium,2025-02-12 19:15:48
2558,199,5424605,not_clear_remote,medium,2025-02-12 19:27:48
2560,4,4100238,tot_remote,easy,2025-02-12 19:44:48
2561,397,4079695,not_remote,easy,2025-02-12 20:03:48
2563,265,5027946,semi_presence,easy,2025-02-12 20:13:48
2564,166,4065495,tot_remote,easy,2025-02-12 20:21:48
2565,5,5379391,semi_remote,easy,2025-02-12 20:40:48
2566,34,3695629,not_remote,easy,2025-02-12 20:50:48
2567,331,4408201,not_clear_remote,medium,2025-02-12 21:10:48
2568,199,4153669,not_clear_remote,easy,2025-02-12 21:16:48
2569,3,3650657,not_remote,easy,2025-02-12 21:32:48
2570,2,4059232,not_clear_remote,easy,2025-02-12 21:40:48
2571,34,3927157,not_remote,easy,2025-02-12 21:59:48
2572,100,3647085,not_remote,easy,2025-02-12 22:17:48
2573,100,5116392,tot_remote,easy,2025-02-12 22:25:48
2574,34,5621351,tot_remote,easy,2025-02-12 22:44:48
2575,4,4080822,temp_remote,medium,2025-02-12 22:52:48
2577,265,5202285,semi_remote,medium,2025-02-12 23:10:48
2579,5,5363632,not_remote,easy,2025-02-12 23:23:48
2580,232,4289941,temp_remote,easy,2025-02-12 23:38:48
2581,397,5366587,semi_remote,easy,2025-02-12 23:46:48
2582,397,5639932,tot_remote,easy,2025-02-13 00:00:48
2583,5,4496579,not_clear_remote,medium,2025-02-13 00:18:48
2584,166,5400059,semi_presence,medium,2025-02-13 00:38:48
2586,298,5619354,semi_remote,medium,2025-02-13 00:48:48
2587,4,4466529,tot_remote,medium,2025-02-13 00:57:48
2588,199,484936,not_remote,easy,2025-02-13 01:16:48
2590,3,5288467,semi_remote,medium,2025-02-13 01:34:48
2592,3,5595154,semi_presence,easy,2025-02-13 01:43:48
2593,298,3640677,not_remote,medium,2025-02-13 01:51:48
2594,232,5651885,semi_remote,easy,2025-02-13 01:58:48
2595,199,4116039,temp_remote,easy,2025-02-13 02:15:48
2597,166,1300923,semi_presence,medium,2025-02-13 02:30:48
2598,100,4416279,semi_remote,medium,2025-02-13 02:46:48
2599,5,4070273,tot_remote,easy,2025-02-13 02:51:48
2600,199,4210677,not_remote,hard,2025-02-13 03:05:48
2603,2,5611397,semi_presence,easy,2025-02-13 03:22:48
2604,232,5075317,tot_remote,easy,2025-02-13 03:34:48
2605,331,2664304,semi_remote,easy,2025-02-13 03:48:48
2606,199,3307670,semi_presence,medium,2025-02-13 04:01:48
2608,232,4133401,tot_remote,easy,2025-02-13 04:06:48
2609,298,4130178,semi_remote,easy,2025-02-13 04:25:48
2611,166,4115506,not_clear_remote,hard,2025-02-13 04:41:48
2612,2,5596368,semi_presence,easy,2025-02-13 04:48:48
2613,265,5341430,semi_remote,medium,2025-02-13 05:06:48
2614,4,5479039,semi_presence,medium,2025-02-13 05:16:48
2615,298,4581569,semi_remote,easy,2025-02-13 05:25:48
2616,331,5450374,not_clear_remote,easy,2025-02-13 05:34:48
2617,397,471929,tot_remote,medium,2025-02-13 05:53:48
2618,298,4297671,tot_remote,easy,2025-02-13 06:05:48
2619,232,5534423,semi_presence,easy,2025-02-13 06:17:48
2620,397,3360746,not_remote,easy,2025-02-13 06:24:48
2622,298,4153517,temp_remote,easy,2025-02-13 06:42:48
2624,133,5146250,not_remote,easy,2025-02-13 06:57:48
2625,232,3481903,tot_remote,easy,2025-02-13 07:09:48
2626,331,5076358,not_remote,easy,2025-02-13 07:27:48
2627,67,5169245,tot_remote,hard,2025-02-13 07:37:48
2628,397,5513650,semi_remote,easy,2025-02-13 07:55:48
2629,298,4067463,temp_remote,easy,2025-02-13 08:01:48
2630,4,5629426,not_clear_remote,hard,2025-02-13 08:13:48
2632,3,5642550,semi_remote,easy,2025-02-13 08:19:48
2633,3,3825040,tot_remote,easy,2025-02-13 08:27:48
2634,265,5384613,semi_remote,medium,2025-02-13 08:33:48
2636,199,4133253,tot_remote,easy,2025-02-13 08:42:48
2637,232,5116539,tot_remote,easy,2025-02-13 09:01:48
2639,331,4115506,temp_remote,easy,2025-02-13 09:16:48
2640,34,5361497,not_clear_remote,easy,2025-02-13 09:34:48
2641,232,5649052,semi_remote,easy,2025-02-13 09:41:48
2642,199,4215468,temp_remote,easy,2025-02-13 09:53:48
2644,331,2992060,semi_presence,easy,2025-02-13 10:06:48
2645,4,4120390,tot_remote,medium,2025-02-13 10:21:48
2647,67,5483239,tot_remote,easy,2025-02-13 10:26:48
2648,34,4065375,tot_remote,easy,2025-02-13 10:40:48
2649,133,4045407,tot_remote,medium,2025-02-13 10:58:48
2650,133,2427648,semi_remote,easy,2025-02-13 11:12:48
2651,298,5553821,semi_remote,easy,2025-02-13 11:26:48
2652,5,5217497,not_remote,easy,2025-02-13 11:45:48
2654,265,4145159,tot_remote,easy,2025-02-13 11:59:48
2657,331,5292728,not_remote,easy,2025-02-13 12:14:48
2658,232,5338156,tot_remote,easy,2025-02-13 12:22:48
2659,4,5491366,not_remote,easy,2025-02-13 12:31:48
2660,133,5442245,not_clear_remote,medium,2025-02-13 12:48:48
2662,4,4155122,semi_remote,easy,2025-02-13 13:04:48
2663,133,5068846,not_clear_remote,easy,2025-02-13 13:20:48
2664,298,539858,tot_remote,easy,2025-02-13 13:38:48
2665,397,5404875,semi_remote,easy,2025-02-13 13:50:48
2666,133,4114720,not_clear_remote,medium,2025-02-13 14:08:48
2667,397,4193376,tot_remote,easy,2025-02-13 14:26:48
2668,166,4152098,tot_remote,easy,2025-02-13 14:35:48
2672,67,5014242,not_clear_remote,medium,2025-02-13 14:47:48
2674,133,4057506,not_clear_remote,medium,2025-02-13 15:06:48
2675,2,5220369,not_clear_remote,easy,2025-02-13 15:15:48
2679,100,5616301,semi_remote,medium,2025-02-13 15:27:48
2681,199,4114337,not_clear_remote,easy,2025-02-13 15:40:48
2682,166,2230157,not_remote,easy,2025-02-13 15:48:48
2686,298,3081208,tot_remote,easy,2025-02-13 16:02:48
2687,199,5259983,not_clear_remote,easy,2025-02-13 16:19:48
2689,331,3186262,semi_presence,easy,2025-02-13 16:35:48
2690,331,3326404,not_remote,easy,2025-02-13 16:54:48
2691,4,4089900,tot_remote,easy,2025-02-13 16:59:48
2693,298,5477206,semi_remote,easy,2025-02-13 17:12:48
2694,3,4233880,tot_remote,easy,2025-02-13 17:23:48
2695,199,3820564,not_remote,easy,2025-02-13 17:33:48
2697,4,4085724,tot_remote,easy,2025-02-13 17:38:48
2698,397,4619270,semi_remote,easy,2025-02-13 17:55:48
2699,298,5517465,semi_remote,easy,2025-02-13 18:08:48
2700,34,4078577,tot_remote,easy,2025-02-13 18:27:48
2701,199,5634446,not_clear_remote,easy,2025-02-13 18:40:48
2702,3,4212015,tot_remote,easy,2025-02-13 18:58:48
2703,4,4229174,tot_remote,easy,2025-02-13 19:17:48
2704,34,4095080,temp_remote,easy,2025-02-13 19:26:48
2705,34,1640009,not_clear_remote,easy,2025-02-13 19:31:48
2708,133,5619156,not_clear_remote,medium,2025-02-13 19:46:48
2710,133,5076872,not_remote,easy,2025-02-13 20:00:48
2711,265,5590201,semi_presence,medium,2025-02-13 20:11:48
2712,2,5288525,not_clear_remote,easy,2025-02-13 20:20:48
2713,4,5643257,not_remote,hard,2025-02-13 20:26:48
2714,4,5080091,tot_remote,medium,2025-02-13 20:37:48
2715,67,4140782,semi_remote,medium,2025-02-13 20:51:48
2716,5,4193911,semi_presence,easy,2025-02-13 21:00:48
2717,298,3507999,not_remote,easy,2025-02-13 21:07:48
2721,298,4074536,temp_remote,easy,2025-02-13 21:22:48
2722,5,5571482,semi_presence,easy,2025-02-13 21:35:48
2723,397,1196291,not_remote,easy,2025-02-13 21:40:48
2724,100,4137528,semi_presence,easy,2025-02-13 21:48:48
2727,232,5301723,not_clear_remote,easy,2025-02-13 21:59:48
2728,265,4398709,semi_remote,easy,2025-02-13 22:19:48
2729,232,4641454,semi_remote,easy,2025-02-13 22:27:48
2730,4,5301371,tot_remote,easy,2025-02-13 22:38:48
2731,5,3945372,tot_remote,easy,2025-02-13 22:44:48
2732,232,4048027,not_clear_remote,easy,2025-02-13 23:04:48
2734,166,5140727,tot_remote,easy,2025-02-13 23:21:48
2736,397,3451945,semi_presence,easy,2025-02-13 23:39:48
2737,34,5387120,semi_remote,easy,2025-02-13 23:48:48
2738,2,5616454,not_clear_remote,easy,2025-02-14 00:02:48
2739,100,3986221,tot_remote,easy,2025-02-14 00:18:48
2740,298,5424012,semi_remote,easy,2025-02-14 00:32:48
2741,298,5407542,semi_remote,medium,2025-02-14 00:45:48
2742,100,1671269,semi_remote,medium,2025-02-14 01:05:48
2743,232,4077834,temp_remote,easy,2025-02-14 01:16:48
2744,133,3848663,not_remote,medium,2025-02-14 01:24:48
2748,67,4149431,tot_remote,easy,2025-02-14 01:32:48
2749,4,5288467,semi_remote,medium,2025-02-14 01:47:48
2751,2,4134078,tot_remote,easy,2025-02-14 02:05:48
2752,67,5407720,semi_presence,medium,2025-02-14 02:13:48
2753,397,4148705,not_remote,easy,2025-02-14 02:18:48
2755,5,4084891,not_clear_remote,easy,2025-02-14 02:24:48
2756,397,5642806,semi_remote,easy,2025-02-14 02:44:48
2757,298,5118497,not_remote,easy,2025-02-14 02:57:48
2758,166,5262890,semi_remote,easy,2025-02-14 03:03:48
2759,298,4564078,temp_remote,medium,2025-02-14 03:14:48
2762,4,4059568,not_clear_remote,medium,2025-02-14 03:25:48
2763,133,3264586,not_remote,easy,2025-02-14 03:33:48
2764,298,4158481,semi_remote,easy,2025-02-14 03:39:48
2765,397,4077834,tot_remote,easy,2025-02-14 03:45:48
2767,3,5290204,tot_remote,easy,2025-02-14 03:50:48
2768,331,4064039,tot_remote,easy,2025-02-14 04:10:48
2769,397,1001280,tot_remote,medium,2025-02-14 04:20:48
2770,397,4186108,not_clear_remote,medium,2025-02-14 04:25:48
2771,298,5080552,tot_remote,easy,2025-02-14 04:41:48
2773,232,4229322,tot_remote,easy,2025-02-14 04:46:48
2775,100,4406798,semi_presence,medium,2025-02-14 04:55:48
2776,298,4521811,tot_remote,easy,2025-02-14 05:09:48
2777,199,5009320,tot_remote,easy,2025-02-14 05:28:48
2779,166,1068824,semi_presence,easy,2025-02-14 05:37:48
2781,3,3474741,semi_presence,easy,2025-02-14 05:50:48
2782,5,3296124,not_remote,easy,2025-02-14 05:56:48
2783,265,4012667,tot_remote,easy,2025-02-14 06:15:48
2785,331,5587638,semi_remote,medium,2025-02-14 06:34:48
2786,199,4208684,tot_remote,easy,2025-02-14 06:47:48
2787,331,4154966,not_remote,easy,2025-02-14 06:53:48
2788,232,4432832,semi_remote,easy,2025-02-14 07:13:48
2789,3,5609726,semi_remote,easy,2025-02-14 07:23:48
2790,4,4350634,semi_remote,medium,2025-02-14 07:34:48
2791,331,4103977,not_clear_remote,easy,2025-02-14 07:46:48
2792,4,5577231,semi_presence,medium,2025-02-14 07:58:48
2793,67,4623183,not_remote,easy,2025-02-14 08:17:48
2796,397,4149879,tot_remote,easy,2025-02-14 08:33:48
2797,232,4043711,not_remote,easy,2025-02-14 08:50:48
2801,67,4405493,semi_remote,hard,2025-02-14 08:56:48
2802,4,5264864,semi_remote,easy,2025-02-14 09:05:48
2804,166,4181849,tot_remote,easy,2025-02-14 09:18:48
2807,100,5431806,not_clear_remote,medium,2025-02-14 09:37:48
2808,265,4066332,not_clear_remote,easy,2025-02-14 09:56:48
2809,34,2690782,not_remote,easy,2025-02-14 10:01:48
2810,3,2775405,tot_remote,easy,2025-02-14 10:12:48
2811,4,4057165,tot_remote,easy,2025-02-14 10:19:48
2812,4,5656374,semi_presence,medium,2025-02-14 10:26:48
2813,4,4082951,not_clear_remote,easy,2025-02-14 10:44:48
2814,166,4242139,semi_presence,medium,2025-02-14 10:50:48
2815,133,4103044,tot_remote,medium,2025-02-14 11:00:48
2816,67,4446733,not_clear_remote,medium,2025-02-14 11:14:48
2817,166,3241376,not_remote,medium,2025-02-14 11:25:48
2818,397,3628549,tot_remote,easy,2025-02-14 11:42:48
2819,4,4092882,tot_remote,easy,2025-02-14 11:54:48
2820,4,5075317,tot_remote,easy,2025-02-14 12:04:48
2822,331,5442077,not_clear_remote,easy,2025-02-14 12:19:48
2824,232,5432021,not_remote,easy,2025-02-14 12:32:48
2825,4,5089303,semi_remote,easy,2025-02-14 12:49:48
2826,4,4088107,temp_remote,easy,2025-02-14 13:02:48
2828,100,4033004,temp_remote,medium,2025-02-14 13:08:48
2829,331,5266613,not_clear_remote,easy,2025-02-14 13:17:48
2830,166,5068592,semi_remote,easy,2025-02-14 13:32:48
2831,67,5512076,semi_presence,easy,2025-02-14 13:38:48
2832,4,4087788,semi_presence,easy,2025-02-14 13:54:48
2833,298,5644179,tot_remote,medium,2025-02-14 14:08:48
2835,4,4163842,temp_remote,easy,2025-02-14 14:20:48
2836,3,4457371,temp_remote,easy,2025-02-14 14:26:48
2837,4,5267013,not_clear_remote,easy,2025-02-14 14:34:48
2838,67,4145408,semi_remote,easy,2025-02-14 14:46:48
2839,100,5543898,not_remote,easy,2025-02-14 15:04:48
2841,34,3998782,not_clear_remote,easy,2025-02-14 15:21:48
2842,34,4068539,tot_remote,easy,2025-02-14 15:28:48
2844,3,3765727,not_remote,easy,2025-02-14 15:44:48
2846,199,5315992,not_remote,easy,2025-02-14 16:04:48
2850,4,4148338,semi_presence,easy,2025-02-14 16:21:48
2851,4,4070114,tot_remote,easy,2025-02-14 16:36:48
2852,4,4096535,temp_remote,easy,2025-02-14 16:46:48
2853,199,4221383,not_clear_remote,hard,2025-02-14 16:53:48
2854,67,5134266,not_remote,easy,2025-02-14 17:06:48
2855,166,4406881,tot_remote,easy,2025-02-14 17:20:48
2857,331,4377050,tot_remote,medium,2025-02-14 17:27:48
2859,3,405122,semi_presence,easy,2025-02-14 17:39:48
2860,166,4656717,semi_presence,medium,2025-02-14 17:45:48
2862,4,4040142,tot_remote,easy,2025-02-14 18:04:48
2864,4,4125198,temp_remote,easy,2025-02-14 18:22:48
2866,199,5311857,not_remote,easy,2025-02-14 18:35:48
2869,199,3081208,not_remote,medium,2025-02-14 18:52:48
2870,34,5277922,not_clear_remote,easy,2025-02-14 19:02:48
2871,5,5525522,tot_remote,easy,2025-02-14 19:18:48
2872,199,5320485,not_clear_remote,easy,2025-02-14 19:30:48
2874,34,5067496,not_clear_remote,easy,2025-02-14 19:44:48
2876,166,1605295,not_clear_remote,easy,2025-02-14 19:55:48
2877,265,5402251,semi_presence,easy,2025-02-14 20:09:48
2879,4,5027396,not_clear_remote,hard,2025-02-14 20:29:48
2881,67,5385422,tot_remote,easy,2025-02-14 20:49:48
2883,331,5193928,not_clear_remote,medium,2025-02-14 20:58:48
2884,397,3846391,not_remote,easy,2025-02-14 21:15:48
2885,232,4154921,not_remote,easy,2025-02-14 21:33:48
2886,265,5045327,semi_remote,easy,2025-02-14 21:50:48
2888,100,5528898,tot_remote,easy,2025-02-14 22:05:48
2889,100,4100766,semi_remote,medium,2025-02-14 22:16:48
2890,2,5659783,not_remote,medium,2025-02-14 22:35:48
2892,100,5023015,not_remote,easy,2025-02-14 22:43:48
2893,34,597334,tot_remote,easy,2025-02-14 22:51:48
2895,2,5627052,not_clear_remote,easy,2025-02-14 22:59:48
2896,397,4641454,semi_remote,easy,2025-02-14 23:12:48
2897,3,4123594,not_remote,easy,2025-02-14 23:23:48
2898,4,5400777,not_clear_remote,medium,2025-02-14 23:36:48
2899,397,2951380,not_remote,medium,2025-02-14 23:53:48
2900,166,3409071,tot_remote,medium,2025-02-15 00:03:48
2903,5,5079358,semi_remote,easy,2025-02-15 00:08:48
2907,298,5594262,semi_remote,easy,2025-02-15 00:28:48
2908,67,4438194,not_remote,easy,2025-02-15 00:47:48
2910,3,5308642,semi_presence,medium,2025-02-15 00:58:48
2911,4,4118784,tot_remote,easy,2025-02-15 01:17:48
2912,4,4323019,semi_remote,easy,2025-02-15 01:22:48
2913,100,4238843,semi_remote,medium,2025-02-15 01:29:48
2914,4,4640472,not_clear_remote,medium,2025-02-15 01:46:48
2915,5,4078325,temp_remote,easy,2025-02-15 02:01:48
2917,232,5556357,tot_remote,easy,2025-02-15 02:12:48
2918,100,5426881,semi_remote,easy,2025-02-15 02:20:48
2919,4,5668112,semi_presence,easy,2025-02-15 02:26:48
2920,5,4091118,tot_remote,easy,2025-02-15 02:45:48
2923,2,2976281,tot_remote,easy,2025-02-15 02:56:48
2925,232,2528482,not_remote,easy,2025-02-15 03:01:48
2926,298,3144693,not_remote,easy,2025-02-15 03:19:48
2927,34,4141119,tot_remote,easy,2025-02-15 03:38:48
2929,67,3860039,semi_presence,easy,2025-02-15 03:54:48
2930,199,4538103,tot_remote,easy,2025-02-15 04:05:48
2931,3,5032456,tot_remote,easy,2025-02-15 04:17:48
2932,232,4080311,not_clear_remote,easy,2025-02-15 04:23:48
2934,4,4057939,temp_remote,easy,2025-02-15 04:37:48
2935,133,392410,tot_remote,easy,2025-02-15 04:46:48
2936,133,3994615,tot_remote,hard,2025-02-15 05:04:48
2937,4,4084165,semi_presence,medium,2025-02-15 05:13:48
2939,331,4148993,tot_remote,easy,2025-02-15 05:21:48
2940,4,4149839,not_clear_remote,medium,2025-02-15 05:33:48
2941,34,4064203,not_remote,easy,2025-02-15 05:43:48
2942,34,5419301,semi_presence,easy,2025-02-15 05:59:48
2943,34,4124597,not_remote,easy,2025-02-15 06:08:48
2946,4,4103044,tot_remote,medium,2025-02-15 06:19:48
2947,397,2581060,not_remote,easy,2025-02-15 06:28:48
2951,67,4130194,not_clear_remote,medium,2025-02-15 06:47:48
2954,265,5293997,semi_remote,easy,2025-02-15 07:06:48
2955,67,5189170,not_clear_remote,medium,2025-02-15 07:25:48
2957,4,4298965,semi_remote,easy,2025-02-15 07:35:48
2958,2,3056511,not_clear_remote,easy,2025-02-15 07:45:48
2959,199,5118641,not_remote,easy,2025-02-15 07:50:48
2960,331,4093664,tot_remote,easy,2025-02-15 08:03:48
2962,397,555296,tot_remote,easy,2025-02-15 08:15:48
2964,4,4482980,not_remote,hard,2025-02-15 08:31:48
2965,100,4015472,tot_remote,easy,2025-02-15 08:45:48
2966,199,3514875,not_remote,medium,2025-02-15 08:51:48
2968,4,5662099,not_remote,easy,2025-02-15 08:56:48
2970,298,5084752,semi_remote,medium,2025-02-15 09:15:48
2972,34,5224260,tot_remote,easy,2025-02-15 09:35:48
2973,5,1098090,not_remote,medium,2025-02-15 09:41:48
2974,166,4108097,tot_remote,easy,2025-02-15 09:55:48
2975,166,5330137,semi_remote,easy,2025-02-15 10:01:48
2976,265,695868,temp_remote,easy,2025-02-15 10:18:48
2977,3,5523304,semi_remote,easy,2025-02-15 10:38:48
2978,67,2954847,not_remote,easy,2025-02-15 10:48:48
2979,397,4030814,tot_remote,easy,2025-02-15 11:02:48
2980,133,5027396,not_clear_remote,hard,2025-02-15 11:10:48
2981,331,5629320,not_clear_remote,easy,2025-02-15 11:24:48
2982,166,3771691,semi_presence,medium,2025-02-15 11:35:48
2983,34,544001,tot_remote,easy,2025-02-15 11:41:48
2984,100,5308642,semi_remote,easy,2025-02-15 11:51:48
2986,298,4550379,semi_remote,easy,2025-02-15 12:10:48
2987,4,4227294,temp_remote,easy,2025-02-15 12:20:48
2988,199,5638488,tot_remote,easy,2025-02-15 12:27:48
2990,133,5008898,not_clear_remote,medium,2025-02-15 12:42:48
2991,100,3695629,not_remote,easy,2025-02-15 12:54:48
2992,199,1770558,tot_remote,medium,2025-02-15 13:07:48
2995,199,5469382,not_clear_remote,easy,2025-02-15 13:15:48
2997,4,4091956,not_remote,easy,2025-02-15 13:21:48
2998,331,5478608,not_remote,easy,2025-02-15 13:28:48
3000,4,4562751,semi_remote,easy,2025-02-15 13:45:48
3002,5,4074332,tot_remote,easy,2025-02-15 13:56:48
3003,331,4425436,not_clear_remote,easy,2025-02-15 14:01:48
3004,265,5360504,temp_remote,medium,2025-02-15 14:09:48
3005,166,5038215,not_remote,easy,2025-02-15 14:14:48
3007,4,4472212,not_remote,easy,2025-02-15 14:19:48
3008,5,4443361,not_remote,easy,2025-02-15 14:28:48
3011,232,2698281,not_remote,easy,2025-02-15 14:33:48
3012,5,4398636,semi_remote,easy,2025-02-15 14:47:48
3013,265,5568035,semi_remote,easy,2025-02-15 15:05:48
3014,166,5456646,semi_presence,hard,2025-02-15 15:24:48
3015,3,5622905,semi_remote,easy,2025-02-15 15:43:48
3016,397,5530006,semi_remote,medium,2025-02-15 15:56:48
3017,298,5596356,semi_presence,medium,2025-02-15 16:07:48
3018,133,5394574,tot_remote,easy,2025-02-15 16:17:48
3019,67,4126929,temp_remote,easy,2025-02-15 16:27:48
3020,3,5097980,not_remote,easy,2025-02-15 16:35:48
3022,232,5170166,semi_remote,easy,2025-02-15 16:40:48
3023,100,4280667,tot_remote,easy,2025-02-15 16:51:48
3024,100,5031639,semi_presence,medium,2025-02-15 17:09:48
3025,100,4091912,temp_remote,medium,2025-02-15 17:29:48
3027,298,4460855,not_remote,easy,2025-02-15 17:46:48
3031,199,4155113,tot_remote,easy,2025-02-15 17:55:48
3032,100,4275499,semi_remote,easy,2025-02-15 18:13:48
3033,331,5566203,semi_remote,easy,2025-02-15 18:25:48
3034,67,5063283,tot_remote,easy,2025-02-15 18:43:48
3036,67,5419301,semi_presence,easy,2025-02-15 18:58:48
3038,4,4247236,tot_remote,easy,2025-02-15 19:09:48
3039,397,5603623,tot_remote,easy,2025-02-15 19:16:48
3040,397,5427844,semi_remote,easy,2025-02-15 19:29:48
3041,265,5644179,tot_remote,easy,2025-02-15 19:37:48
3043,4,5596317,semi_presence,easy,2025-02-15 19:47:48
3045,2,3277907,not_remote,easy,2025-02-15 20:07:48
3046,166,4247240,tot_remote,medium,2025-02-15 20:13:48
3047,67,3399968,tot_remote,easy,2025-02-15 20:30:48
3048,4,5420835,semi_remote,easy,2025-02-15 20:50:48
3049,4,4091418,not_remote,medium,2025-02-15 20:58:48
3050,67,5473381,not_clear_remote,medium,2025-02-15 21:08:48
3053,34,5517628,semi_presence,easy,2025-02-15 21:20:48
3054,166,4166996,not_remote,medium,2025-02-15 21:26:48
3058,166,3788824,tot_remote,easy,2025-02-15 21:44:48
3059,166,5571342,semi_presence,easy,2025-02-15 21:49:48
3060,4,4172047,tot_remote,easy,2025-02-15 22:09:48
3062,232,3668428,not_remote,easy,2025-02-15 22:25:48
3063,166,5509292,semi_presence,easy,2025-02-15 22:31:48
3064,34,5569590,tot_remote,easy,2025-02-15 22:44:48
3066,232,4066825,temp_remote,easy,2025-02-15 23:03:48
3067,34,4376348,not_remote,easy,2025-02-15 23:21:48
3070,232,5573308,semi_presence,easy,2025-02-15 23:32:48
3071,298,4051268,temp_remote,medium,2025-02-15 23:38:48
3074,3,4485031,semi_remote,medium,2025-02-15 23:44:48
3076,133,4303391,semi_remote,easy,2025-02-16 00:04:48
3078,265,4176512,temp_remote,easy,2025-02-16 00:22:48
3079,166,4107178,temp_remote,medium,2025-02-16 00:32:48
3080,397,5537049,tot_remote,easy,2025-02-16 00:44:48
3081,133,4630063,tot_remote,medium,2025-02-16 01:01:48
3082,5,5546772,tot_remote,easy,2025-02-16 01:15:48
3083,3,5261665,tot_remote,easy,2025-02-16 01:24:48
3084,4,5397215,semi_remote,easy,2025-02-16 01:41:48
3085,166,4085837,tot_remote,medium,2025-02-16 01:57:48
3086,331,5447583,tot_remote,easy,2025-02-16 02:16:48
3087,4,4103506,tot_remote,easy,2025-02-16 02:22:48
3088,67,4056626,temp_remote,easy,2025-02-16 02:35:48
3089,265,4094539,tot_remote,easy,2025-02-16 02:54:48
3090,5,4095537,semi_remote,easy,2025-02-16 03:04:48
3091,133,4209642,semi_presence,easy,2025-02-16 03:22:48
3092,3,5408366,semi_remote,easy,2025-02-16 03:42:48
3095,298,4065141,semi_presence,easy,2025-02-16 03:54:48
3096,397,3205966,not_remote,easy,2025-02-16 04:10:48
3097,4,5082131,tot_remote,easy,2025-02-16 04:24:48
3098,397,5409030,not_remote,easy,2025-02-16 04:29:48
3099,331,4131427,temp_remote,easy,2025-02-16 04:35:48
3100,331,4537147,semi_remote,easy,2025-02-16 04:40:48
3101,397,4141476,tot_remote,easy,2025-02-16 04:51:48
3102,199,5411506,not_clear_remote,easy,2025-02-16 05:01:48
3103,5,5160161,semi_presence,easy,2025-02-16 05:15:48
3104,4,4107405,temp_remote,easy,2025-02-16 05:34:48
3105,34,5260890,not_clear_remote,easy,2025-02-16 05:47:48
3108,34,3463902,not_remote,easy,2025-02-16 06:03:48
3110,5,5624583,tot_remote,easy,2025-02-16 06:21:48
3111,232,5632920,not_clear_remote,easy,2025-02-16 06:27:48
3112,4,5064361,semi_remote,easy,2025-02-16 06:33:48
3115,100,4246605,tot_remote,easy,2025-02-16 06:45:48
3116,67,4112823,not_clear_remote,hard,2025-02-16 07:03:48
3118,100,4107880,temp_remote,easy,2025-02-16 07:16:48
3119,100,5667972,tot_remote,easy,2025-02-16 07:25:48
3120,232,4212287,semi_remote,easy,2025-02-16 07:44:48
3122,166,5281637,tot_remote,hard,2025-02-16 08:03:48
3123,199,4074685,temp_remote,easy,2025-02-16 08:16:48
3125,166,4137076,tot_remote,easy,2025-02-16 08:27:48
3126,199,5263129,not_clear_remote,easy,2025-02-16 08:39:48
3127,265,3755737,semi_remote,medium,2025-02-16 08:51:48
3128,67,5491251,not_remote,easy,2025-02-16 09:06:48
3130,298,5449152,semi_remote,easy,2025-02-16 09:17:48
3132,199,5069203,temp_remote,easy,2025-02-16 09:35:48
3133,4,5135544,tot_remote,easy,2025-02-16 09:42:48
3134,5,4150489,tot_remote,easy,2025-02-16 09:55:48
3135,67,5337048,semi_presence,easy,2025-02-16 10:15:48
3137,5,4408201,not_remote,medium,2025-02-16 10:20:48
3138,100,5348292,semi_presence,medium,2025-02-16 10:28:48
3139,67,4143066,temp_remote,easy,2025-02-16 10:34:48
3140,4,4089069,not_clear_remote,medium,2025-02-16 10:52:48
3141,133,5137288,not_clear_remote,easy,2025-02-16 11:03:48
3142,199,398582,tot_remote,easy,2025-02-16 11:20:48
3143,100,3402085,not_remote,hard,2025-02-16 11:36:48
3144,4,4031795,tot_remote,easy,2025-02-16 11:47:48
3145,166,5463960,not_clear_remote,medium,2025-02-16 11:55:48
3146,331,5092561,not_clear_remote,easy,2025-02-16 12:08:48
3148,67,4135224,tot_remote,easy,2025-02-16 12:23:48
3150,133,2232099,tot_remote,easy,2025-02-16 12:28:48
3152,67,4114934,tot_remote,easy,2025-02-16 12:48:48
3153,298,2064993,tot_remote,easy,2025-02-16 13:00:48
3154,4,4327536,not_remote,medium,2025-02-16 13:10:48
3156,298,4105388,tot_remote,medium,2025-02-16 13:24:48
3157,397,4656573,semi_presence,medium,2025-02-16 13:34:48
3158,133,5574549,not_clear_remote,hard,2025-02-16 13:44:48
3159,232,4383469,not_remote,easy,2025-02-16 13:57:48
3162,67,5208922,tot_remote,medium,2025-02-16 14:10:48
3163,34,5522916,not_clear_remote,easy,2025-02-16 14:15:48
3164,298,4154799,temp_remote,medium,2025-02-16 14:28:48
3165,199,5594262,semi_presence,easy,2025-02-16 14:39:48
3166,232,5512424,semi_presence,easy,2025-02-16 14:57:48
3169,3,4153954,tot_remote,easy,2025-02-16 15:11:48
3172,298,4500131,semi_remote,easy,2025-02-16 15:22:48
3173,397,3137251,not_remote,medium,2025-02-16 15:32:48
3174,199,4319485,tot_remote,easy,2025-02-16 15:40:48
3175,67,5176856,tot_remote,medium,2025-02-16 15:46:48
3178,397,225675,tot_remote,easy,2025-02-16 15:55:48
3180,166,3625085,not_remote,hard,2025-02-16 16:07:48
3181,4,5447329,not_remote,easy,2025-02-16 16:16:48
3182,5,5266613,tot_remote,easy,2025-02-16 16:35:48
3184,298,2603488,semi_remote,easy,2025-02-16 16:46:48
3185,4,4650358,tot_remote,easy,2025-02-16 16:55:48
3187,331,4095537,not_clear_remote,easy,2025-02-16 17:09:48
3189,232,4448447,semi_remote,easy,2025-02-16 17:14:48
3191,34,5122869,not_clear_remote,easy,2025-02-16 17:23:48
3192,397,633029,not_remote,easy,2025-02-16 17:30:48
3193,199,5300884,not_remote,easy,2025-02-16 17:46:48
3194,166,5095839,semi_remote,medium,2025-02-16 18:04:48
3196,5,3864193,not_remote,easy,2025-02-16 18:09:48
3197,298,5634446,semi_remote,easy,2025-02-16 18:20:48
3203,3,5404862,semi_remote,easy,2025-02-16 18:35:48
3204,5,4545209,semi_presence,easy,2025-02-16 18:45:48
3205,67,4614788,semi_presence,easy,2025-02-16 18:53:48
3209,166,4071403,temp_remote,easy,2025-02-16 19:10:48
3210,4,5038151,semi_presence,easy,2025-02-16 19:26:48
3213,298,5377495,tot_remote,easy,2025-02-16 19:34:48
3214,265,2730258,semi_presence,easy,2025-02-16 19:52:48
3215,4,5637581,semi_presence,easy,2025-02-16 20:03:48
3216,3,5398267,semi_remote,medium,2025-02-16 20:19:48
3217,67,5007254,not_clear_remote,easy,2025-02-16 20:26:48
3218,199,4114934,tot_remote,easy,2025-02-16 20:35:48
3219,3,5548232,semi_remote,easy,2025-02-16 20:55:48
3220,298,3462297,not_remote,easy,2025-02-16 21:04:48
3221,34,4287710,not_clear_remote,easy,2025-02-16 21:20:48
3222,3,4648623,tot_remote,easy,2025-02-16 21:26:48
3223,232,779331,semi_remote,easy,2025-02-16 21:46:48
3224,298,5293997,semi_remote,easy,2025-02-16 21:57:48
3226,133,5188862,tot_remote,easy,2025-02-16 22:16:48
3227,166,5409030,not_remote,easy,2025-02-16 22:21:48
3228,34,4245144,semi_remote,medium,2025-02-16 22:34:48
3229,4,5574549,not_clear_remote,hard,2025-02-16 22:52:48
3230,4,5302793,tot_remote,medium,2025-02-16 23:07:48
3231,232,4120831,not_clear_remote,easy,2025-02-16 23:22:48
3234,3,5111795,semi_remote,easy,2025-02-16 23:32:48
3235,34,5114930,semi_remote,easy,2025-02-16 23:37:48
3236,3,4482498,temp_remote,easy,2025-02-16 23:46:48
3237,34,4144254,not_clear_remote,easy,2025-02-16 23:53:48
3238,199,4137466,temp_remote,easy,2025-02-17 00:01:48
3239,331,5201238,tot_remote,easy,2025-02-17 00:16:48
3240,100,5131193,tot_remote,easy,2025-02-17 00:33:48
3242,34,4339020,tot_remote,easy,2025-02-17 00:50:48
3244,2,2528482,not_remote,easy,2025-02-17 01:10:48
3245,3,4070760,temp_remote,easy,2025-02-17 01:30:48
3246,100,4097923,not_clear_remote,medium,2025-02-17 01:37:48
3247,397,4575632,not_remote,easy,2025-02-17 01:44:48
3248,5,4213075,tot_remote,easy,2025-02-17 02:01:48
3251,166,5344125,semi_presence,medium,2025-02-17 02:20:48
3252,199,5233393,semi_remote,medium,2025-02-17 02:32:48
3253,5,5197020,tot_remote,easy,2025-02-17 02:50:48
3254,67,4123549,tot_remote,easy,2025-02-17 03:03:48
3255,298,4058452,temp_remote,easy,2025-02-17 03:10:48
3256,265,886966,not_remote,easy,2025-02-17 03:29:48
3257,5,4071869,semi_presence,easy,2025-02-17 03:40:48
3258,5,5509950,not_remote,easy,2025-02-17 03:47:48
3259,100,5277922,semi_remote,easy,2025-02-17 03:52:48
3260,4,4249241,not_clear_remote,easy,2025-02-17 03:59:48
3261,298,4490653,semi_remote,easy,2025-02-17 04:10:48
3262,4,5008907,tot_remote,easy,2025-02-17 04:27:48
3263,298,4048512,tot_remote,easy,2025-02-17 04:34:48
3264,67,5009754,tot_remote,easy,2025-02-17 04:44:48
3265,331,428362,tot_remote,easy,2025-02-17 05:00:48
3266,4,5658029,not_remote,easy,2025-02-17 05:09:48
3267,100,778745,semi_presence,easy,2025-02-17 05:21:48
3269,133,4482980,not_remote,hard,2025-02-17 05:31:48
3271,34,4111931,temp_remote,easy,2025-02-17 05:44:48
3272,166,4068888,temp_remote,medium,2025-02-17 05:58:48
3273,232,5570117,semi_remote,easy,2025-02-17 06:03:48
3274,331,882342,semi_remote,medium,2025-02-17 06:15:48
3275,67,5563467,not_remote,easy,2025-02-17 06:23:48
3277,166,3993724,temp_remote,easy,2025-02-17 06:31:48
3278,3,5182047,not_remote,easy,2025-02-17 06:47:48
3279,232,4114577,tot_remote,easy,2025-02-17 07:07:48
3280,133,4089589,not_clear_remote,medium,2025-02-17 07:25:48
3281,3,3887645,not_remote,easy,2025-02-17 07:42:48
3282,4,5315624,semi_presence,easy,2025-02-17 07:47:48
3283,67,4179501,semi_remote,medium,2025-02-17 08:05:48
3284,4,4382079,not_remote,easy,2025-02-17 08:12:48
3285,34,1524704,semi_presence,easy,2025-02-17 08:22:48
3286,331,4528842,semi_presence,easy,2025-02-17 08:32:48
3287,298,5526622,semi_remote,easy,2025-02-17 08:50:48
3288,4,5639908,not_remote,easy,2025-02-17 09:09:48
3289,34,5555806,semi_remote,medium,2025-02-17 09:22:48
3290,4,5229139,not_remote,easy,2025-02-17 09:30:48
3291,331,3500383,tot_remote,easy,2025-02-17 09:35:48
3294,100,5375146,semi_presence,medium,2025-02-17 09:42:48
3299,2,5295181,not_clear_remote,easy,2025-02-17 09:58:48
3300,397,5140466,temp_remote,easy,2025-02-17 10:18:48
3301,100,4492781,semi_remote,easy,2025-02-17 10:36:48
3302,331,3074211,semi_remote,easy,2025-02-17 10:51:48
3304,34,3167387,semi_presence,medium,2025-02-17 10:58:48
3305,4,5111795,semi_remote,easy,2025-02-17 11:15:48
3306,232,4105245,tot_remote,easy,2025-02-17 11:23:48
3307,265,4621211,tot_remote,easy,2025-02-17 11:35:48
3310,298,5651250,semi_remote,easy,2025-02-17 11:51:48
3311,67,4233162,not_clear_remote,medium,2025-02-17 11:59:48
3315,4,4126307,semi_remote,easy,2025-02-17 12:15:48
3316,331,4585777,not_clear_remote,easy,2025-02-17 12:35:48
3317,3,4096535,temp_remote,easy,2025-02-17 12:40:48
3318,67,4048526,tot_remote,easy,2025-02-17 12:52:48
3320,100,5317144,tot_remote,easy,2025-02-17 13:00:48
3321,397,4154163,not_remote,easy,2025-02-17 13:08:48
3322,5,5033682,not_remote,easy,2025-02-17 13:26:48
3323,4,5360504,temp_remote,medium,2025-02-17 13:33:48
3324,67,5228060,not_clear_remote,medium,2025-02-17 13:40:48
3325,199,5594565,semi_presence,easy,2025-02-17 13:59:48
3328,4,5158735,semi_remote,easy,2025-02-17 14:15:48
3329,100,5362497,tot_remote,easy,2025-02-17 14:26:48
3330,133,1731617,tot_remote,easy,2025-02-17 14:44:48
3331,166,5126697,not_remote,hard,2025-02-17 15:01:48
3332,2,4626780,not_remote,easy,2025-02-17 15:09:48
3333,397,3688780,not_remote,easy,2025-02-17 15:26:48
3334,331,4063006,tot_remote,easy,2025-02-17 15:44:48
3335,2,4383740,tot_remote,medium,2025-02-17 15:59:48
3336,34,4120549,temp_remote,easy,2025-02-17 16:11:48
3337,34,4347837,not_clear_remote,easy,2025-02-17 16:24:48
3338,34,5155487,not_clear_remote,easy,2025-02-17 16:34:48
3340,298,5483048,semi_remote,easy,2025-02-17 16:51:48
3341,298,5311353,temp_remote,easy,2025-02-17 17:11:48
3342,232,4473349,temp_remote,easy,2025-02-17 17:21:48
3343,133,4588333,not_clear_remote,medium,2025-02-17 17:37:48
3344,397,603231,not_remote,easy,2025-02-17 17:45:48
3345,5,5450374,semi_remote,easy,2025-02-17 17:53:48
3346,4,4086001,tot_remote,easy,2025-02-17 17:59:48
3347,232,5064361,semi_remote,easy,2025-02-17 18:08:48
3348,5,5027092,not_clear_remote,easy,2025-02-17 18:26:48
3350,100,5602755,semi_remote,easy,2025-02-17 18:32:48
3351,4,4659462,semi_remote,easy,2025-02-17 18:51:48
3352,3,5270253,not_remote,easy,2025-02-17 19:04:48
3353,100,3665890,not_remote,easy,2025-02-17 19:14:48
3356,67,4376019,semi_presence,medium,2025-02-17 19:34:48
3358,265,5575337,not_remote,easy,2025-02-17 19:51:48
3359,2,5210460,not_clear_remote,medium,2025-02-17 19:59:48
3360,4,5085522,not_clear_remote,medium,2025-02-17 20:15:48
3361,166,4199986,semi_presence,hard,2025-02-17 20:28:48
3366,166,5265590,semi_remote,easy,2025-02-17 20:43:48
3367,265,4075160,tot_remote,easy,2025-02-17 20:53:48
3368,232,5010633,not_remote,easy,2025-02-17 21:12:48
3369,265,4150682,not_clear_remote,easy,2025-02-17 21:23:48
3370,397,5649059,semi_remote,easy,2025-02-17 21:31:48
3372,67,3041011,not_remote,easy,2025-02-17 21:43:48
3373,331,4087328,temp_remote,easy,2025-02-17 22:03:48
3375,232,5645714,semi_presence,easy,2025-02-17 22:15:48
3378,133,577186,not_clear_remote,easy,2025-02-17 22:26:48
3379,4,5291187,not_remote,easy,2025-02-17 22:44:48
3382,265,5137365,semi_remote,medium,2025-02-17 22:59:48
3383,331,5057030,tot_remote,easy,2025-02-17 23:18:48
3384,232,4015502,tot_remote,easy,2025-02-17 23:27:48
3385,4,4105380,temp_remote,easy,2025-02-17 23:42:48
3386,133,5197292,not_clear_remote,medium,2025-02-18 00:02:48
3388,5,2947602,not_clear_remote,medium,2025-02-18 00:10:48
3391,166,3941406,tot_remote,medium,2025-02-18 00:24:48
3392,3,3788806,semi_presence,easy,2025-02-18 00:38:48
3395,5,5669666,not_remote,easy,2025-02-18 00:57:48
3396,331,5664856,semi_presence,easy,2025-02-18 01:05:48
3398,331,3454844,not_remote,easy,2025-02-18 01:25:48
3399,4,4050842,not_clear_remote,easy,2025-02-18 01:39:48
3400,5,5220598,semi_presence,easy,2025-02-18 01:47:48
3401,34,4116274,tot_remote,easy,2025-02-18 01:53:48
3402,100,5609726,semi_remote,easy,2025-02-18 02:11:48
3403,3,5095436,semi_remote,easy,2025-02-18 02:17:48
3405,4,4022301,tot_remote,easy,2025-02-18 02:29:48
3408,3,495708,not_clear_remote,easy,2025-02-18 02:35:48
3409,133,5193932,semi_presence,hard,2025-02-18 02:50:48
3411,4,5502321,not_clear_remote,medium,2025-02-18 03:06:48
3412,331,5571342,not_clear_remote,easy,2025-02-18 03:11:48
3414,5,5421664,semi_presence,easy,2025-02-18 03:28:48
3415,232,5663902,semi_presence,easy,2025-02-18 03:35:48
3416,100,1151987,not_clear_remote,medium,2025-02-18 03:43:48
3418,199,5007254,not_clear_remote,easy,2025-02-18 03:56:48
3419,265,5498725,temp_remote,easy,2025-02-18 04:07:48
3420,397,4207471,tot_remote,easy,2025-02-18 04:18:48
3421,3,5263520,tot_remote,easy,2025-02-18 04:36:48
3424,100,1978305,semi_presence,medium,2025-02-18 04:43:48
3425,331,4134107,temp_remote,medium,2025-02-18 04:50:48
3429,5,4146453,tot_remote,easy,2025-02-18 05:09:48
3430,4,5427653,semi_remote,medium,2025-02-18 05:17:48
3431,166,5319440,semi_remote,medium,2025-02-18 05:30:48
3432,4,5196891,tot_remote,easy,2025-02-18 05:43:48
3433,298,5568409,semi_remote,medium,2025-02-18 06:00:48
3441,166,408091,tot_remote,easy,2025-02-18 06:14:48
3442,199,539858,tot_remote,easy,2025-02-18 06:29:48
3443,397,240248,not_remote,hard,2025-02-18 06:37:48
3445,199,4592466,semi_remote,medium,2025-02-18 06:48:48
3446,298,4087656,temp_remote,easy,2025-02-18 06:54:48
3447,133,4141670,tot_remote,easy,2025-02-18 07:13:48
3448,298,5122440,not_remote,easy,2025-02-18 07:32:48
3451,232,4515097,semi_remote,easy,2025-02-18 07:48:48
3452,4,5410514,semi_presence,medium,2025-02-18 07:58:48
3453,4,5505900,tot_remote,easy,2025-02-18 08:14:48
3454,2,3520006,not_remote,easy,2025-02-18 08:23:48
3456,232,5412495,not_clear_remote,easy,2025-02-18 08:33:48
3457,4,5335223,not_clear_remote,medium,2025-02-18 08:40:48
3459,34,5131193,tot_remote,easy,2025-02-18 08:48:48
3460,199,4117215,tot_remote,easy,2025-02-18 08:53:48
3461,199,5021650,tot_remote,easy,2025-02-18 09:06:48
3463,3,5176866,not_clear_remote,medium,2025-02-18 09:26:48
3465,4,5144540,not_clear_remote,easy,2025-02-18 09:45:48
3466,331,4048282,not_clear_remote,easy,2025-02-18 10:05:48
3469,34,5667972,tot_remote,easy,2025-02-18 10:10:48
3470,166,5292316,not_remote,easy,2025-02-18 10:18:48
3471,4,5463443,semi_presence,easy,2025-02-18 10:31:48
3472,265,4092213,tot_remote,easy,2025-02-18 10:42:48
3474,298,4128691,tot_remote,medium,2025-02-18 10:53:48
3475,34,3986221,not_remote,easy,2025-02-18 11:10:48
3477,67,5637026,not_clear_remote,medium,2025-02-18 11:19:48
3478,67,3840138,not_clear_remote,hard,2025-02-18 11:36:48
3479,331,4255543,tot_remote,easy,2025-02-18 11:44:48
3480,265,5453751,tot_remote,easy,2025-02-18 12:04:48
3483,4,5150096,semi_remote,easy,2025-02-18 12:21:48
3484,100,4233880,tot_remote,easy,2025-02-18 12:30:48
3485,199,2972425,semi_remote,easy,2025-02-18 12:38:48
3486,166,5193928,semi_presence,medium,2025-02-18 12:56:48
3487,67,5651291,not_clear_remote,hard,2025-02-18 13:02:48
3489,3,3963346,semi_presence,easy,2025-02-18 13:14:48
3490,166,5471764,semi_presence,medium,2025-02-18 13:26:48
3491,5,5643238,semi_presence,easy,2025-02-18 13:34:48
3495,265,4272239,semi_presence,medium,2025-02-18 13:54:48
3496,199,3985636,not_remote,easy,2025-02-18 14:14:48
3497,4,4052790,temp_remote,easy,2025-02-18 14:23:48
3498,331,4542687,tot_remote,easy,2025-02-18 14:39:48
3499,166,4575632,not_remote,hard,2025-02-18 14:50:48
3501,166,4046448,tot_remote,medium,2025-02-18 15:10:48
3502,397,5412495,semi_remote,easy,2025-02-18 15:29:48
3504,298,4450845,not_remote,easy,2025-02-18 15:44:48
3505,397,2356333,not_remote,easy,2025-02-18 16:04:48
3506,298,5208683,semi_remote,easy,2025-02-18 16:23:48
3507,34,951707,tot_remote,easy,2025-02-18 16:32:48
3509,166,4016009,tot_remote,easy,2025-02-18 16:43:48
3511,34,4430293,not_clear_remote,easy,2025-02-18 16:52:48
3512,34,5616301,not_clear_remote,easy,2025-02-18 17:03:48
3515,166,5649059,semi_presence,easy,2025-02-18 17:21:48
3516,100,5463313,tot_remote,easy,2025-02-18 17:37:48
3519,3,5377999,semi_remote,medium,2025-02-18 17:46:48
3520,100,4021248,temp_remote,medium,2025-02-18 18:06:48
3521,3,4081720,temp_remote,easy,2025-02-18 18:12:48
3522,397,5200830,semi_remote,easy,2025-02-18 18:20:48
3523,3,4092882,tot_remote,easy,2025-02-18 18:38:48
3525,166,5313796,semi_remote,medium,2025-02-18 18:55:48
3526,4,4535789,not_clear_remote,easy,2025-02-18 19:10:48
3527,4,5106677,temp_remote,easy,2025-02-18 19:19:48
3528,298,5659071,not_remote,easy,2025-02-18 19:24:48
3529,100,5268842,semi_presence,easy,2025-02-18 19:33:48
3531,133,5516495,not_remote,medium,2025-02-18 19:52:48
3532,5,5208304,not_remote,easy,2025-02-18 20:08:48
3533,4,5292767,temp_remote,medium,2025-02-18 20:28:48
3534,232,5113763,semi_presence,easy,2025-02-18 20:36:48
3536,331,5191781,tot_remote,easy,2025-02-18 20:49:48
3537,199,2690303,not_remote,easy,2025-02-18 20:57:48
3538,4,4087717,semi_presence,medium,2025-02-18 21:03:48
3539,67,5575992,not_remote,easy,2025-02-18 21:19:48
3540,298,4104519,temp_remote,medium,2025-02-18 21:27:48
3541,133,5493042,not_remote,easy,2025-02-18 21:38:48
3542,3,4151476,not_clear_remote,medium,2025-02-18 21:47:48
3543,265,5594231,semi_presence,medium,2025-02-18 21:58:48
3544,4,4349033,semi_remote,easy,2025-02-18 22:18:48
3546,5,4114715,semi_remote,easy,2025-02-18 22:31:48
3547,232,2780527,not_clear_remote,easy,2025-02-18 22:42:48
3548,166,4031283,temp_remote,easy,2025-02-18 23:01:48
3549,298,4109479,tot_remote,easy,2025-02-18 23:06:48
3551,133,4140470,not_clear_remote,medium,2025-02-18 23:22:48
3552,397,234566,semi_remote,medium,2025-02-18 23:37:48
3553,3,5009864,tot_remote,easy,2025-02-18 23:42:48
3554,3,4075491,temp_remote,easy,2025-02-18 23:56:48
3555,4,5532210,semi_presence,easy,2025-02-19 00:03:48
3557,133,4126548,not_clear_remote,medium,2025-02-19 00:22:48
3558,331,4112158,not_clear_remote,medium,2025-02-19 00:28:48
3559,3,4492781,semi_remote,easy,2025-02-19 00:43:48
3563,4,4058870,temp_remote,easy,2025-02-19 01:01:48
3564,4,5467723,tot_remote,easy,2025-02-19 01:10:48
3565,4,4584119,not_clear_remote,medium,2025-02-19 01:26:48
3566,298,5572818,semi_remote,medium,2025-02-19 01:37:48
3569,166,5525205,semi_remote,easy,2025-02-19 01:54:48
3573,199,311586,tot_remote,easy,2025-02-19 02:01:48
3575,133,4094130,not_clear_remote,hard,2025-02-19 02:18:48
3576,5,5263014,semi_presence,easy,2025-02-19 02:37:48
3578,4,5423587,tot_remote,easy,2025-02-19 02:54:48
3579,199,4445900,not_remote,easy,2025-02-19 03:08:48
3580,133,4545209,not_remote,easy,2025-02-19 03:13:48
3581,331,5582156,semi_remote,easy,2025-02-19 03:27:48
3582,232,5385902,semi_presence,easy,2025-02-19 03:46:48
3583,133,521720,tot_remote,easy,2025-02-19 03:58:48
3585,265,4128425,temp_remote,medium,2025-02-19 04:05:48
3586,133,4090283,semi_remote,easy,2025-02-19 04:23:48
3589,265,2951380,not_remote,medium,2025-02-19 04:32:48
3591,265,4054518,temp_remote,medium,2025-02-19 04:44:48
3592,100,4162842,temp_remote,easy,2025-02-19 04:55:48
3593,331,4142721,tot_remote,easy,2025-02-19 05:00:48
3594,100,4209108,tot_remote,easy,2025-02-19 05:11:48
3596,34,5371336,tot_remote,easy,2025-02-19 05:23:48
3598,331,4169831,tot_remote,easy,2025-02-19 05:33:48
3600,100,4215732,temp_remote,medium,2025-02-19 05:43:48
3601,5,5514889,semi_remote,easy,2025-02-19 06:03:48
3602,166,5596272,semi_presence,medium,2025-02-19 06:16:48
3603,67,4238290,tot_remote,medium,2025-02-19 06:34:48
3607,34,5218921,not_clear_remote,easy,2025-02-19 06:41:48
3609,2,5292316,not_remote,easy,2025-02-19 06:51:48
3615,4,4145566,tot_remote,easy,2025-02-19 07:08:48
3618,298,5045327,semi_remote,easy,2025-02-19 07:26:48
3619,265,4061144,not_clear_remote,easy,2025-02-19 07:34:48
3622,100,4115250,temp_remote,easy,2025-02-19 07:50:48
3623,232,5216832,semi_remote,easy,2025-02-19 08:01:48
3625,397,2974515,not_remote,easy,2025-02-19 08:08:48
3626,133,5267013,not_clear_remote,easy,2025-02-19 08:24:48
3627,67,5583783,not_clear_remote,medium,2025-02-19 08:38:48
3629,34,5579945,not_clear_remote,easy,2025-02-19 08:53:48
3630,265,4509665,semi_presence,medium,2025-02-19 09:08:48
3632,34,4123549,temp_remote,easy,2025-02-19 09:20:48
3634,4,4053838,tot_remote,easy,2025-02-19 09:39:48
3635,199,4086105,tot_remote,easy,2025-02-19 09:45:48
3637,298,4621645,semi_remote,easy,2025-02-19 09:59:48
3639,2,4099899,tot_remote,easy,2025-02-19 10:11:48
3640,133,4125448,tot_remote,easy,2025-02-19 10:20:48
3641,4,5430410,semi_remote,medium,2025-02-19 10:34:48
3642,199,4655347,not_clear_remote,easy,2025-02-19 10:52:48
3645,133,3456729,semi_remote,medium,2025-02-19 11:02:48
3647,298,5499670,tot_remote,easy,2025-02-19 11:10:48
3648,4,5355911,semi_presence,easy,2025-02-19 11:17:48
3649,3,4229174,tot_remote,easy,2025-02-19 11:35:48
3651,298,4111394,tot_remote,easy,2025-02-19 11:50:48
3652,4,5412190,semi_presence,easy,2025-02-19 12:07:48
3655,298,4116039,temp_remote,easy,2025-02-19 12:23:48
3656,133,5220598,not_clear_remote,hard,2025-02-19 12:34:48
3657,5,626187,not_remote,easy,2025-02-19 12:41:48
3659,133,5498440,not_remote,medium,2025-02-19 12:55:48
3662,4,4099756,temp_remote,easy,2025-02-19 13:09:48
3663,166,4064039,tot_remote,easy,2025-02-19 13:15:48
3664,67,5316133,tot_remote,easy,2025-02-19 13:20:48
3669,298,4066378,temp_remote,easy,2025-02-19 13:36:48
3671,199,5483239,tot_remote,easy,2025-02-19 13:48:48
3675,3,723403,not_remote,easy,2025-02-19 13:55:48
3678,100,5156905,semi_remote,easy,2025-02-19 14:09:48
3679,3,5644928,not_remote,easy,2025-02-19 14:26:48
3680,100,4584105,semi_remote,easy,2025-02-19 14:39:48
3681,166,4473432,tot_remote,medium,2025-02-19 14:48:48
3684,100,5658019,semi_remote,easy,2025-02-19 15:03:48
3685,4,4231310,tot_remote,easy,2025-02-19 15:17:48
3687,3,4114462,temp_remote,easy,2025-02-19 15:27:48
3690,4,4284234,not_remote,easy,2025-02-19 15:38:48
3691,3,4472212,not_remote,easy,2025-02-19 15:47:48
3693,232,3181629,not_clear_remote,easy,2025-02-19 16:07:48
3695,5,4652418,tot_remote,easy,2025-02-19 16:20:48
3698,265,3116694,semi_remote,easy,2025-02-19 16:37:48
3700,265,4057939,temp_remote,easy,2025-02-19 16:43:48
3701,100,2690782,tot_remote,easy,2025-02-19 16:59:48
3703,166,5308976,not_remote,hard,2025-02-19 17:13:48
3705,4,5095436,semi_remote,easy,2025-02-19 17:21:48
3709,133,5547116,not_clear_remote,medium,2025-02-19 17:32:48
3710,133,4176326,temp_remote,easy,2025-02-19 17:40:48
3711,4,4095136,temp_remote,easy,2025-02-19 17:51:48
3714,265,4080822,temp_remote,medium,2025-02-19 17:56:48
3715,4,4176326,temp_remote,easy,2025-02-19 18:11:48
3716,133,4266170,tot_remote,easy,2025-02-19 18:27:48
3717,100,4640469,tot_remote,easy,2025-02-19 18:38:48
3720,166,5497768,semi_presence,medium,2025-02-19 18:52:48
3721,331,5220577,not_clear_remote,medium,2025-02-19 19:09:48
3722,199,5377715,not_remote,easy,2025-02-19 19:18:48
3725,397,4540101,tot_remote,easy,2025-02-19 19:27:48
3727,331,4016009,tot_remote,easy,2025-02-19 19:46:48
3729,166,5392150,semi_presence,easy,2025-02-19 20:06:48
3730,199,1241561,not_remote,easy,2025-02-19 20:26:48
3731,397,655559,tot_remote,easy,2025-02-19 20:38:48
3732,166,4516784,semi_presence,medium,2025-02-19 20:52:48
3733,3,5375146,semi_remote,medium,2025-02-19 21:02:48
3734,4,5069136,tot_remote,easy,2025-02-19 21:12:48
3735,397,4239713,tot_remote,easy,2025-02-19 21:31:48
3736,100,4212015,tot_remote,easy,2025-02-19 21:47:48
3737,4,4076290,not_clear_remote,medium,2025-02-19 22:01:48
3738,4,4115308,tot_remote,easy,2025-02-19 22:17:48
3739,5,4642577,not_remote,medium,2025-02-19 22:28:48
3741,298,4215429,not_clear_remote,medium,2025-02-19 22:43:48
3743,4,4333165,tot_remote,easy,2025-02-19 22:56:48
3744,4,4154691,tot_remote,medium,2025-02-19 23:02:48
3745,133,2055982,tot_remote,easy,2025-02-19 23:14:48
3746,298,5296155,semi_remote,easy,2025-02-19 23:30:48
3747,331,4079713,temp_remote,easy,2025-02-19 23:49:48
3749,265,3955417,tot_remote,easy,2025-02-19 23:56:48
3750,4,4129581,not_remote,easy,2025-02-20 00:04:48
3751,133,1513057,not_remote,easy,2025-02-20 00:12:48
3752,100,5491346,tot_remote,easy,2025-02-20 00:17:48
3753,199,4135224,tot_remote,easy,2025-02-20 00:30:48
3755,166,4235533,tot_remote,easy,2025-02-20 00:42:48
3756,331,3241376,not_remote,easy,2025-02-20 00:57:48
3757,100,4110050,semi_remote,easy,2025-02-20 01:12:48
3758,331,4155716,temp_remote,easy,2025-02-20 01:17:48
3760,397,5356083,semi_remote,easy,2025-02-20 01:30:48
3761,298,5063213,semi_remote,easy,2025-02-20 01:41:48
3763,34,4077712,semi_presence,easy,2025-02-20 01:47:48
3764,265,4144049,semi_remote,easy,2025-02-20 02:02:48
3765,166,3522023,not_remote,easy,2025-02-20 02:10:48
3766,199,4565478,tot_remote,easy,2025-02-20 02:15:48
3768,265,4279002,tot_remote,easy,2025-02-20 02:20:48
3769,4,5408629,tot_remote,easy,2025-02-20 02:32:48
3770,2,4131805,semi_presence,easy,2025-02-20 02:43:48
3771,298,4227465,temp_remote,easy,2025-02-20 02:59:48
3772,67,4053026,temp_remote,easy,2025-02-20 03:12:48
3773,133,5628183,not_clear_remote,medium,2025-02-20 03:23:48
3775,4,4062291,not_clear_remote,easy,2025-02-20 03:42:48
3778,199,4066378,not_remote,easy,2025-02-20 04:02:48
3779,4,4049081,tot_remote,easy,2025-02-20 04:14:48
3780,3,2465149,not_remote,medium,2025-02-20 04:24:48
3781,34,5494825,semi_remote,easy,2025-02-20 04:29:48
3782,397,3269779,semi_remote,easy,2025-02-20 04:36:48
3785,2,4433131,semi_presence,easy,2025-02-20 04:43:48
3786,199,1524471,semi_presence,easy,2025-02-20 04:55:48
3787,232,4311043,tot_remote,easy,2025-02-20 05:03:48
3788,4,4073342,temp_remote,easy,2025-02-20 05:22:48
3791,166,4043948,not_clear_remote,medium,2025-02-20 05:28:48
3792,298,4182902,temp_remote,easy,2025-02-20 05:38:48
3793,3,5170160,semi_remote,easy,2025-02-20 05:44:48
3794,2,1156215,not_remote,easy,2025-02-20 06:00:48
3795,5,4049580,temp_remote,easy,2025-02-20 06:18:48
3796,3,4289671,temp_remote,easy,2025-02-20 06:31:48
3798,265,4048491,tot_remote,easy,2025-02-20 06:41:48
3799,5,5549701,semi_presence,easy,2025-02-20 06:48:48
3800,397,3769352,not_remote,easy,2025-02-20 07:08:48
3804,3,4154909,tot_remote,easy,2025-02-20 07:27:48
3807,4,5665659,not_clear_remote,easy,2025-02-20 07:36:48
3809,67,5659090,not_clear_remote,hard,2025-02-20 07:53:48
3810,133,4326726,tot_remote,easy,2025-02-20 08:05:48
3811,34,4438766,tot_remote,easy,2025-02-20 08:14:48
3812,34,4133254,tot_remote,easy,2025-02-20 08:31:48
3813,5,5006478,semi_presence,easy,2025-02-20 08:51:48
3816,4,5065420,semi_remote,easy,2025-02-20 09:02:48
3817,331,5356697,semi_remote,easy,2025-02-20 09:21:48
3819,3,5385597,tot_remote,easy,2025-02-20 09:34:48
3820,2,5285558,not_clear_remote,easy,2025-02-20 09:52:48
3821,4,4444363,semi_remote,easy,2025-02-20 10:04:48
3822,2,4108014,tot_remote,medium,2025-02-20 10:20:48
3824,232,3403146,tot_remote,easy,2025-02-20 10:31:48
3825,100,4051945,semi_remote,easy,2025-02-20 10:37:48
3826,298,5099966,semi_remote,easy,2025-02-20 10:50:48
3827,67,5130439,tot_remote,easy,2025-02-20 11:04:48
3828,67,5149476,semi_remote,medium,2025-02-20 11:12:48
3829,2,4115993,semi_remote,easy,2025-02-20 11:31:48
3830,331,5569196,semi_presence,easy,2025-02-20 11:47:48
3833,232,555296,tot_remote,easy,2025-02-20 11:59:48
3834,5,5019243,temp_remote,easy,2025-02-20 12:10:48
3835,331,5068592,not_clear_remote,easy,2025-02-20 12:15:48
3836,100,815240,not_remote,easy,2025-02-20 12:35:48
3838,397,3673314,not_remote,easy,2025-02-20 12:48:48
3839,265,5536303,tot_remote,easy,2025-02-20 12:54:48
3843,397,3348200,not_remote,easy,2025-02-20 13:09:48
3847,133,5453187,not_remote,hard,2025-02-20 13:22:48
3848,3,5632307,semi_presence,easy,2025-02-20 13:29:48
3850,265,3530505,semi_remote,medium,2025-02-20 13:49:48
3852,2,5595154,semi_presence,easy,2025-02-20 14:07:48
3854,34,5659244,not_clear_remote,easy,2025-02-20 14:14:48
3855,199,5364290,tot_remote,easy,2025-02-20 14:32:48
3856,100,4616597,semi_remote,easy,2025-02-20 14:48:48
3859,298,5259698,not_remote,easy,2025-02-20 14:54:48
3860,2,5584815,not_clear_remote,easy,2025-02-20 15:08:48
3861,2,4111934,tot_remote,easy,2025-02-20 15:21:48
3862,397,4142668,temp_remote,easy,2025-02-20 15:33:48
3863,100,5149509,semi_remote,easy,2025-02-20 15:51:48
3864,331,234759,tot_remote,easy,2025-02-20 15:58:48
3865,2,5572412,tot_remote,easy,2025-02-20 16:11:48
3866,199,808738,tot_remote,easy,2025-02-20 16:16:48
3867,2,4108407,tot_remote,easy,2025-02-20 16:33:48
3869,199,416778,not_clear_remote,easy,2025-02-20 16:41:48
3871,199,4550379,not_clear_remote,easy,2025-02-20 16:51:48
3872,265,4483111,tot_remote,easy,2025-02-20 17:08:48
3873,3,5388678,semi_remote,easy,2025-02-20 17:28:48
3874,397,3530505,semi_remote,medium,2025-02-20 17:47:48
3877,298,4086105,tot_remote,easy,2025-02-20 17:55:48
3878,2,5032456,tot_remote,easy,2025-02-20 18:00:48
3879,5,4091995,not_clear_remote,easy,2025-02-20 18:15:48
3880,265,5227257,not_remote,easy,2025-02-20 18:20:48
3881,2,4187668,temp_remote,easy,2025-02-20 18:33:48
3882,265,5121495,tot_remote,medium,2025-02-20 18:53:48
3883,2,3988260,temp_remote,easy,2025-02-20 19:11:48
3884,2,5565689,not_clear_remote,easy,2025-02-20 19:24:48
3885,298,4351655,temp_remote,easy,2025-02-20 19:43:48
3886,298,4203142,semi_remote,easy,2025-02-20 19:58:48
3887,3,5088954,tot_remote,easy,2025-02-20 20:09:48
3888,3,3862466,not_clear_remote,medium,2025-02-20 20:15:48
3890,3,4205864,semi_remote,easy,2025-02-20 20:21:48
3891,2,4530439,temp_remote,medium,2025-02-20 20:26:48
3892,2,5118292,tot_remote,easy,2025-02-20 20:39:48
3893,331,3831000,not_remote,easy,2025-02-20 20:44:48
3898,100,5352779,temp_remote,medium,2025-02-20 20:53:48
3899,100,4103452,semi_remote,easy,2025-02-20 21:09:48
3900,133,5161069,not_clear_remote,medium,2025-02-20 21:14:48
3901,2,4068589,temp_remote,easy,2025-02-20 21:21:48
3902,166,3969120,not_remote,medium,2025-02-20 21:41:48
3904,397,3388533,tot_remote,easy,2025-02-20 21:51:48
3907,100,5596362,semi_remote,easy,2025-02-20 22:03:48
3908,100,4116363,tot_remote,easy,2025-02-20 22:16:48
3909,232,4071312,not_clear_remote,easy,2025-02-20 22:21:48
3910,67,4655347,not_clear_remote,medium,2025-02-20 22:41:48
3912,265,311413,not_remote,medium,2025-02-20 22:48:48
3913,166,2965668,semi_presence,medium,2025-02-20 23:02:48
3914,397,1513057,not_remote,easy,2025-02-20 23:07:48
3917,199,4085566,temp_remote,easy,2025-02-20 23:13:48
3918,5,5347190,semi_presence,easy,2025-02-20 23:32:48
3919,265,5080091,tot_remote,medium,2025-02-20 23:40:48
3920,397,311413,not_remote,medium,2025-02-20 23:45:48
3922,331,1726273,not_remote,easy,2025-02-20 23:50:48
3926,2,5329939,semi_remote,easy,2025-02-21 00:09:48
3927,3,5185503,semi_remote,medium,2025-02-21 00:28:48
3928,232,4108014,tot_remote,easy,2025-02-21 00:39:48
3929,232,4049081,tot_remote,easy,2025-02-21 00:56:48
3930,232,5356083,semi_remote,easy,2025-02-21 01:01:48
3932,5,5068846,semi_presence,easy,2025-02-21 01:14:48
3933,34,4233162,not_clear_remote,easy,2025-02-21 01:33:48
3934,298,5153768,semi_remote,easy,2025-02-21 01:46:48
3935,199,4136021,tot_remote,easy,2025-02-21 02:01:48
3936,2,5176866,not_clear_remote,medium,2025-02-21 02:06:48
3937,397,5548552,semi_presence,easy,2025-02-21 02:26:48
3939,3,5512174,not_clear_remote,medium,2025-02-21 02:31:48
3940,67,4072650,tot_remote,easy,2025-02-21 02:50:48
3941,397,791114,tot_remote,easy,2025-02-21 03:04:48
3944,331,5179019,tot_remote,easy,2025-02-21 03:19:48
3945,3,4656002,tot_remote,easy,2025-02-21 03:31:48
3948,3,4040621,tot_remote,easy,2025-02-21 03:49:48
3949,2,4509665,semi_presence,medium,2025-02-21 04:05:48
3950,5,4473485,semi_remote,easy,2025-02-21 04:20:48
3951,298,4244719,semi_remote,easy,2025-02-21 04:39:48
3952,2,5633750,not_remote,medium,2025-02-21 04:56:48
3953,298,5142902,tot_remote,easy,2025-02-21 05:09:48
3954,133,4049811,semi_remote,easy,2025-02-21 05:18:48
3955,34,4479533,tot_remote,easy,2025-02-21 05:29:48
3956,2,5300354,semi_presence,hard,2025-02-21 05:47:48
3957,232,4064706,temp_remote,easy,2025-02-21 06:06:48
3959,331,5288630,not_clear_remote,easy,2025-02-21 06:21:48
3960,199,451845,tot_remote,medium,2025-02-21 06:30:48
3961,166,5132894,semi_remote,easy,2025-02-21 06:44:48
3964,265,580320,tot_remote,easy,2025-02-21 06:56:48
3965,232,5594304,semi_presence,easy,2025-02-21 07:12:48
3966,298,4084186,temp_remote,easy,2025-02-21 07:31:48
3967,2,5573308,semi_presence,easy,2025-02-21 07:41:48
3969,2,5296768,semi_remote,easy,2025-02-21 07:56:48
3970,397,3446631,not_remote,easy,2025-02-21 08:16:48
3971,34,4204903,tot_remote,easy,2025-02-21 08:24:48
3973,2,5377283,not_remote,easy,2025-02-21 08:30:48
3975,2,5478529,semi_remote,easy,2025-02-21 08:37:48
3977,5,3846896,tot_remote,easy,2025-02-21 08:52:48
3978,199,4438194,not_remote,easy,2025-02-21 09:08:48
3980,2,5594323,semi_presence,easy,2025-02-21 09:27:48
3981,2,4140470,not_clear_remote,medium,2025-02-21 09:41:48
3982,100,5594576,semi_presence,easy,2025-02-21 10:00:48
3984,397,495708,not_clear_remote,easy,2025-02-21 10:12:48
3986,2,5603047,not_remote,easy,2025-02-21 10:27:48
3989,397,405126,tot_remote,easy,2025-02-21 10:43:48
3990,67,3119770,not_remote,easy,2025-02-21 11:02:48
3991,100,4085716,temp_remote,easy,2025-02-21 11:16:48
3992,232,3794615,semi_presence,easy,2025-02-21 11:31:48
3993,166,4212359,tot_remote,easy,2025-02-21 11:43:48
3994,265,5569230,semi_remote,easy,2025-02-21 11:56:48
3995,397,4181849,tot_remote,easy,2025-02-21 12:10:48
3997,199,4144233,not_remote,easy,2025-02-21 12:20:48
3998,5,4449962,tot_remote,easy,2025-02-21 12:33:48
3999,166,4103977,semi_remote,medium,2025-02-21 12:46:48
4000,2,5453187,not_remote,hard,2025-02-21 12:52:48
4003,331,5427978,tot_remote,easy,2025-02-21 13:01:48
4004,397,4057269,temp_remote,easy,2025-02-21 13:19:48
4005,199,5268794,temp_remote,easy,2025-02-21 13:25:48
4007,5,5188862,tot_remote,easy,2025-02-21 13:45:48
4011,2,4124094,tot_remote,easy,2025-02-21 13:58:48
4012,67,4228412,temp_remote,easy,2025-02-21 14:04:48
4013,2,3846391,not_remote,easy,2025-02-21 14:10:48
4015,331,2809710,not_remote,easy,2025-02-21 14:22:48
4016,2,4069166,temp_remote,easy,2025-02-21 14:42:48
4017,331,5660539,tot_remote,easy,2025-02-21 14:47:48
4018,2,4132624,not_clear_remote,hard,2025-02-21 14:54:48
4019,232,973369,not_clear_remote,easy,2025-02-21 15:13:48
4020,298,580320,tot_remote,easy,2025-02-21 15:30:48
4021,2,4547128,semi_presence,medium,2025-02-21 15:36:48
4022,199,5296155,not_clear_remote,easy,2025-02-21 15:42:48
4023,397,4135434,tot_remote,easy,2025-02-21 15:54:48
4024,265,4087788,semi_presence,easy,2025-02-21 16:13:48
4026,298,4075210,semi_remote,easy,2025-02-21 16:32:48
4030,2,4066825,temp_remote,easy,2025-02-21 16:50:48
4031,100,2157663,semi_remote,easy,2025-02-21 16:57:48
4032,265,5060905,not_clear_remote,easy,2025-02-21 17:04:48
4033,166,4025181,tot_remote,medium,2025-02-21 17:11:48
4037,100,5077971,not_clear_remote,easy,2025-02-21 17:21:48
4039,232,4141830,tot_remote,easy,2025-02-21 17:26:48
4041,133,5168519,not_remote,easy,2025-02-21 17:45:48
4042,298,4107499,tot_remote,easy,2025-02-21 18:02:48
4043,166,4154368,tot_remote,easy,2025-02-21 18:12:48
4046,5,4626933,semi_remote,easy,2025-02-21 18:21:48
4047,5,1192621,not_remote,easy,2025-02-21 18:39:48
4048,2,4119347,tot_remote,medium,2025-02-21 18:46:48
4049,67,4104783,temp_remote,medium,2025-02-21 18:51:48
4050,331,2970634,semi_remote,easy,2025-02-21 19:09:48
4051,5,4482923,semi_remote,easy,2025-02-21 19:22:48
4053,3,4617655,not_clear_remote,easy,2025-02-21 19:32:48
4055,34,3873908,not_remote,easy,2025-02-21 19:52:48
4056,331,5535175,tot_remote,easy,2025-02-21 20:11:48
4058,2,5658941,not_clear_remote,medium,2025-02-21 20:17:48
4059,397,4144516,tot_remote,easy,2025-02-21 20:29:48
4060,331,5624583,tot_remote,easy,2025-02-21 20:46:48
4062,2,1463383,not_remote,easy,2025-02-21 20:52:48
4064,331,4282524,not_clear_remote,easy,2025-02-21 21:05:48
4065,3,4640472,not_clear_remote,medium,2025-02-21 21:19:48
4066,2,5034276,not_remote,easy,2025-02-21 21:39:48
4067,2,4095794,tot_remote,easy,2025-02-21 21:57:48
4068,166,622756,not_clear_remote,easy,2025-02-21 22:11:48
4069,34,5577019,not_clear_remote,easy,2025-02-21 22:19:48
4072,5,2711762,not_remote,easy,2025-02-21 22:31:48
4073,2,4080236,temp_remote,easy,2025-02-21 22:36:48
4075,331,5482412,not_clear_remote,easy,2025-02-21 22:52:48
4076,3,5189538,semi_remote,easy,2025-02-21 22:58:48
4077,2,5301723,semi_remote,medium,2025-02-21 23:09:48
4078,100,4077712,temp_remote,medium,2025-02-21 23:14:48
4079,2,5191095,not_clear_remote,easy,2025-02-21 23:26:48
4080,298,3559342,not_remote,medium,2025-02-21 23:41:48
4081,67,5031433,not_clear_remote,medium,2025-02-22 00:01:48
4082,100,4254259,semi_presence,medium,2025-02-22 00:15:48
4083,199,4131595,not_clear_remote,easy,2025-02-22 00:34:48
4085,133,5350203,not_clear_remote,medium,2025-02-22 00:51:48
4086,298,4141694,semi_remote,easy,2025-02-22 00:58:48
4087,298,5184027,semi_remote,easy,2025-02-22 01:03:48
4088,67,5155487,not_clear_remote,medium,2025-02-22 01:14:48
4090,265,5510267,semi_remote,medium,2025-02-22 01:24:48
4091,67,5616056,semi_presence,medium,2025-02-22 01:29:48
4092,265,3456750,semi_remote,easy,2025-02-22 01:37:48
4093,2,5248816,not_clear_remote,easy,2025-02-22 01:54:48
4095,199,3370825,not_remote,medium,2025-02-22 02:02:48
4096,166,5474576,semi_remote,medium,2025-02-22 02:17:48
4098,298,5371014,tot_remote,easy,2025-02-22 02:34:48
4100,199,5454988,tot_remote,easy,2025-02-22 02:41:48
4102,265,3559342,not_remote,medium,2025-02-22 02:52:48
4104,199,251693,tot_remote,medium,2025-02-22 03:12:48
4105,298,5161545,semi_remote,medium,2025-02-22 03:24:48
4108,133,5597041,not_remote,easy,2025-02-22 03:32:48
4109,34,5263216,tot_remote,easy,2025-02-22 03:50:48
4110,331,4065495,tot_remote,medium,2025-02-22 03:57:48
4111,331,3028204,not_remote,easy,2025-02-22 04:11:48
4112,2,5182049,tot_remote,easy,2025-02-22 04:23:48
4114,5,4529469,tot_remote,easy,2025-02-22 04:43:48
4117,2,4107884,tot_remote,easy,2025-02-22 04:54:48
4118,331,5087357,tot_remote,easy,2025-02-22 05:08:48
4121,2,5324235,not_clear_remote,easy,2025-02-22 05:20:48
4122,100,3823553,not_remote,easy,2025-02-22 05:40:48
4124,232,5144540,not_clear_remote,easy,2025-02-22 06:00:48
4125,2,5623772,tot_remote,easy,2025-02-22 06:14:48
4127,2,5582607,not_clear_remote,medium,2025-02-22 06:19:48
4128,2,4091980,temp_remote,easy,2025-02-22 06:30:48
4129,5,3186262,not_remote,medium,2025-02-22 06:35:48
4130,67,4319485,tot_remote,easy,2025-02-22 06:43:48
4132,3,4126168,temp_remote,easy,2025-02-22 06:51:48
4133,2,5385902,semi_presence,easy,2025-02-22 07:11:48
4134,397,4065447,semi_presence,easy,2025-02-22 07:23:48
4136,2,5366097,semi_remote,easy,2025-02-22 07:30:48
4138,34,4118925,not_clear_remote,easy,2025-02-22 07:38:48
4139,331,5363632,not_remote,easy,2025-02-22 07:58:48
4140,265,5208683,semi_remote,easy,2025-02-22 08:18:48
4141,133,2562611,not_remote,medium,2025-02-22 08:29:48
4142,34,4462491,not_clear_remote,easy,2025-02-22 08:38:48
4144,2,4256742,semi_presence,medium,2025-02-22 08:54:48
4146,397,3021942,semi_remote,easy,2025-02-22 09:01:48
4147,67,4040496,not_remote,easy,2025-02-22 09:09:48
4149,397,5049283,semi_remote,easy,2025-02-22 09:25:48
4152,397,4138034,tot_remote,easy,2025-02-22 09:41:48
4154,67,3920630,tot_remote,easy,2025-02-22 09:48:48
4155,2,4464208,semi_remote,easy,2025-02-22 10:04:48
4156,232,4440613,tot_remote,easy,2025-02-22 10:13:48
4157,2,4005775,temp_remote,easy,2025-02-22 10:30:48
4158,166,4048282,not_remote,hard,2025-02-22 10:44:48
4159,397,4650466,semi_presence,easy,2025-02-22 11:01:48
4160,2,4527919,not_remote,easy,2025-02-22 11:10:48
4162,199,5371014,tot_remote,easy,2025-02-22 11:17:48
4163,100,5625289,semi_presence,easy,2025-02-22 11:34:48
4164,3,5312693,semi_presence,medium,2025-02-22 11:46:48
4166,232,4393103,tot_remote,easy,2025-02-22 11:55:48
4167,331,4359451,not_remote,easy,2025-02-22 12:03:48
4168,67,4583009,temp_remote,easy,2025-02-22 12:16:48
4169,133,4170093,temp_remote,easy,2025-02-22 12:33:48
4170,2,4066332,not_clear_remote,easy,2025-02-22 12:46:48
4171,397,5400059,semi_remote,easy,2025-02-22 12:53:48
4173,2,4133401,tot_remote,easy,2025-02-22 13:07:48
4174,67,5100631,tot_remote,easy,2025-02-22 13:26:48
4176,100,3357160,not_clear_remote,medium,2025-02-22 13:42:48
4177,166,4119347,tot_remote,easy,2025-02-22 13:55:48
4180,232,4457979,temp_remote,easy,2025-02-22 14:08:48
4181,166,5271157,tot_remote,easy,2025-02-22 14:27:48
4183,331,4508069,not_remote,easy,2025-02-22 14:35:48
4184,331,3721508,semi_remote,easy,2025-02-22 14:45:48
4185,2,4170093,temp_remote,easy,2025-02-22 15:05:48
4187,298,4483111,temp_remote,easy,2025-02-22 15:10:48
4188,166,4114638,tot_remote,easy,2025-02-22 15:16:48
4189,3,4072851,temp_remote,easy,2025-02-22 15:27:48
4190,331,4459794,not_clear_remote,easy,2025-02-22 15:41:48
4192,397,5525205,semi_remote,easy,2025-02-22 15:47:48
4193,298,5233393,semi_remote,easy,2025-02-22 16:01:48
4196,298,3349768,tot_remote,easy,2025-02-22 16:14:48
4197,298,4133253,semi_remote,easy,2025-02-22 16:25:48
4198,199,5213253,not_clear_remote,easy,2025-02-22 16:35:48
4199,34,4171605,tot_remote,easy,2025-02-22 16:47:48
4200,5,5201257,temp_remote,easy,2025-02-22 17:05:48
4201,232,4139134,tot_remote,easy,2025-02-22 17:14:48
4202,3,4149839,not_clear_remote,medium,2025-02-22 17:21:48
4203,397,3593231,not_remote,easy,2025-02-22 17:40:48
4205,298,5192255,semi_remote,easy,2025-02-22 17:47:48
4206,298,4630368,tot_remote,easy,2025-02-22 17:55:48
4208,100,5588827,semi_remote,easy,2025-02-22 18:07:48
4210,232,4206386,tot_remote,easy,2025-02-22 18:22:48
4211,2,5569677,semi_presence,easy,2025-02-22 18:38:48
4212,166,4074969,not_clear_remote,hard,2025-02-22 18:43:48
4214,100,5263520,temp_remote,medium,2025-02-22 19:03:48
4215,34,5651460,semi_presence,easy,2025-02-22 19:21:48
4216,3,4120562,temp_remote,easy,2025-02-22 19:35:48
4217,2,4113335,temp_remote,easy,2025-02-22 19:43:48
4220,232,5082131,tot_remote,easy,2025-02-22 19:58:48
4221,3,5427653,semi_remote,medium,2025-02-22 20:18:48
4222,5,5646385,semi_presence,easy,2025-02-22 20:24:48
4223,133,5571482,not_clear_remote,medium,2025-02-22 20:42:48
4225,199,4140782,not_clear_remote,easy,2025-02-22 21:02:48
4227,166,5339638,semi_remote,medium,2025-02-22 21:13:48
4228,232,460764,not_remote,easy,2025-02-22 21:20:48
4231,331,4220354,not_clear_remote,easy,2025-02-22 21:31:48
4232,2,5404862,semi_remote,easy,2025-02-22 21:44:48
4233,133,4611903,not_clear_remote,hard,2025-02-22 21:50:48
4234,331,5633009,not_clear_remote,easy,2025-02-22 21:58:48
4235,2,4457371,temp_remote,easy,2025-02-22 22:09:48
4236,331,4225835,not_remote,easy,2025-02-22 22:28:48
4237,3,5529669,semi_remote,easy,2025-02-22 22:37:48
4238,5,5619156,semi_presence,easy,2025-02-22 22:53:48
4239,2,4555988,not_clear_remote,easy,2025-02-22 22:58:48
4241,397,3755737,semi_remote,medium,2025-02-22 23:18:48
4242,67,5114930,semi_remote,easy,2025-02-22 23:37:48
4243,67,2604740,not_remote,medium,2025-02-22 23:57:48
4245,2,4278071,not_remote,medium,2025-02-23 00:11:48
4246,199,3399414,not_remote,easy,2025-02-23 00:24:48
4247,199,5218725,tot_remote,easy,2025-02-23 00:33:48
4249,397,2780527,not_clear_remote,easy,2025-02-23 00:42:48
4252,2,4135776,tot_remote,easy,2025-02-23 01:01:48
4255,331,5658264,semi_remote,medium,2025-02-23 01:15:48
4256,166,5179019,tot_remote,medium,2025-02-23 01:25:48
4257,2,4088342,not_clear_remote,hard,2025-02-23 01:43:48
4259,133,4097244,tot_remote,medium,2025-02-23 01:48:48
4260,265,4155082,semi_remote,easy,2025-02-23 02:04:48
4263,199,4107835,tot_remote,easy,2025-02-23 02:11:48
4267,100,5288091,not_clear_remote,medium,2025-02-23 02:19:48
4268,265,5604186,semi_presence,easy,2025-02-23 02:26:48
4269,298,5302946,semi_remote,easy,2025-02-23 02:37:48
4270,133,5502321,not_clear_remote,medium,2025-02-23 02:43:48
4272,166,3025914,tot_remote,medium,2025-02-23 02:49:48
4274,5,2562611,not_remote,easy,2025-02-23 03:03:48
4275,166,5033644,semi_remote,medium,2025-02-23 03:10:48
4277,2,5100793,not_remote,easy,2025-02-23 03:19:48
4278,298,4063010,temp_remote,easy,2025-02-23 03:34:48
4280,166,297666,tot_remote,medium,2025-02-23 03:48:48
4281,3,952889,semi_presence,medium,2025-02-23 03:55:48
4282,3,4141475,tot_remote,easy,2025-02-23 04:04:48
4284,133,4071869,semi_presence,easy,2025-02-23 04:09:48
4285,2,4010842,not_clear_remote,medium,2025-02-23 04:16:48
4286,2,4084264,temp_remote,easy,2025-02-23 04:27:48
4287,331,4026171,not_clear_remote,hard,2025-02-23 04:46:48
4288,5,4207774,semi_presence,easy,2025-02-23 04:56:48
4289,100,4534165,tot_remote,easy,2025-02-23 05:08:48
4290,397,394570,temp_remote,easy,2025-02-23 05:24:48
4292,2,5270253,not_remote,easy,2025-02-23 05:32:48
4293,2,4128425,temp_remote,medium,2025-02-23 05:41:48
4294,100,3236386,semi_remote,medium,2025-02-23 05:51:48
4295,166,4099902,tot_remote,easy,2025-02-23 05:56:48
4297,298,1638212,semi_remote,easy,2025-02-23 06:09:48
4298,397,3826451,not_remote,easy,2025-02-23 06:28:48
4300,166,5405450,semi_presence,medium,2025-02-23 06:38:48
4301,265,4122164,tot_remote,easy,2025-02-23 06:51:48
4302,166,4300844,tot_remote,medium,2025-02-23 07:10:48
4303,34,5103493,not_clear_remote,easy,2025-02-23 07:22:48
4304,2,5550015,semi_remote,medium,2025-02-23 07:40:48
4305,2,5641306,not_remote,medium,2025-02-23 07:50:48
4306,199,4132023,not_remote,easy,2025-02-23 07:59:48
4307,5,4427049,not_clear_remote,easy,2025-02-23 08:16:48
4308,5,4537147,semi_presence,easy,2025-02-23 08:33:48
4310,232,5420835,semi_remote,easy,2025-02-23 08:40:48
4311,232,4105720,tot_remote,easy,2025-02-23 08:57:48
4315,232,3968016,not_remote,easy,2025-02-23 09:05:48
4316,232,5206160,semi_remote,easy,2025-02-23 09:20:48
4317,67,4210767,not_clear_remote,easy,2025-02-23 09:38:48
4318,5,5578181,semi_remote,easy,2025-02-23 09:52:48
4319,166,4148705,semi_presence,easy,2025-02-23 10:06:48
4320,67,1352419,not_clear_remote,medium,2025-02-23 10:11:48
4321,232,5291187,not_remote,easy,2025-02-23 10:19:48
4323,67,5118641,not_remote,medium,2025-02-23 10:38:48
4324,331,5640366,not_clear_remote,easy,2025-02-23 10:47:48
4325,5,3364629,not_remote,easy,2025-02-23 10:55:48
4326,100,5547786,semi_presence,easy,2025-02-23 11:11:48
4327,34,4274224,not_clear_remote,easy,2025-02-23 11:25:48
4328,100,4289671,semi_remote,easy,2025-02-23 11:34:48
4329,397,4570769,tot_remote,easy,2025-02-23 11:49:48
4330,166,3074211,not_remote,medium,2025-02-23 12:05:48
4332,5,4139762,tot_remote,easy,2025-02-23 12:23:48
4334,298,4510226,tot_remote,easy,2025-02-23 12:42:48
4335,34,4117477,tot_remote,easy,2025-02-23 12:50:48
4336,331,4091995,not_clear_remote,easy,2025-02-23 13:02:48
4338,5,408683,tot_remote,easy,2025-02-23 13:21:48
4339,34,4209108,temp_remote,easy,2025-02-23 13:28:48
4340,100,5182047,tot_remote,medium,2025-02-23 13:47:48
4341,232,5100850,semi_remote,easy,2025-02-23 14:06:48
4342,3,4216283,tot_remote,easy,2025-02-23 14:11:48
4343,3,5616307,semi_remote,easy,2025-02-23 14:16:48
4344,331,377717,tot_remote,easy,2025-02-23 14:26:48
4345,67,5527709,not_clear_remote,medium,2025-02-23 14:46:48
4352,298,5479103,semi_remote,easy,2025-02-23 15:02:48
4353,2,4116593,temp_remote,medium,2025-02-23 15:22:48
4355,265,4124448,temp_remote,medium,2025-02-23 15:38:48
4358,199,4081617,temp_remote,easy,2025-02-23 15:51:48
4359,199,5517590,semi_presence,easy,2025-02-23 16:09:48
4362,265,4530439,temp_remote,medium,2025-02-23 16:17:48
4365,133,5594377,semi_presence,medium,2025-02-23 16:25:48
4367,2,5212496,tot_remote,medium,2025-02-23 16:42:48
4368,2,5206160,semi_remote,easy,2025-02-23 16:56:48
4372,2,3927666,semi_presence,easy,2025-02-23 17:16:48
4373,100,4184527,semi_presence,medium,2025-02-23 17:33:48
4376,199,4130194,tot_remote,easy,2025-02-23 17:49:48
4377,166,5421335,semi_remote,easy,2025-02-23 18:02:48
4378,331,4150104,not_clear_remote,easy,2025-02-23 18:12:48
4379,3,5473989,tot_remote,easy,2025-02-23 18:22:48
4381,2,5600360,tot_remote,easy,2025-02-23 18:34:48
4383,67,4389171,not_clear_remote,easy,2025-02-23 18:48:48
4384,2,4114638,tot_remote,easy,2025-02-23 18:54:48
4387,265,5462319,tot_remote,easy,2025-02-23 19:14:48
4389,265,4019176,semi_remote,medium,2025-02-23 19:32:48
4390,2,4068860,temp_remote,easy,2025-02-23 19:40:48
4391,34,4595872,temp_remote,easy,2025-02-23 20:00:48
4392,2,5642759,semi_remote,easy,2025-02-23 20:10:48
4394,166,4111939,tot_remote,medium,2025-02-23 20:19:48
4395,2,5185503,semi_remote,medium,2025-02-23 20:38:48
4397,67,5536330,tot_remote,easy,2025-02-23 20:44:48
4398,2,4374321,tot_remote,medium,2025-02-23 21:00:48
4399,166,1156215,not_remote,hard,2025-02-23 21:07:48
4402,67,5077736,not_clear_remote,easy,2025-02-23 21:26:48
4403,331,5098330,semi_presence,easy,2025-02-23 21:41:48
4404,298,5130307,not_remote,easy,2025-02-23 21:52:48
4405,133,5227251,not_remote,easy,2025-02-23 22:12:48
4406,2,5102488,tot_remote,easy,2025-02-23 22:29:48
4407,2,4070760,temp_remote,easy,2025-02-23 22:49:48
4408,265,4087656,temp_remote,easy,2025-02-23 22:59:48
4409,133,4619930,not_clear_remote,hard,2025-02-23 23:04:48
4410,2,4448447,semi_remote,easy,2025-02-23 23:17:48
4411,265,4107499,tot_remote,easy,2025-02-23 23:26:48
4413,397,3385605,semi_presence,easy,2025-02-23 23:35:48
4414,331,3626851,semi_presence,easy,2025-02-23 23:44:48
4417,331,4105291,not_clear_remote,hard,2025-02-23 23:56:48
4418,3,4097923,temp_remote,easy,2025-02-24 00:10:48
4419,2,4496896,not_clear_remote,easy,2025-02-24 00:16:48
4422,100,3269807,semi_remote,medium,2025-02-24 00:22:48
4423,232,3271417,not_remote,easy,2025-02-24 00:28:48
4425,232,1155587,semi_presence,easy,2025-02-24 00:38:48
4428,2,5496580,tot_remote,easy,2025-02-24 00:45:48
4430,199,5646779,not_remote,easy,2025-02-24 00:50:48
4431,2,5547116,not_clear_remote,medium,2025-02-24 01:08:48
4432,298,4041702,tot_remote,medium,2025-02-24 01:20:48
4434,67,4051621,tot_remote,medium,2025-02-24 01:25:48
4436,67,4045967,not_remote,easy,2025-02-24 01:40:48
4437,199,4414170,tot_remote,medium,2025-02-24 01:58:48
4439,331,5501480,semi_remote,medium,2025-02-24 02:10:48
4440,34,5644913,not_remote,easy,2025-02-24 02:29:48
4441,34,5604693,not_clear_remote,easy,2025-02-24 02:41:48
4442,199,5644540,not_clear_remote,easy,2025-02-24 02:54:48
4444,2,4064001,temp_remote,easy,2025-02-24 03:05:48
4445,232,4233996,tot_remote,easy,2025-02-24 03:12:48
4446,3,4088061,not_remote,easy,2025-02-24 03:19:48
4447,2,5607010,not_remote,easy,2025-02-24 03:26:48
4448,3,644622,not_remote,easy,2025-02-24 03:35:48
4450,166,5116702,semi_remote,medium,2025-02-24 03:53:48
4451,67,5602680,tot_remote,easy,2025-02-24 04:02:48
4452,34,3580050,not_clear_remote,easy,2025-02-24 04:19:48
4453,2,5043485,not_clear_remote,medium,2025-02-24 04:38:48
4454,67,3167387,semi_presence,medium,2025-02-24 04:53:48
4455,331,5151099,semi_presence,easy,2025-02-24 05:03:48
4456,2,5078573,tot_remote,easy,2025-02-24 05:17:48
4458,298,5453751,tot_remote,easy,2025-02-24 05:27:48
4459,34,4221958,temp_remote,easy,2025-02-24 05:42:48
4460,100,5637082,tot_remote,easy,2025-02-24 05:48:48
4461,67,4490665,semi_remote,easy,2025-02-24 05:59:48
4463,199,4279414,tot_remote,easy,2025-02-24 06:12:48
4464,166,4485950,semi_remote,medium,2025-02-24 06:23:48
4465,2,4428848,tot_remote,easy,2025-02-24 06:34:48
4466,133,4076290,not_clear_remote,medium,2025-02-24 06:49:48
4471,298,4076719,tot_remote,easy,2025-02-24 06:54:48
4474,133,4070506,not_clear_remote,medium,2025-02-24 07:10:48
4475,2,5399140,not_clear_remote,medium,2025-02-24 07:21:48
4477,133,686022,not_remote,medium,2025-02-24 07:33:48
4480,2,4090716,temp_remote,easy,2025-02-24 07:43:48
4481,232,5224404,not_remote,easy,2025-02-24 08:00:48
4487,397,5605142,semi_presence,easy,2025-02-24 08:15:48
4488,331,5605204,not_clear_remote,easy,2025-02-24 08:27:48
4490,67,4116274,tot_remote,easy,2025-02-24 08:47:48
4491,331,4182106,not_clear_remote,medium,2025-02-24 09:02:48
4493,166,5587638,semi_remote,easy,2025-02-24 09:08:48
4494,397,3139619,not_remote,easy,2025-02-24 09:26:48
4496,3,4419022,not_remote,easy,2025-02-24 09:36:48
4497,3,2342029,not_remote,easy,2025-02-24 09:54:48
4498,166,5546217,semi_remote,easy,2025-02-24 09:59:48
4499,2,5317471,semi_remote,easy,2025-02-24 10:18:48
4501,133,4078325,not_remote,hard,2025-02-24 10:35:48
4502,2,3904803,tot_remote,easy,2025-02-24 10:40:48
4503,2,4056033,tot_remote,easy,2025-02-24 10:56:48
4504,34,4087712,temp_remote,easy,2025-02-24 11:08:48
4505,34,5031639,semi_remote,easy,2025-02-24 11:24:48
4510,298,4095979,temp_remote,medium,2025-02-24 11:32:48
4511,100,4087712,temp_remote,medium,2025-02-24 11:37:48
4512,265,5336418,semi_remote,hard,2025-02-24 11:49:48
4513,2,5310812,temp_remote,easy,2025-02-24 11:56:48
4516,2,5137288,not_clear_remote,easy,2025-02-24 12:09:48
4517,331,3993724,temp_remote,easy,2025-02-24 12:29:48
4518,67,4307554,tot_remote,easy,2025-02-24 12:37:48
4519,67,5045811,not_clear_remote,easy,2025-02-24 12:50:48
4523,2,4195135,temp_remote,easy,2025-02-24 13:02:48
4526,67,3572245,tot_remote,easy,2025-02-24 13:07:48
4527,2,4376526,semi_remote,medium,2025-02-24 13:21:48
4528,397,5004948,semi_remote,easy,2025-02-24 13:36:48
4529,67,4660871,not_clear_remote,easy,2025-02-24 13:56:48
4530,2,4089599,tot_remote,easy,2025-02-24 14:16:48
4532,133,5211118,not_clear_remote,medium,2025-02-24 14:32:48
4533,265,5069136,tot_remote,easy,2025-02-24 14:37:48
4534,2,3137835,not_remote,easy,2025-02-24 14:42:48
4535,331,4065084,not_clear_remote,medium,2025-02-24 14:59:48
4536,5,4466238,semi_remote,easy,2025-02-24 15:18:48
4538,232,4075892,temp_remote,easy,2025-02-24 15:26:48
4540,199,4019987,temp_remote,medium,2025-02-24 15:37:48
4541,2,4476871,semi_remote,easy,2025-02-24 15:45:48
4542,298,4140650,tot_remote,easy,2025-02-24 16:01:48
4544,397,5478594,tot_remote,easy,2025-02-24 16:06:48
4546,166,732583,not_clear_remote,medium,2025-02-24 16:26:48
4547,2,5565660,semi_remote,medium,2025-02-24 16:40:48
4548,133,5472319,not_clear_remote,hard,2025-02-24 16:51:48
4549,397,3668428,not_remote,easy,2025-02-24 17:02:48
4550,265,3690248,not_remote,easy,2025-02-24 17:11:48
4551,298,5384657,semi_remote,medium,2025-02-24 17:18:48
4553,397,779331,semi_remote,easy,2025-02-24 17:24:48
4554,3,5659342,not_clear_remote,easy,2025-02-24 17:43:48
4555,166,3587792,not_remote,hard,2025-02-24 18:01:48
4556,397,3483117,not_remote,easy,2025-02-24 18:21:48
4559,2,4153022,tot_remote,easy,2025-02-24 18:26:48
4560,199,5569243,not_remote,easy,2025-02-24 18:41:48
4561,331,4037325,temp_remote,easy,2025-02-24 18:47:48
4562,2,5197292,not_clear_remote,medium,2025-02-24 19:02:48
4563,199,3791879,not_remote,easy,2025-02-24 19:19:48
4564,2,5481676,tot_remote,easy,2025-02-24 19:27:48
4565,34,3664084,semi_presence,easy,2025-02-24 19:35:48
4567,331,4108097,not_clear_remote,easy,2025-02-24 19:55:48
4568,166,1463383,not_clear_remote,medium,2025-02-24 20:12:48
4571,2,5294738,temp_remote,easy,2025-02-24 20:23:48
4572,3,4431275,not_clear_remote,medium,2025-02-24 20:29:48
4573,133,3398116,tot_remote,easy,2025-02-24 20:35:48
4574,67,322272,tot_remote,medium,2025-02-24 20:50:48
4576,298,5657326,semi_remote,medium,2025-02-24 20:58:48
4578,232,5596367,semi_presence,easy,2025-02-24 21:06:48
4579,100,5573114,tot_remote,easy,2025-02-24 21:24:48
4580,397,4166996,not_remote,easy,2025-02-24 21:34:48
4581,2,4075892,temp_remote,easy,2025-02-24 21:53:48
4582,133,5151809,not_remote,hard,2025-02-24 21:58:48
4583,331,5556854,tot_remote,easy,2025-02-24 22:11:48
4585,166,5655049,not_remote,medium,2025-02-24 22:26:48
4587,265,3423014,not_clear_remote,hard,2025-02-24 22:35:48
4588,67,4565478,tot_remote,easy,2025-02-24 22:49:48
4590,2,4254998,tot_remote,easy,2025-02-24 23:00:48
4591,67,4274224,not_clear_remote,easy,2025-02-24 23:13:48
4592,100,4596471,semi_remote,easy,2025-02-24 23:28:48
4594,5,4562413,tot_remote,easy,2025-02-24 23:35:48
4595,3,5569677,semi_presence,easy,2025-02-24 23:43:48
4597,265,5350235,not_remote,easy,2025-02-24 23:55:48
4599,67,5387110,not_clear_remote,easy,2025-02-25 00:02:48
4600,34,5063283,tot_remote,easy,2025-02-25 00:08:48
4601,67,1241561,not_remote,easy,2025-02-25 00:27:48
4606,331,4098569,temp_remote,easy,2025-02-25 00:37:48
4607,100,358841,tot_remote,easy,2025-02-25 00:54:48
4608,166,5633009,semi_remote,easy,2025-02-25 01:14:48
4609,100,4083739,temp_remote,easy,2025-02-25 01:29:48
4612,331,5574504,not_clear_remote,easy,2025-02-25 01:40:48
4613,5,5472319,semi_presence,easy,2025-02-25 01:55:48
4614,199,5502731,tot_remote,easy,2025-02-25 02:06:48
4615,2,4064706,temp_remote,easy,2025-02-25 02:19:48
4616,298,4337534,temp_remote,easy,2025-02-25 02:27:48
4618,5,4137081,semi_presence,easy,2025-02-25 02:40:48
4619,2,4090545,tot_remote,easy,2025-02-25 02:54:48
4620,265,4227465,semi_remote,easy,2025-02-25 03:02:48
4622,2,5191970,tot_remote,easy,2025-02-25 03:19:48
4623,232,3552137,not_remote,easy,2025-02-25 03:33:48
4624,298,3761783,not_remote,easy,2025-02-25 03:44:48
4626,3,4051945,semi_remote,easy,2025-02-25 03:55:48
4629,2,5386398,tot_remote,easy,2025-02-25 04:00:48
4630,5,3626851,semi_presence,easy,2025-02-25 04:05:48
4632,331,5183096,not_clear_remote,easy,2025-02-25 04:17:48
4633,100,4075491,temp_remote,medium,2025-02-25 04:35:48
4635,397,1155587,semi_presence,easy,2025-02-25 04:41:48
4636,298,4118877,temp_remote,easy,2025-02-25 04:50:48
4638,100,4111933,semi_remote,medium,2025-02-25 05:10:48
4640,3,5412190,semi_presence,easy,2025-02-25 05:18:48
4641,166,4542687,tot_remote,medium,2025-02-25 05:34:48
4642,298,695868,semi_remote,easy,2025-02-25 05:49:48
4643,5,4084163,temp_remote,easy,2025-02-25 06:00:48
4644,199,5572818,not_clear_remote,easy,2025-02-25 06:19:48
4645,5,3398116,tot_remote,easy,2025-02-25 06:29:48
4646,265,3370644,not_remote,easy,2025-02-25 06:38:48
4647,232,4507313,semi_remote,easy,2025-02-25 06:55:48
4648,331,5118239,semi_remote,easy,2025-02-25 07:11:48
4650,3,4035162,tot_remote,easy,2025-02-25 07:20:48
4652,331,4097096,tot_remote,easy,2025-02-25 07:33:48
4653,166,5413354,semi_presence,medium,2025-02-25 07:51:48
4654,2,4208322,not_clear_remote,medium,2025-02-25 08:10:48
4655,265,5315624,semi_presence,easy,2025-02-25 08:25:48
4656,5,3969923,not_remote,easy,2025-02-25 08:36:48
4657,2,5121495,tot_remote,medium,2025-02-25 08:50:48
4658,2,5628188,semi_remote,easy,2025-02-25 09:04:48
4659,166,428362,not_clear_remote,easy,2025-02-25 09:23:48
4662,2,4054013,not_remote,easy,2025-02-25 09:28:48
4663,3,5317144,tot_remote,easy,2025-02-25 09:48:48
4664,265,5386817,tot_remote,easy,2025-02-25 09:59:48
4665,100,5355187,semi_presence,medium,2025-02-25 10:15:48
4666,166,4155716,not_remote,medium,2025-02-25 10:28:48
4667,34,4069201,temp_remote,medium,2025-02-25 10:44:48
4668,2,5544162,semi_remote,easy,2025-02-25 11:00:48
4669,133,5354531,tot_remote,easy,2025-02-25 11:11:48
4670,34,5009754,tot_remote,easy,2025-02-25 11:19:48
4671,397,4145974,tot_remote,easy,2025-02-25 11:38:48
4672,67,3537591,not_remote,easy,2025-02-25 11:49:48
4673,3,5518070,tot_remote,easy,2025-02-25 12:03:48
4674,3,553635,not_remote,easy,2025-02-25 12:16:48
4675,133,4061139,temp_remote,easy,2025-02-25 12:29:48
4676,199,4077185,tot_remote,easy,2025-02-25 12:38:48
4677,265,4642903,temp_remote,easy,2025-02-25 12:48:48
4679,100,4527263,semi_remote,easy,2025-02-25 12:55:48
4680,3,1372007,semi_presence,easy,2025-02-25 13:03:48
4683,265,5646725,tot_remote,easy,2025-02-25 13:11:48
4685,232,4127510,tot_remote,easy,2025-02-25 13:23:48
4686,133,4573095,not_clear_remote,easy,2025-02-25 13:37:48
4688,67,5215895,not_clear_remote,hard,2025-02-25 13:57:48
4689,331,4626933,not_clear_remote,easy,2025-02-25 14:11:48
4690,133,4031564,tot_remote,easy,2025-02-25 14:16:48
4691,2,5568035,semi_remote,easy,2025-02-25 14:28:48
4692,298,5604186,semi_remote,easy,2025-02-25 14:38:48
4693,67,5263216,tot_remote,easy,2025-02-25 14:54:48
4694,67,5192260,tot_remote,medium,2025-02-25 15:09:48
4695,232,5427844,not_clear_remote,easy,2025-02-25 15:26:48
4696,2,4131498,temp_remote,easy,2025-02-25 15:40:48
4699,3,5301371,tot_remote,easy,2025-02-25 15:47:48
4700,3,5279028,not_remote,easy,2025-02-25 16:01:48
4704,100,5449930,tot_remote,easy,2025-02-25 16:19:48
4706,2,4064061,tot_remote,easy,2025-02-25 16:33:48
4707,232,4119158,not_clear_remote,easy,2025-02-25 16:44:48
4708,397,2884330,not_remote,easy,2025-02-25 17:04:48
4709,3,3519313,not_remote,easy,2025-02-25 17:23:48
4710,2,4449454,not_clear_remote,easy,2025-02-25 17:39:48
4711,5,5273789,semi_presence,easy,2025-02-25 17:49:48
4712,34,4471855,semi_presence,easy,2025-02-25 18:09:48
4714,331,5262890,not_clear_remote,easy,2025-02-25 18:15:48
4715,265,5094764,semi_presence,medium,2025-02-25 18:35:48
4717,232,4136673,tot_remote,easy,2025-02-25 18:55:48
4718,2,5470209,semi_presence,easy,2025-02-25 19:00:48
4719,232,5140466,temp_remote,easy,2025-02-25 19:12:48
4720,298,4189870,temp_remote,easy,2025-02-25 19:24:48
4722,2,5219967,semi_presence,medium,2025-02-25 19:42:48
4723,331,5367872,not_clear_remote,easy,2025-02-25 19:48:48
4724,166,5566203,semi_remote,medium,2025-02-25 19:56:48
4725,5,4009629,temp_remote,easy,2025-02-25 20:01:48
4726,265,5662099,not_remote,easy,2025-02-25 20:21:48
4727,331,5082637,not_clear_remote,easy,2025-02-25 20:39:48
4728,331,4265712,tot_remote,easy,2025-02-25 20:46:48
4731,34,4254259,semi_presence,easy,2025-02-25 20:55:48
4734,265,5296154,semi_presence,easy,2025-02-25 21:07:48
4735,331,5646066,not_remote,easy,2025-02-25 21:12:48
4736,199,4069171,tot_remote,easy,2025-02-25 21:32:48
4737,2,729925,tot_remote,medium,2025-02-25 21:37:48
4738,265,5008907,tot_remote,easy,2025-02-25 21:49:48
4739,298,3423014,not_remote,easy,2025-02-25 21:54:48
4740,100,5111330,tot_remote,easy,2025-02-25 22:02:48
4741,265,4231310,tot_remote,easy,2025-02-25 22:07:48
4742,199,4149431,tot_remote,medium,2025-02-25 22:20:48
4743,67,5454988,tot_remote,easy,2025-02-25 22:26:48
4744,67,5609556,tot_remote,easy,2025-02-25 22:37:48
4746,5,5129395,tot_remote,easy,2025-02-25 22:54:48
4749,34,5337056,temp_remote,easy,2025-02-25 23:07:48
4750,2,4199469,not_clear_remote,medium,2025-02-25 23:21:48
4752,67,4124477,tot_remote,easy,2025-02-25 23:30:48
4753,133,4237249,temp_remote,medium,2025-02-25 23:37:48
4755,232,5552726,tot_remote,easy,2025-02-25 23:52:48
4756,100,5203667,temp_remote,easy,2025-02-26 00:11:48
4757,265,5594445,semi_presence,medium,2025-02-26 00:17:48
4759,133,4092173,not_clear_remote,medium,2025-02-26 00:34:48
4760,67,4595872,temp_remote,easy,2025-02-26 00:39:48
4761,2,5522272,semi_remote,easy,2025-02-26 00:46:48
4762,5,4120236,temp_remote,easy,2025-02-26 01:02:48
4764,2,4106279,tot_remote,easy,2025-02-26 01:22:48
4765,199,4151122,not_clear_remote,easy,2025-02-26 01:31:48
4767,331,5313796,not_clear_remote,easy,2025-02-26 01:38:48
4768,100,5342113,semi_remote,easy,2025-02-26 01:44:48
4769,100,5165460,semi_remote,easy,2025-02-26 02:03:48
4770,265,5472575,semi_remote,easy,2025-02-26 02:20:48
4771,3,4074823,temp_remote,easy,2025-02-26 02:26:48
4772,265,5449035,semi_presence,hard,2025-02-26 02:44:48
4773,100,4555608,not_remote,easy,2025-02-26 02:59:48
4774,133,4128266,not_clear_remote,medium,2025-02-26 03:16:48
4777,2,4244213,not_remote,hard,2025-02-26 03:21:48
4778,232,4097094,tot_remote,easy,2025-02-26 03:32:48
4780,232,5068126,tot_remote,easy,2025-02-26 03:51:48
4781,2,3845192,not_remote,easy,2025-02-26 03:59:48
4784,5,5350203,not_clear_remote,medium,2025-02-26 04:18:48
4785,232,4058870,temp_remote,easy,2025-02-26 04:33:48
4786,2,5232095,tot_remote,easy,2025-02-26 04:38:48
4787,265,5414551,semi_remote,medium,2025-02-26 04:52:48
4789,100,275684,tot_remote,easy,2025-02-26 05:02:48
4790,2,5349102,tot_remote,easy,2025-02-26 05:20:48
4791,100,4339020,tot_remote,easy,2025-02-26 05:29:48
4792,265,5578809,tot_remote,easy,2025-02-26 05:49:48
4793,5,4460407,tot_remote,easy,2025-02-26 06:02:48
4794,100,5218921,semi_remote,easy,2025-02-26 06:19:48
4795,133,5057448,not_clear_remote,medium,2025-02-26 06:26:48
4797,199,4203142,not_clear_remote,easy,2025-02-26 06:37:48
4798,5,5649506,semi_remote,medium,2025-02-26 06:51:48
4799,2,5165948,not_clear_remote,medium,2025-02-26 07:07:48
4800,199,4028531,tot_remote,easy,2025-02-26 07:15:48
4801,199,5597426,not_clear_remote,easy,2025-02-26 07:25:48
4802,298,4531900,semi_remote,easy,2025-02-26 07:35:48
4803,166,5556854,tot_remote,medium,2025-02-26 07:51:48
4804,133,2711762,not_remote,easy,2025-02-26 08:07:48
4805,100,3168842,not_remote,easy,2025-02-26 08:25:48
4806,199,4531900,not_clear_remote,easy,2025-02-26 08:40:48
4807,2,5060905,not_clear_remote,easy,2025-02-26 08:58:48
4810,2,4097277,tot_remote,easy,2025-02-26 09:11:48
4811,2,5529669,semi_remote,easy,2025-02-26 09:19:48
4812,298,5613372,semi_remote,easy,2025-02-26 09:34:48
4813,100,3612192,semi_presence,easy,2025-02-26 09:53:48
4814,100,5533354,not_remote,easy,2025-02-26 10:09:48
4815,166,4054188,semi_presence,easy,2025-02-26 10:29:48
4816,265,4114728,tot_remote,easy,2025-02-26 10:39:48
4817,2,5183957,semi_presence,easy,2025-02-26 10:58:48
4818,331,5405450,semi_presence,easy,2025-02-26 11:18:48
4820,331,3846896,tot_remote,easy,2025-02-26 11:29:48
4822,397,973369,not_clear_remote,easy,2025-02-26 11:47:48
4823,100,405122,tot_remote,easy,2025-02-26 11:56:48
4825,67,4055023,tot_remote,easy,2025-02-26 12:10:48
4826,100,4050194,temp_remote,easy,2025-02-26 12:24:48
4827,3,4105653,semi_presence,medium,2025-02-26 12:36:48
4829,5,4619930,semi_presence,easy,2025-02-26 12:44:48
4831,3,3012619,not_remote,easy,2025-02-26 13:02:48
4832,100,3580050,semi_presence,medium,2025-02-26 13:18:48
4833,3,4115308,tot_remote,easy,2025-02-26 13:29:48
4837,100,4080230,tot_remote,easy,2025-02-26 13:44:48
4839,265,4170270,semi_presence,medium,2025-02-26 13:58:48
4840,2,4116961,not_clear_remote,easy,2025-02-26 14:09:48
4841,2,4144049,semi_remote,easy,2025-02-26 14:16:48
4842,331,5295720,not_remote,easy,2025-02-26 14:36:48
4844,34,4446733,not_clear_remote,easy,2025-02-26 14:55:48
4845,397,5482331,tot_remote,easy,2025-02-26 15:11:48
4846,331,5120218,tot_remote,easy,2025-02-26 15:28:48
4848,67,4077185,tot_remote,easy,2025-02-26 15:38:48
4849,199,3119770,not_remote,easy,2025-02-26 15:44:48
4850,2,5663902,semi_presence,easy,2025-02-26 15:59:48
4854,2,4065410,tot_remote,easy,2025-02-26 16:11:48
4855,199,3865971,not_remote,easy,2025-02-26 16:27:48
4857,265,5444700,tot_remote,medium,2025-02-26 16:39:48
4858,2,4410623,temp_remote,easy,2025-02-26 16:45:48
4859,2,4008196,temp_remote,easy,2025-02-26 17:04:48
4860,5,4486761,semi_presence,easy,2025-02-26 17:14:48
4861,2,4034557,tot_remote,easy,2025-02-26 17:20:48
4862,232,4062291,not_clear_remote,easy,2025-02-26 17:27:48
4863,2,5556093,tot_remote,easy,2025-02-26 17:45:48
4864,199,4087690,tot_remote,easy,2025-02-26 18:01:48
4865,298,4434241,tot_remote,easy,2025-02-26 18:17:48
4869,67,4136305,tot_remote,easy,2025-02-26 18:37:48
4870,34,4660871,not_clear_remote,easy,2025-02-26 18:55:48
4871,199,5602344,not_clear_remote,easy,2025-02-26 19:13:48
4873,133,4091118,tot_remote,easy,2025-02-26 19:22:48
4874,166,5216971,semi_presence,easy,2025-02-26 19:30:48
4875,3,5296726,semi_remote,easy,2025-02-26 19:36:48
4876,5,5133052,semi_remote,easy,2025-02-26 19:55:48
4877,298,4366300,tot_remote,medium,2025-02-26 20:02:48
4878,5,4131808,semi_presence,easy,2025-02-26 20:09:48
4880,298,3839356,semi_remote,easy,2025-02-26 20:19:48
4881,34,5411899,tot_remote,easy,2025-02-26 20:37:48
4883,397,4560190,tot_remote,easy,2025-02-26 20:45:48
4884,298,5562806,semi_remote,medium,2025-02-26 20:52:48
4886,5,5325481,semi_presence,easy,2025-02-26 21:12:48
4887,133,3588852,not_remote,medium,2025-02-26 21:29:48
4889,166,4619348,tot_remote,hard,2025-02-26 21:43:48
4893,397,336232,not_remote,easy,2025-02-26 21:49:48
4894,265,4076719,tot_remote,easy,2025-02-26 22:06:48
4895,298,5444700,tot_remote,easy,2025-02-26 22:16:48
4896,331,4109397,temp_remote,easy,2025-02-26 22:24:48
4897,67,2451548,not_remote,easy,2025-02-26 22:43:48
4898,397,4247240,tot_remote,easy,2025-02-26 22:54:48
4899,5,2809710,not_remote,easy,2025-02-26 23:11:48
4900,265,5468775,semi_presence,easy,2025-02-26 23:21:48
4902,298,771708,tot_remote,easy,2025-02-26 23:38:48
4903,67,5500728,tot_remote,easy,2025-02-26 23:54:48
4904,265,4284234,not_remote,easy,2025-02-27 00:12:48
4905,397,5645714,semi_remote,easy,2025-02-27 00:20:48
4906,2,5637118,not_clear_remote,easy,2025-02-27 00:33:48
4907,331,4105810,tot_remote,easy,2025-02-27 00:53:48
4908,133,5121456,tot_remote,easy,2025-02-27 01:01:48
4909,265,5659071,not_remote,easy,2025-02-27 01:08:48
4911,34,5477982,tot_remote,easy,2025-02-27 01:21:48
4912,199,5479103,not_clear_remote,easy,2025-02-27 01:37:48
4913,34,4099614,tot_remote,easy,2025-02-27 01:55:48
4915,67,3784617,not_remote,medium,2025-02-27 02:13:48
4917,133,5099637,semi_remote,medium,2025-02-27 02:28:48
4918,232,4056026,tot_remote,easy,2025-02-27 02:35:48
4919,2,4181754,semi_presence,easy,2025-02-27 02:54:48
4920,331,4137081,not_clear_remote,easy,2025-02-27 03:03:48
4921,331,4056074,temp_remote,easy,2025-02-27 03:08:48
4922,199,920308,not_remote,easy,2025-02-27 03:22:48
4923,2,5501213,temp_remote,easy,2025-02-27 03:39:48
4924,265,1513237,semi_presence,medium,2025-02-27 03:50:48
4925,331,5136898,not_clear_remote,medium,2025-02-27 04:00:48
4926,265,4083407,semi_remote,medium,2025-02-27 04:18:48
4927,2,4141830,tot_remote,easy,2025-02-27 04:36:48
4928,2,5141808,tot_remote,easy,2025-02-27 04:45:48
4929,199,4272781,not_clear_remote,easy,2025-02-27 05:05:48
4930,34,4051621,tot_remote,easy,2025-02-27 05:23:48
4932,331,5471764,not_clear_remote,easy,2025-02-27 05:35:48
4933,2,5472575,semi_remote,easy,2025-02-27 05:55:48
4934,2,5493042,not_remote,easy,2025-02-27 06:01:48
4935,100,4503966,tot_remote,easy,2025-02-27 06:18:48
4937,232,4135434,temp_remote,easy,2025-02-27 06:32:48
4938,397,3558133,not_remote,hard,2025-02-27 06:42:48
4939,298,5202347,semi_remote,easy,2025-02-27 06:56:48
4940,331,5208304,not_remote,easy,2025-02-27 07:14:48
4941,67,4012771,tot_remote,easy,2025-02-27 07:32:48
4945,133,4118717,tot_remote,easy,2025-02-27 07:50:48
4946,298,4091684,tot_remote,easy,2025-02-27 07:59:48
4948,397,5491422,semi_remote,medium,2025-02-27 08:15:48
4949,2,4067191,tot_remote,medium,2025-02-27 08:26:48
4950,100,5663701,semi_remote,easy,2025-02-27 08:43:48
4953,298,4257822,semi_remote,easy,2025-02-27 08:55:48
4955,67,5088672,semi_remote,medium,2025-02-27 09:06:48
4957,2,4653874,not_clear_remote,medium,2025-02-27 09:16:48
4958,331,4485950,semi_remote,easy,2025-02-27 09:21:48
4959,199,4053026,temp_remote,easy,2025-02-27 09:26:48
4960,397,2961266,not_remote,easy,2025-02-27 09:43:48
4962,2,5313019,not_clear_remote,easy,2025-02-27 10:01:48
4964,265,4521811,tot_remote,easy,2025-02-27 10:17:48
4966,397,1811568,not_clear_remote,medium,2025-02-27 10:29:48
4968,2,4041700,tot_remote,easy,2025-02-27 10:37:48
4969,100,5411899,tot_remote,easy,2025-02-27 10:50:48
4970,298,4237915,tot_remote,easy,2025-02-27 11:01:48
4971,67,4430293,not_clear_remote,medium,2025-02-27 11:16:48
4974,199,4614788,semi_remote,easy,2025-02-27 11:33:48
4976,5,4094130,tot_remote,easy,2025-02-27 11:42:48
4977,67,4097634,semi_remote,medium,2025-02-27 11:59:48
4978,100,4268276,semi_remote,medium,2025-02-27 12:13:48
4981,133,5208618,not_clear_remote,hard,2025-02-27 12:32:48
4983,5,5557366,tot_remote,easy,2025-02-27 12:41:48
4985,166,4528842,semi_presence,medium,2025-02-27 12:58:48
4987,265,5638141,semi_presence,easy,2025-02-27 13:12:48
4988,2,5227251,not_remote,easy,2025-02-27 13:31:48
4989,3,4155122,semi_remote,easy,2025-02-27 13:43:48
4990,2,5114113,not_remote,easy,2025-02-27 13:59:48
4991,331,5467316,tot_remote,easy,2025-02-27 14:19:48
4992,265,4450845,not_remote,easy,2025-02-27 14:37:48
4993,3,5017505,not_clear_remote,easy,2025-02-27 14:42:48
4995,100,4130240,not_clear_remote,medium,2025-02-27 14:56:48
4996,2,5611373,semi_presence,easy,2025-02-27 15:14:48
4997,2,5525065,semi_presence,easy,2025-02-27 15:27:48
4998,5,3588852,not_remote,hard,2025-02-27 15:34:48
5004,34,4066411,not_clear_remote,easy,2025-02-27 15:44:48
5005,100,4179538,temp_remote,medium,2025-02-27 15:59:48
5006,3,4383459,not_clear_remote,medium,2025-02-27 16:11:48
5008,3,4057165,tot_remote,easy,2025-02-27 16:27:48
5009,2,4387950,not_remote,medium,2025-02-27 16:38:48
5010,397,3399211,not_remote,easy,2025-02-27 16:48:48
5011,133,5093766,not_remote,easy,2025-02-27 16:53:48
5013,34,4574311,not_clear_remote,easy,2025-02-27 17:11:48
5014,2,5093766,not_remote,easy,2025-02-27 17:31:48
5015,397,3421529,tot_remote,easy,2025-02-27 17:47:48
5017,331,5669375,semi_presence,easy,2025-02-27 18:02:48
5019,298,4134634,semi_remote,medium,2025-02-27 18:13:48
5020,100,4034868,not_clear_remote,medium,2025-02-27 18:33:48
5021,3,5580838,semi_remote,easy,2025-02-27 18:45:48
5022,298,4430250,tot_remote,medium,2025-02-27 18:53:48
5023,397,4255489,temp_remote,easy,2025-02-27 19:04:48
5024,2,5628183,not_clear_remote,medium,2025-02-27 19:22:48
5026,100,3541556,semi_presence,medium,2025-02-27 19:38:48
5027,67,5558105,not_clear_remote,medium,2025-02-27 19:49:48
5028,2,4102288,temp_remote,easy,2025-02-27 20:09:48
5030,2,5319914,tot_remote,easy,2025-02-27 20:26:48
5031,265,4132009,temp_remote,easy,2025-02-27 20:37:48
5032,166,4135511,tot_remote,medium,2025-02-27 20:57:48
5033,397,3028636,tot_remote,easy,2025-02-27 21:11:48
5034,298,5462833,temp_remote,medium,2025-02-27 21:28:48
5035,100,5009864,tot_remote,easy,2025-02-27 21:33:48
5036,2,5490076,semi_presence,easy,2025-02-27 21:41:48
5038,232,4144465,tot_remote,easy,2025-02-27 21:52:48
5039,100,4224110,tot_remote,easy,2025-02-27 22:02:48
5042,265,4581569,semi_presence,medium,2025-02-27 22:11:48
5043,232,4143583,tot_remote,easy,2025-02-27 22:22:48
5047,331,4300844,tot_remote,easy,2025-02-27 22:40:48
5048,199,5387110,not_clear_remote,easy,2025-02-27 22:56:48
5053,2,5456294,semi_remote,medium,2025-02-27 23:07:48
5054,265,3139619,not_remote,easy,2025-02-27 23:14:48
5055,199,5287918,not_clear_remote,easy,2025-02-27 23:26:48
5056,265,5410527,semi_presence,easy,2025-02-27 23:44:48
5059,199,5014242,not_clear_remote,easy,2025-02-27 23:55:48
5060,67,5657602,not_clear_remote,medium,2025-02-28 00:06:48
5061,331,518805,not_clear_remote,easy,2025-02-28 00:21:48
5062,67,4061940,temp_remote,medium,2025-02-28 00:33:48
5064,2,5581051,semi_presence,easy,2025-02-28 00:45:48
5065,3,4224110,tot_remote,easy,2025-02-28 00:51:48
5067,2,5584426,tot_remote,easy,2025-02-28 01:02:48
5069,199,5596356,semi_presence,easy,2025-02-28 01:15:48
5070,67,5449583,semi_presence,medium,2025-02-28 01:35:48
5071,2,5012402,not_clear_remote,medium,2025-02-28 01:49:48
5072,397,5611397,semi_remote,easy,2025-02-28 01:56:48
5073,34,5625289,semi_presence,easy,2025-02-28 02:05:48
5075,232,5288525,semi_remote,easy,2025-02-28 02:16:48
5076,3,3269807,semi_remote,easy,2025-02-28 02:29:48
5078,397,3580199,not_remote,easy,2025-02-28 02:41:48
5080,5,4065673,temp_remote,easy,2025-02-28 02:57:48
5081,331,4313897,tot_remote,easy,2025-02-28 03:07:48
5082,2,5131968,semi_remote,medium,2025-02-28 03:23:48
5083,265,4064061,tot_remote,easy,2025-02-28 03:42:48
5084,67,5195075,tot_remote,easy,2025-02-28 03:56:48
5085,100,2973148,not_remote,easy,2025-02-28 04:01:48
5088,232,5191095,not_clear_remote,easy,2025-02-28 04:21:48
5089,298,4210677,not_clear_remote,easy,2025-02-28 04:39:48
5090,3,4127269,tot_remote,easy,2025-02-28 04:57:48
5091,331,4394675,tot_remote,medium,2025-02-28 05:08:48
5092,67,4184345,tot_remote,easy,2025-02-28 05:28:48
5093,100,597334,tot_remote,easy,2025-02-28 05:40:48
5094,265,5483048,semi_presence,medium,2025-02-28 05:58:48
5095,2,4109452,semi_remote,hard,2025-02-28 06:10:48
5096,100,5628665,semi_presence,easy,2025-02-28 06:19:48
5098,100,4058561,semi_remote,easy,2025-02-28 06:24:48
5099,2,5296154,semi_presence,easy,2025-02-28 06:37:48
5100,298,5510937,semi_remote,easy,2025-02-28 06:46:48
5101,166,5018463,not_clear_remote,medium,2025-02-28 07:05:48
5102,5,5582156,semi_remote,easy,2025-02-28 07:25:48
5104,298,5579644,semi_presence,easy,2025-02-28 07:32:48
5105,5,5498440,not_remote,easy,2025-02-28 07:51:48
5107,298,3269783,semi_remote,medium,2025-02-28 08:01:48
5108,298,4145159,temp_remote,easy,2025-02-28 08:15:48
5110,3,4125198,temp_remote,easy,2025-02-28 08:29:48
5112,100,5555806,semi_remote,easy,2025-02-28 08:48:48
5113,331,5349816,not_remote,easy,2025-02-28 09:03:48
5115,2,4537911,tot_remote,easy,2025-02-28 09:21:48
5116,2,4047976,tot_remote,easy,2025-02-28 09:29:48
5117,5,2232099,not_remote,easy,2025-02-28 09:43:48
5118,34,4389427,tot_remote,easy,2025-02-28 09:49:48
5119,2,4120562,temp_remote,easy,2025-02-28 10:00:48
5121,265,5179587,semi_remote,easy,2025-02-28 10:11:48
5122,133,2675611,tot_remote,easy,2025-02-28 10:16:48
5123,2,5388678,semi_remote,easy,2025-02-28 10:29:48
5124,232,4406839,semi_presence,easy,2025-02-28 10:43:48
5125,232,5324235,semi_remote,easy,2025-02-28 11:01:48
5126,3,3402085,not_remote,easy,2025-02-28 11:06:48
5127,199,3210756,not_remote,medium,2025-02-28 11:18:48
5128,397,4357134,tot_remote,easy,2025-02-28 11:29:48
5129,4,4357134,tot_remote,easy,2025-02-28 11:47:48
