id,classifier_id,ad_id,classification,ease,timestamp,,,,
0,133,4068959,temp_remote,easy,02:30.3,,,,
1,397,3651421,not_remote,easy,41:58.3,,,,
2,2,4092912,tot_remote,easy,16:31.1,,,,
3,5,3552619,tot_remote,easy,53:40.6,,,,
4,166,4138119,semi_presence,medium,31:52.7,,,,
5,331,5281637,not_remote,easy,15:00.4,,,,
6,298,4346681,temp_remote,easy,46:16.0,,,,
7,166,4142668,temp_remote,medium,48:49.9,,,,
8,166,5023278,not_remote,medium,24:27.0,,,,
9,3,4237249,temp_remote,medium,,,,,
10,5,1864632,not_remote,easy,48:01.9,,,,
11,397,4085742,temp_remote,easy,12:09.3,,,,
12,265,5630666,semi_presence,easy,00:00.4,,,,
13,67,4075239,tot_remote,easy,12:53.6,,,,
14,67,4111931,tot_remote,easy,18:10.3,,,,
15,133,5363905,tot_remote,easy,18:56.6,,,,
16,397,5008769,tot_remote,easy,31:11.3,,,,
17,5,4131428,tot_remote,easy,53:34.9,,,,
18,67,1770558,not_clear_remote,medium,58:56.8,,,,
19,397,5669217,semi_presence,easy,44:19.8,,,,
20,5,5522204,not_remote,easy,42:10.4,,,,
21,397,5119450,tot_remote,easy,58:38.4,,,,
22,298,4097604,semi_remote,easy,56:40.5,,,,
23,67,5184069,tot_remote,medium,55:07.9,,,,
24,5,5597041,not_remote,easy,,,,,
25,34,5558105,not_clear_remote,easy,21:32.5,,,,
26,397,5632920,semi_remote,easy,43:28.9,,,,
27,67,5361497,not_clear_remote,hard,05:27.6,,,,
28,397,5627052,semi_remote,easy,48:04.5,,,,
29,232,5008769,tot_remote,easy,07:41.6,,,,
30,100,3843280,semi_remote,medium,44:35.7,,,,
31,166,5325080,tot_remote,medium,29:38.8,,,,
32,133,4100056,temp_remote,easy,15:36.2,,,,
33,397,3316539,not_remote,easy,,,,,
34,5,4209940,tot_remote,easy,,,,,
35,5,4276011,tot_remote,easy,,,,,
36,199,5276693,not_clear_remote,easy,59:04.1,,,,
37,5,5553532,not_clear_remote,medium,,,,,
38,5,4030726,tot_remote,easy,,,,,
39,232,4145974,temp_remote,easy,19:13.3,,,,
40,67,5122869,not_clear_remote,medium,51:08.0,,,,
41,5,5613342,not_clear_remote,hard,,,,,
42,199,5415292,semi_remote,medium,02:45.9,,,,
43,133,3205966,not_remote,easy,00:37.6,,,,
44,133,4104471,semi_presence,medium,27:27.4,,,,
45,5,5561542,semi_presence,easy,42:53.9,,,,
46,5,4141475,tot_remote,easy,,,,,
47,265,4154691,tot_remote,medium,00:37.3,,,,
48,34,4623183,not_remote,easy,26:12.5,,,,
49,298,5569230,semi_presence,easy,48:09.9,,,,
50,67,2972425,tot_remote,easy,19:21.8,,,,
51,100,5551953,semi_remote,easy,35:17.6,,,,
52,34,4056783,semi_remote,easy,05:52.0,,,,
53,100,4120549,semi_remote,medium,56:49.4,,,,
54,67,5300884,not_remote,easy,29:07.8,,,,
55,5,5217530,not_remote,easy,,,,,
56,5,5129487,not_clear_remote,medium,,,,,
57,166,5386087,semi_remote,medium,24:09.5,,,,
58,397,4173323,tot_remote,easy,46:18.8,,,,
59,133,5335223,not_clear_remote,medium,56:42.0,,,,
60,67,4120515,tot_remote,easy,30:58.1,,,,
61,298,3003811,not_remote,easy,46:13.2,,,,
62,397,4103941,tot_remote,easy,13:59.7,,,,
63,5,4046215,temp_remote,easy,,,,,
64,397,2694178,not_clear_remote,easy,,,,,
65,100,4055412,not_clear_remote,medium,26:34.7,,,,
66,5,5263015,semi_presence,easy,,,,,
67,265,4034692,tot_remote,easy,13:53.9,,,,
68,298,5326669,not_remote,easy,15:19.3,,,,
69,34,4081717,temp_remote,easy,19:23.9,,,,
70,5,5006479,semi_presence,medium,,,,,
71,331,4371110,not_remote,easy,49:20.2,,,,
72,232,5086664,tot_remote,easy,26:16.7,,,,
73,166,5356697,semi_remote,easy,38:36.8,,,,
74,265,415008,tot_remote,medium,30:02.5,,,,
75,3,4053838,tot_remote,easy,39:35.8,,,,
76,331,4135511,semi_presence,medium,22:01.9,,,,
77,298,5628292,semi_remote,easy,49:27.6,,,,
78,166,3552179,tot_remote,medium,48:20.2,,,,
79,298,4078570,tot_remote,easy,29:55.7,,,,
80,298,2687267,semi_remote,medium,49:41.4,,,,
81,34,4074737,temp_remote,easy,13:48.2,,,,
82,67,4144254,not_clear_remote,medium,54:29.8,,,,
83,5,5049108,not_clear_remote,easy,,,,,
84,133,4315526,not_clear_remote,hard,46:54.0,,,,
85,166,2918898,not_remote,easy,33:46.4,,,,
86,34,4132147,tot_remote,easy,27:02.2,,,,
87,166,5476244,not_clear_remote,medium,,,,,
88,34,5069656,not_clear_remote,easy,01:07.9,,,,
89,67,3307670,tot_remote,easy,01:21.1,,,,
90,265,5232095,tot_remote,easy,48:30.8,,,,
91,133,4350634,semi_remote,medium,05:23.6,,,,
92,298,4069171,tot_remote,easy,11:24.6,,,,
93,166,5017505,not_clear_remote,easy,,,,,
94,100,4062255,temp_remote,medium,52:29.5,,,,
95,133,1864632,temp_remote,medium,34:47.2,,,,
96,265,4564078,not_remote,easy,49:43.7,,,,
97,133,4443361,not_remote,medium,49:50.2,,,,
98,166,5644928,not_remote,easy,,,,,
99,166,4060341,tot_remote,easy,,,,,
100,67,4085566,temp_remote,easy,32:48.6,,,,
101,100,2604849,not_clear_remote,medium,41:56.7,,,,
102,5,4142721,not_clear_remote,medium,34:24.1,,,,
103,397,2465149,not_remote,medium,,,,,
104,298,4592466,semi_remote,easy,53:52.9,,,,
105,232,4115335,not_remote,easy,29:58.5,,,,
106,298,4089651,tot_remote,easy,09:05.5,,,,
107,199,4047122,tot_remote,easy,50:33.2,,,,
108,331,5531629,not_clear_remote,easy,33:58.2,,,,
109,5,4034091,temp_remote,easy,11:37.8,,,,
110,166,5168784,semi_presence,easy,,,,,
111,331,5392150,semi_presence,easy,11:45.2,,,,
112,397,5023278,not_remote,easy,31:56.2,,,,
113,2,4406881,tot_remote,easy,54:34.5,,,,
114,67,5067029,tot_remote,easy,58:45.8,,,,
115,34,4089664,tot_remote,easy,52:17.2,,,,
116,34,5326784,not_remote,easy,16:52.0,,,,
117,199,4040457,temp_remote,easy,57:57.8,,,,
118,199,4065153,not_clear_remote,easy,57:53.9,,,,
119,133,4038145,tot_remote,easy,14:50.4,,,,
120,133,742847,not_remote,hard,24:22.3,,,,
121,232,5389297,semi_presence,easy,18:24.3,,,,
122,331,4078119,temp_remote,easy,47:25.0,,,,
123,166,5449035,semi_presence,hard,,,,,
124,34,5473381,not_clear_remote,easy,06:09.9,,,,
125,3,5119447,temp_remote,easy,41:09.6,,,,
126,199,4094882,tot_remote,easy,58:29.2,,,,
127,2,4421338,tot_remote,easy,51:48.8,,,,
128,166,5363905,tot_remote,easy,,,,,
129,34,5234735,semi_presence,easy,23:53.8,,,,
130,67,4118925,not_clear_remote,easy,11:25.4,,,,
131,67,5532942,tot_remote,easy,57:17.0,,,,
132,133,3558133,not_remote,hard,36:00.1,,,,
133,298,5275671,semi_remote,easy,20:22.7,,,,
134,397,3185366,semi_remote,easy,15:10.2,,,,
135,397,5623772,tot_remote,easy,52:56.2,,,,
136,67,771792,tot_remote,easy,35:04.6,,,,
137,199,5499670,tot_remote,easy,09:51.9,,,,
138,265,4469063,not_remote,easy,31:51.7,,,,
139,265,3301802,semi_presence,easy,01:09.6,,,,
140,3,4376526,semi_remote,medium,44:32.3,,,,
141,199,584874,tot_remote,easy,51:04.7,,,,
142,199,4389171,not_clear_remote,easy,59:28.5,,,,
143,166,5088234,semi_presence,medium,,,,,
144,2,2188905,not_clear_remote,medium,00:33.3,,,,
145,298,4027335,temp_remote,easy,31:00.3,,,,
146,5,4082802,temp_remote,easy,52:59.7,,,,
147,166,4057457,tot_remote,medium,46:23.5,,,,
148,199,5547325,not_clear_remote,easy,10:36.9,,,,
149,67,5287918,not_clear_remote,easy,27:39.2,,,,
150,298,5289848,not_remote,medium,05:37.0,,,,
151,397,3788806,semi_presence,easy,,,,,
152,2,4357824,tot_remote,easy,44:42.8,,,,
153,298,5320211,tot_remote,easy,03:35.7,,,,
154,34,4115250,temp_remote,easy,04:12.0,,,,
155,100,5420148,tot_remote,easy,51:18.1,,,,
156,166,4137184,not_clear_remote,easy,,,,,
157,397,4152098,tot_remote,easy,40:10.9,,,,
158,3,4119059,semi_presence,easy,24:11.0,,,,
159,67,4252377,semi_presence,easy,56:04.6,,,,
160,5,5082637,tot_remote,easy,26:44.2,,,,
161,133,4082951,not_clear_remote,easy,25:17.3,,,,
162,100,5604693,semi_remote,easy,31:00.9,,,,
163,5,5226990,tot_remote,easy,44:25.1,,,,
164,265,5184027,semi_presence,medium,23:13.6,,,,
165,397,5105266,semi_presence,easy,58:36.2,,,,
166,166,5019635,semi_presence,medium,,,,,
167,67,4154899,tot_remote,easy,36:02.4,,,,
168,34,5149509,not_clear_remote,easy,29:28.5,,,,
169,199,4483421,tot_remote,easy,55:18.2,,,,
170,133,5179417,semi_presence,easy,32:21.3,,,,
171,298,5287796,semi_presence,easy,05:12.1,,,,
172,2,5664103,not_clear_remote,easy,15:44.5,,,,
173,232,336232,not_remote,easy,25:53.2,,,,
174,199,4145408,semi_remote,easy,52:21.4,,,,
175,100,4148067,tot_remote,easy,00:09.7,,,,
176,166,4110235,semi_remote,easy,,,,,
177,133,5593404,semi_presence,medium,26:45.6,,,,
178,166,5522130,tot_remote,easy,13:44.0,,,,
179,199,4108812,temp_remote,easy,27:11.2,,,,
180,166,4220354,not_remote,hard,50:28.3,,,,
181,166,4048491,tot_remote,easy,,,,,
182,3,4136592,temp_remote,easy,20:06.8,,,,
183,100,5088954,tot_remote,easy,52:06.0,,,,
184,133,4398636,semi_remote,easy,36:30.8,,,,
185,2,5270587,semi_presence,medium,24:27.1,,,,
186,199,4063229,tot_remote,easy,03:07.5,,,,
187,199,5522279,not_clear_remote,medium,52:54.8,,,,
188,331,1605295,not_clear_remote,easy,48:04.7,,,,
189,331,4139762,tot_remote,easy,54:43.9,,,,
190,3,4066655,tot_remote,easy,13:24.0,,,,
191,100,4228559,temp_remote,medium,37:42.4,,,,
192,2,4115335,not_clear_remote,easy,27:01.3,,,,
193,298,3532506,temp_remote,medium,59:02.4,,,,
194,3,5362497,tot_remote,easy,48:30.2,,,,
195,265,4084165,semi_presence,medium,28:54.1,,,,
196,34,5397478,tot_remote,easy,04:27.3,,,,
197,34,4159976,tot_remote,easy,04:08.8,,,,
198,3,4132152,temp_remote,easy,00:33.2,,,,
199,3,5565660,semi_remote,medium,17:08.0,,,,
200,298,4117170,temp_remote,easy,19:26.0,,,,
201,3,4107884,tot_remote,easy,20:27.1,,,,
202,331,5027092,tot_remote,medium,29:18.3,,,,
203,67,5103493,semi_remote,easy,54:20.9,,,,
204,265,5189074,semi_presence,easy,13:47.5,,,,
205,397,352419,not_remote,easy,,,,,
206,5,5539037,not_remote,easy,50:07.5,,,,
207,232,4626670,tot_remote,easy,35:15.3,,,,
208,298,4170270,semi_remote,easy,48:10.6,,,,
209,199,4054970,tot_remote,easy,31:12.5,,,,
210,265,746863,not_clear_remote,hard,06:54.6,,,,
211,331,5079243,not_clear_remote,easy,53:53.7,,,,
212,232,5474377,not_remote,easy,43:48.8,,,,
213,166,5641273,not_clear_remote,medium,,,,,
214,133,3028636,tot_remote,easy,16:54.3,,,,
215,34,4083739,temp_remote,easy,15:59.4,,,,
216,5,5076358,not_remote,easy,27:19.8,,,,
217,100,705640,semi_presence,medium,55:53.7,,,,
218,34,1118287,not_remote,easy,15:35.6,,,,
219,133,5423587,tot_remote,easy,03:52.0,,,,
220,166,5104466,semi_remote,easy,,,,,
221,298,5468775,semi_remote,easy,58:25.7,,,,
222,133,5191970,tot_remote,easy,23:32.9,,,,
223,199,5588200,not_remote,easy,07:09.6,,,,
224,298,5035189,not_remote,easy,01:20.7,,,,
225,166,5279028,not_remote,easy,,,,,
226,166,5337833,tot_remote,easy,,,,,
227,298,3906560,semi_remote,medium,52:14.0,,,,
228,232,2622733,not_remote,easy,34:23.0,,,,
229,166,5616307,semi_remote,easy,,,,,
230,199,5095117,not_clear_remote,easy,15:08.9,,,,
231,34,4155120,tot_remote,easy,12:44.4,,,,
232,265,435591,not_clear_remote,medium,24:34.9,,,,
233,100,5119282,not_remote,easy,26:09.3,,,,
234,5,4087328,not_remote,medium,49:53.5,,,,
235,67,3792490,semi_presence,easy,06:26.8,,,,
236,298,4114728,tot_remote,easy,26:30.5,,,,
237,166,4113784,tot_remote,medium,02:55.6,,,,
238,133,3628549,tot_remote,easy,04:22.5,,,,
239,265,5102488,tot_remote,easy,51:31.4,,,,
240,34,5288091,not_clear_remote,easy,57:47.4,,,,
241,331,3138240,not_remote,easy,30:51.8,,,,
242,166,4051033,tot_remote,easy,,,,,
243,34,3786887,not_remote,easy,38:54.4,,,,
244,5,4326726,tot_remote,easy,17:01.2,,,,
245,232,4090716,tot_remote,easy,32:58.1,,,,
246,2,5298346,not_clear_remote,easy,03:05.4,,,,
247,397,4074940,semi_presence,easy,31:02.6,,,,
248,2,5577328,not_clear_remote,easy,34:04.7,,,,
249,5,5136898,semi_presence,easy,22:58.9,,,,
250,166,4079879,tot_remote,easy,,,,,
251,199,4143066,temp_remote,easy,28:16.1,,,,
252,34,5602680,tot_remote,easy,59:19.1,,,,
253,397,5616454,semi_remote,easy,47:28.7,,,,
254,133,5183957,semi_presence,easy,44:28.2,,,,
255,298,4056456,tot_remote,easy,02:43.9,,,,
256,133,4155956,not_clear_remote,medium,32:20.5,,,,
257,265,5517465,tot_remote,easy,16:35.6,,,,
258,3,3385605,semi_presence,easy,29:02.5,,,,
259,397,1052112,semi_presence,easy,,,,,
260,100,3765727,not_remote,easy,51:02.3,,,,
261,2,1573461,not_clear_remote,easy,58:56.4,,,,
262,100,5469736,tot_remote,easy,40:59.2,,,,
263,265,5608610,tot_remote,easy,00:11.8,,,,
264,232,4130892,tot_remote,easy,08:56.7,,,,
265,67,4086132,tot_remote,medium,32:29.4,,,,
266,34,4228559,not_clear_remote,easy,04:42.7,,,,
267,166,4015498,tot_remote,easy,,,,,
268,199,4366300,tot_remote,easy,10:21.0,,,,
269,298,5547148,tot_remote,easy,15:39.5,,,,
270,298,209924,tot_remote,easy,36:57.2,,,,
271,166,5010633,not_remote,easy,,,,,
272,298,5493129,semi_remote,easy,36:21.7,,,,
273,100,4092881,tot_remote,easy,24:53.5,,,,
274,5,1329452,not_remote,easy,32:41.4,,,,
275,232,5518113,semi_presence,easy,30:44.1,,,,
276,3,458251,tot_remote,easy,33:51.9,,,,
277,5,5429755,semi_presence,medium,23:12.4,,,,
278,166,4132565,tot_remote,easy,49:05.3,,,,
279,67,4170773,tot_remote,hard,28:20.2,,,,
280,232,5497179,semi_remote,easy,58:26.0,,,,
281,166,4225717,tot_remote,easy,59:01.4,,,,
282,166,5651713,semi_presence,easy,,,,,
283,34,217039,not_remote,easy,00:21.4,,,,
284,232,5408629,tot_remote,easy,16:03.0,,,,
285,67,4287710,not_clear_remote,medium,09:11.7,,,,
286,5,4114092,semi_remote,hard,08:36.5,,,,
287,133,4074422,temp_remote,easy,24:38.5,,,,
288,5,4236151,not_remote,easy,08:05.2,,,,
289,331,5546772,not_clear_remote,easy,55:57.7,,,,
290,100,1273495,not_clear_remote,medium,33:42.4,,,,
291,100,553635,not_remote,easy,21:53.8,,,,
292,34,4047367,temp_remote,easy,29:46.2,,,,
293,5,5211118,semi_presence,medium,30:46.4,,,,
294,199,5628292,not_clear_remote,medium,57:09.6,,,,
295,166,5594377,semi_presence,medium,,,,,
296,298,4031869,temp_remote,easy,47:26.8,,,,
297,232,4132165,tot_remote,easy,35:01.6,,,,
298,298,5114917,semi_remote,easy,38:39.2,,,,
299,166,4088144,temp_remote,easy,38:24.2,,,,
300,100,5321983,semi_remote,easy,48:09.8,,,,
301,133,4122162,tot_remote,easy,07:03.9,,,,
302,331,568275,tot_remote,easy,32:36.1,,,,
303,34,4128692,temp_remote,easy,17:45.0,,,,
304,298,5194904,semi_remote,easy,46:51.5,,,,
305,3,4661089,not_clear_remote,medium,35:50.7,,,,
306,67,5108330,tot_remote,easy,48:05.9,,,,
307,133,4374321,tot_remote,medium,33:01.6,,,,
308,166,4065088,tot_remote,easy,,,,,
309,100,4099614,tot_remote,easy,46:09.5,,,,
310,199,5510937,semi_presence,easy,26:49.6,,,,
311,331,4449962,not_clear_remote,medium,09:55.1,,,,
312,397,4291952,semi_remote,easy,09:28.2,,,,
313,5,5012325,semi_presence,easy,41:11.0,,,,
314,166,5298346,semi_presence,medium,51:57.4,,,,
315,298,5169220,temp_remote,easy,37:55.0,,,,
316,67,5411506,not_clear_remote,medium,59:15.4,,,,
317,34,5596358,semi_presence,easy,58:48.9,,,,
318,2,4605819,not_clear_remote,easy,57:11.5,,,,
319,265,1329478,tot_remote,easy,58:54.6,,,,
320,166,5302371,not_clear_remote,hard,,,,,
321,100,1372007,semi_remote,easy,32:28.3,,,,
322,67,3985636,not_remote,easy,49:09.3,,,,
323,166,4630063,tot_remote,medium,,,,,
324,199,5491028,tot_remote,easy,03:14.1,,,,
325,67,416778,tot_remote,easy,37:47.7,,,,
326,397,4340545,tot_remote,easy,14:07.8,,,,
327,166,4117738,tot_remote,easy,,,,,
328,166,5172970,semi_presence,easy,,,,,
329,100,4129118,temp_remote,medium,16:05.0,,,,
330,232,5447417,tot_remote,easy,27:59.2,,,,
331,232,5362625,semi_presence,easy,30:02.3,,,,
332,199,5651291,not_clear_remote,easy,33:00.1,,,,
333,199,5384657,not_clear_remote,easy,54:58.9,,,,
334,133,5231529,not_clear_remote,medium,09:56.3,,,,
335,100,5659244,semi_remote,easy,39:49.8,,,,
336,166,4078642,semi_remote,easy,,,,,
337,331,5140727,tot_remote,easy,33:17.1,,,,
338,3,1978305,not_remote,easy,14:08.8,,,,
339,166,5637133,semi_presence,medium,23:58.9,,,,
340,331,4336286,not_clear_remote,easy,20:54.0,,,,
341,34,5592552,tot_remote,easy,14:39.3,,,,
342,166,3831000,not_remote,medium,33:32.4,,,,
343,397,5552829,semi_presence,easy,27:51.2,,,,
344,100,5296726,semi_remote,easy,38:58.6,,,,
345,5,4509197,not_remote,easy,37:14.7,,,,
346,331,4145039,semi_remote,easy,44:18.9,,,,
347,34,5512076,semi_presence,easy,44:12.1,,,,
348,265,4146602,tot_remote,easy,48:40.7,,,,
349,67,5200020,semi_remote,easy,39:48.1,,,,
350,133,4380670,semi_remote,easy,40:32.0,,,,
351,397,3368420,not_remote,easy,,,,,
352,166,5596367,semi_presence,easy,,,,,
353,166,5125697,semi_remote,easy,,,,,
354,100,5224329,tot_remote,easy,39:23.4,,,,
355,133,4518318,temp_remote,easy,18:08.1,,,,
356,100,4090456,tot_remote,easy,18:30.4,,,,
357,166,4127626,tot_remote,easy,35:06.5,,,,
358,199,4099436,temp_remote,easy,04:26.9,,,,
359,397,2822600,not_remote,easy,,,,,
360,133,3982755,not_remote,easy,47:35.7,,,,
361,133,5637581,semi_presence,easy,25:48.1,,,,
362,331,5217497,not_remote,hard,31:28.4,,,,
363,298,5594445,semi_remote,easy,28:29.2,,,,
364,34,2456766,not_clear_remote,easy,58:29.1,,,,
365,166,4492843,semi_remote,easy,,,,,
366,2,376771,semi_remote,easy,31:11.9,,,,
367,133,4496896,not_clear_remote,easy,07:14.2,,,,
368,34,5449583,semi_presence,medium,39:26.9,,,,
369,298,5542576,semi_remote,easy,58:06.2,,,,
370,199,4232951,tot_remote,easy,53:34.3,,,,
371,331,3788824,tot_remote,easy,59:49.2,,,,
372,5,5057448,semi_remote,easy,32:01.2,,,,
373,2,5593238,semi_presence,easy,22:00.2,,,,
374,67,5424605,semi_remote,medium,20:06.4,,,,
375,133,5102033,not_remote,easy,29:35.6,,,,
376,232,225675,tot_remote,easy,42:10.6,,,,
377,100,5200102,semi_presence,easy,07:17.4,,,,
378,34,4131602,semi_remote,easy,03:43.3,,,,
379,331,4326216,not_clear_remote,easy,27:50.8,,,,
380,3,4566314,not_clear_remote,easy,52:14.2,,,,
381,34,5200102,semi_remote,easy,20:10.8,,,,
382,34,5628480,semi_remote,easy,55:21.2,,,,
383,265,5633750,not_remote,medium,58:30.2,,,,
384,2,293478,not_remote,easy,15:24.6,,,,
385,133,5377283,not_remote,easy,07:27.7,,,,
386,331,5226990,tot_remote,easy,31:45.3,,,,
387,34,4090456,not_clear_remote,easy,12:48.0,,,,
388,166,5640366,semi_remote,medium,04:49.7,,,,
389,34,4061940,temp_remote,easy,20:38.1,,,,
390,133,5273892,not_clear_remote,medium,31:55.2,,,,
391,166,4077822,not_clear_remote,easy,,,,,
392,133,5289378,not_clear_remote,medium,15:35.0,,,,
393,5,5282257,tot_remote,easy,36:56.6,,,,
394,5,4336286,not_clear_remote,easy,20:20.5,,,,
395,166,4131744,temp_remote,easy,,,,,
396,397,2161564,not_clear_remote,easy,,,,,
397,265,2265710,tot_remote,easy,13:23.2,,,,
398,3,5200824,semi_remote,easy,14:03.9,,,,
399,331,5643238,not_clear_remote,medium,53:56.5,,,,
400,232,3899880,tot_remote,easy,40:56.0,,,,
401,100,1775438,tot_remote,easy,04:48.9,,,,
402,34,3435590,not_clear_remote,easy,10:31.9,,,,
403,166,4650466,semi_presence,easy,00:34.7,,,,
404,166,4518318,temp_remote,easy,,,,,
405,67,5234735,tot_remote,easy,34:17.7,,,,
406,166,5535733,semi_presence,easy,,,,,
407,298,5583236,not_remote,easy,18:34.5,,,,
408,3,4254998,tot_remote,easy,17:59.0,,,,
409,331,5095839,not_clear_remote,easy,34:05.3,,,,
410,34,4015472,tot_remote,easy,10:33.9,,,,
411,5,5394574,tot_remote,easy,43:14.5,,,,
412,166,4046891,not_remote,medium,,,,,
413,34,5572833,not_remote,easy,35:51.9,,,,
414,298,3028927,tot_remote,easy,33:18.4,,,,
415,397,4154962,temp_remote,easy,35:50.8,,,,
416,265,4488655,semi_remote,easy,26:38.8,,,,
417,67,4637089,not_remote,easy,31:13.6,,,,
418,166,5010796,tot_remote,medium,27:59.8,,,,
419,265,5522272,semi_remote,easy,17:23.6,,,,
420,199,4118877,tot_remote,easy,07:40.2,,,,
421,34,3052475,semi_remote,easy,29:51.1,,,,
422,5,5587649,not_remote,easy,32:25.5,,,,
423,5,4576725,tot_remote,easy,52:21.8,,,,
424,298,4085147,tot_remote,easy,41:17.5,,,,
425,166,4132152,temp_remote,easy,,,,,
426,232,4138034,tot_remote,easy,41:54.5,,,,
427,5,4122162,tot_remote,easy,24:25.4,,,,
428,232,4052181,semi_presence,easy,16:57.2,,,,
429,67,5326784,not_remote,easy,09:19.7,,,,
430,166,3789097,semi_presence,easy,,,,,
431,331,5033644,not_clear_remote,easy,23:43.0,,,,
432,166,5057030,tot_remote,easy,26:41.8,,,,
433,2,826111,tot_remote,easy,12:43.3,,,,
434,265,5326231,tot_remote,easy,51:06.3,,,,
435,265,5148137,tot_remote,easy,31:32.6,,,,
436,34,4141757,tot_remote,easy,30:04.0,,,,
437,265,5088234,semi_presence,medium,42:55.4,,,,
438,199,1934818,not_remote,easy,23:00.7,,,,
439,298,5624781,temp_remote,easy,28:11.3,,,,
440,133,5467723,tot_remote,easy,55:45.1,,,,
441,166,5626930,not_clear_remote,medium,,,,,
442,5,4187248,not_remote,medium,24:34.9,,,,
443,2,4097094,tot_remote,easy,58:26.8,,,,
444,298,4151122,semi_remote,easy,56:16.8,,,,
445,100,4151476,not_remote,medium,24:09.6,,,,
446,2,4340545,tot_remote,easy,23:40.3,,,,
447,3,5637082,tot_remote,easy,32:50.4,,,,
448,199,4096208,not_clear_remote,easy,03:22.4,,,,
449,67,5469382,semi_remote,hard,40:21.9,,,,
450,166,5548232,semi_remote,easy,,,,,
451,397,3403146,tot_remote,easy,,,,,
452,397,1287782,not_remote,easy,,,,,
453,298,4654899,tot_remote,easy,13:23.4,,,,
454,2,5191130,tot_remote,easy,16:01.3,,,,
455,67,3370825,not_remote,hard,27:30.1,,,,
456,34,5407720,not_clear_remote,easy,24:28.8,,,,
457,331,4433417,tot_remote,easy,09:20.3,,,,
458,166,5301965,tot_remote,easy,39:46.0,,,,
459,67,5494353,semi_remote,easy,58:16.4,,,,
460,397,3713033,not_remote,easy,38:54.6,,,,
461,133,5302371,not_clear_remote,hard,42:44.7,,,,
462,331,1300923,not_clear_remote,easy,56:52.5,,,,
463,34,2774427,not_remote,easy,23:40.8,,,,
464,265,5572412,tot_remote,easy,56:33.9,,,,
465,265,4215429,tot_remote,medium,03:59.0,,,,
466,166,4076185,not_clear_remote,hard,00:46.9,,,,
467,199,5146250,not_remote,easy,,,,,
468,331,3552619,tot_remote,easy,27:34.0,,,,
469,5,4038145,temp_remote,easy,30:09.2,,,,
470,397,5560506,temp_remote,easy,08:39.3,,,,
471,133,4283307,tot_remote,easy,14:00.5,,,,
472,166,5669375,semi_remote,medium,04:11.9,,,,
473,331,4054188,semi_presence,easy,45:01.3,,,,
474,5,5319863,semi_presence,easy,17:27.6,,,,
475,166,4073936,tot_remote,medium,46:14.8,,,,
476,133,5569201,semi_presence,easy,23:03.2,,,,
477,199,5063213,not_remote,medium,42:22.5,,,,
478,265,5424012,semi_presence,medium,57:07.5,,,,
479,3,4298965,semi_remote,easy,29:50.0,,,,
480,166,5488873,not_remote,hard,39:02.5,,,,
481,34,4040496,not_remote,easy,49:48.9,,,,
482,34,4045967,not_remote,easy,07:49.9,,,,
483,232,5518070,tot_remote,easy,,,,,
484,2,2022307,not_remote,easy,33:50.9,,,,
485,298,2970648,tot_remote,easy,47:28.0,,,,
486,100,5577019,semi_remote,easy,41:50.2,,,,
487,199,4198302,semi_presence,easy,25:55.6,,,,
488,232,4040962,tot_remote,easy,00:33.2,,,,
489,232,4656002,tot_remote,easy,,,,,
490,232,4095136,temp_remote,easy,36:01.8,,,,
491,232,5608610,tot_remote,easy,,,,,
492,100,2456766,tot_remote,medium,23:51.3,,,,
493,3,4085724,tot_remote,easy,10:10.9,,,,
494,331,4269401,tot_remote,easy,51:23.0,,,,
495,133,3773543,not_remote,hard,16:26.7,,,,
496,232,4082085,tot_remote,easy,25:18.7,,,,
497,2,4111939,tot_remote,easy,46:29.7,,,,
498,67,5462967,not_clear_remote,medium,00:10.2,,,,
499,331,5286086,semi_remote,easy,29:50.7,,,,
500,199,5462833,not_clear_remote,easy,39:08.1,,,,
501,5,4225835,not_remote,easy,31:14.3,,,,
502,166,5534708,semi_remote,easy,46:52.9,,,,
503,67,3957547,semi_presence,medium,34:04.1,,,,
504,265,5014239,semi_presence,medium,01:27.1,,,,
505,67,4080151,tot_remote,easy,36:50.4,,,,
506,3,4089763,tot_remote,easy,45:13.4,,,,
507,166,4131805,semi_remote,medium,41:03.3,,,,
508,397,4585061,not_remote,easy,35:19.6,,,,
509,298,5227257,not_remote,easy,16:03.6,,,,
510,34,3353148,semi_presence,easy,24:56.0,,,,
511,265,4182902,temp_remote,easy,59:59.4,,,,
512,34,4087866,temp_remote,easy,50:28.4,,,,
513,298,4094882,tot_remote,medium,56:21.3,,,,
514,298,4064160,temp_remote,medium,58:32.3,,,,
515,100,5594277,semi_remote,easy,42:51.8,,,,
516,67,951707,tot_remote,easy,54:48.0,,,,
517,298,5557597,semi_remote,medium,53:01.0,,,,
518,5,4249095,not_clear_remote,easy,04:17.4,,,,
519,232,4540101,tot_remote,easy,16:29.8,,,,
520,166,4383740,tot_remote,easy,07:36.5,,,,
521,232,3862466,not_clear_remote,medium,,,,,
522,331,5187771,not_clear_remote,easy,15:20.1,,,,
523,298,1016474,not_remote,easy,44:40.0,,,,
524,34,4538128,semi_remote,easy,12:12.3,,,,
525,3,4539982,tot_remote,easy,10:23.7,,,,
526,265,4428848,tot_remote,easy,17:20.8,,,,
527,100,3516899,tot_remote,easy,37:22.4,,,,
528,232,3865348,not_remote,hard,,,,,
529,5,3994615,not_remote,medium,50:21.5,,,,
530,331,3587792,not_remote,easy,33:26.8,,,,
531,5,5406944,semi_remote,easy,31:33.1,,,,
532,232,5049283,not_clear_remote,easy,12:29.4,,,,
533,100,495162,not_clear_remote,easy,14:59.7,,,,
534,3,5103856,not_remote,easy,37:11.9,,,,
535,232,4209221,tot_remote,easy,46:22.1,,,,
536,3,5067774,tot_remote,easy,12:20.7,,,,
537,166,565539,tot_remote,easy,51:30.1,,,,
538,331,5252603,not_remote,easy,48:24.7,,,,
539,133,5012402,not_clear_remote,medium,17:21.1,,,,
540,199,3694308,not_clear_remote,easy,22:40.4,,,,
541,265,5557510,tot_remote,easy,10:29.1,,,,
542,232,4105245,tot_remote,easy,,,,,
543,166,2396295,tot_remote,medium,18:47.9,,,,
544,199,4105455,semi_remote,easy,29:11.3,,,,
545,298,3116694,semi_remote,easy,43:09.4,,,,
546,3,5008239,not_clear_remote,easy,54:38.5,,,,
547,298,4052797,tot_remote,easy,46:05.4,,,,
548,133,5296112,not_clear_remote,medium,08:02.0,,,,
549,397,4033604,tot_remote,easy,11:16.6,,,,
550,397,4536766,semi_remote,easy,11:21.3,,,,
551,100,4389427,tot_remote,easy,43:35.6,,,,
552,100,3792939,not_remote,easy,32:14.9,,,,
553,3,4077822,not_clear_remote,easy,42:37.7,,,,
554,3,1151987,not_clear_remote,medium,14:05.4,,,,
555,265,4135776,tot_remote,easy,59:35.5,,,,
556,397,1995844,tot_remote,easy,,,,,
557,232,5471063,semi_remote,easy,56:13.0,,,,
558,232,4575409,not_clear_remote,easy,22:40.9,,,,
559,331,3364629,not_remote,easy,11:58.0,,,,
560,232,4575409,not_clear_remote,easy,,,,,
561,199,4398812,semi_remote,easy,51:18.9,,,,
562,232,5482953,not_remote,easy,,,,,
563,166,5151099,semi_presence,easy,51:03.3,,,,
564,331,5600730,semi_presence,easy,51:57.3,,,,
565,298,4131595,tot_remote,easy,55:49.8,,,,
566,199,3998491,tot_remote,easy,36:54.5,,,,
567,166,4186674,not_clear_remote,hard,32:26.8,,,,
568,232,5210296,not_remote,easy,,,,,
569,397,886966,not_remote,easy,,,,,
570,298,2313797,tot_remote,easy,18:08.7,,,,
571,298,4303893,semi_remote,medium,43:35.5,,,,
572,232,4129962,semi_presence,easy,,,,,
573,5,5114008,not_remote,easy,07:26.6,,,,
574,232,5589079,semi_presence,easy,,,,,
575,67,5224260,tot_remote,easy,48:47.8,,,,
576,100,5016990,tot_remote,easy,25:38.8,,,,
577,397,5651885,semi_remote,medium,28:46.5,,,,
578,166,4466189,semi_remote,medium,42:08.3,,,,
579,397,4626780,not_remote,easy,33:39.9,,,,
580,232,5271932,semi_presence,easy,16:12.4,,,,
581,5,4588333,tot_remote,easy,52:07.2,,,,
582,232,5369803,tot_remote,easy,,,,,
583,199,5542576,not_clear_remote,medium,01:07.7,,,,
584,34,4566179,not_clear_remote,easy,14:10.4,,,,
585,232,5624729,semi_remote,easy,,,,,
586,133,4048393,tot_remote,easy,05:01.8,,,,
587,5,3904377,tot_remote,easy,43:47.9,,,,
588,397,5584815,semi_presence,easy,58:59.6,,,,
589,5,4056074,temp_remote,easy,07:12.9,,,,
590,298,5097605,not_remote,easy,30:09.3,,,,
591,331,4242139,not_clear_remote,easy,34:56.2,,,,
592,199,4189870,semi_remote,easy,18:41.3,,,,
593,232,3056511,semi_presence,easy,57:14.9,,,,
594,298,4088423,tot_remote,easy,10:00.2,,,,
595,133,5489104,not_remote,easy,21:37.3,,,,
596,67,1118287,not_remote,easy,47:49.3,,,,
597,265,4111343,semi_presence,medium,55:21.2,,,,
598,199,4097604,tot_remote,easy,06:55.6,,,,
599,133,5600903,not_clear_remote,medium,52:38.1,,,,
600,67,4137466,temp_remote,easy,00:47.4,,,,
601,397,4143583,tot_remote,easy,33:51.4,,,,
602,331,4034091,temp_remote,easy,08:17.6,,,,
603,5,4384052,temp_remote,medium,26:08.7,,,,
604,199,4346681,tot_remote,easy,09:05.5,,,,
605,232,4138649,tot_remote,easy,,,,,
606,298,5006494,tot_remote,easy,13:44.7,,,,
607,232,4315526,not_clear_remote,hard,,,,,
608,232,4126548,not_clear_remote,medium,,,,,
609,5,3771774,not_remote,easy,06:42.1,,,,
610,5,4371110,not_remote,easy,21:41.8,,,,
611,67,3640743,not_remote,easy,06:40.4,,,,
612,166,5210479,semi_remote,medium,03:39.6,,,,
613,232,4158229,tot_remote,easy,,,,,
614,397,4482879,semi_remote,easy,06:40.8,,,,
615,133,5019243,temp_remote,easy,17:48.2,,,,
616,265,5430410,semi_remote,medium,51:09.3,,,,
617,133,434969,tot_remote,medium,18:37.1,,,,
618,397,5038215,not_remote,easy,07:11.7,,,,
619,2,3651421,not_remote,medium,11:39.2,,,,
620,265,3655465,not_remote,easy,55:05.0,,,,
621,232,5308959,semi_remote,easy,,,,,
622,298,5077585,not_remote,easy,29:06.7,,,,
623,232,5151815,semi_presence,easy,,,,,
624,2,2645785,not_remote,easy,42:14.5,,,,
625,298,5069203,temp_remote,easy,48:27.9,,,,
626,397,577186,not_clear_remote,easy,,,,,
627,2,4095201,temp_remote,easy,55:03.0,,,,
628,232,3992445,not_remote,easy,32:39.5,,,,
629,5,4141670,tot_remote,easy,14:40.9,,,,
630,397,371471,not_clear_remote,easy,,,,,
631,3,3843280,not_remote,medium,34:46.6,,,,
632,298,4208344,tot_remote,easy,42:23.6,,,,
633,3,4143477,tot_remote,easy,04:04.9,,,,
634,232,4148338,semi_presence,easy,20:37.9,,,,
635,133,4473485,not_clear_remote,hard,36:29.0,,,,
636,199,4091684,tot_remote,easy,40:50.1,,,,
637,265,4065141,semi_presence,medium,35:50.8,,,,
638,133,5201257,temp_remote,easy,44:33.0,,,,
639,232,5568670,semi_remote,easy,45:22.6,,,,
640,232,4154921,not_remote,easy,,,,,
641,199,5590518,not_clear_remote,easy,54:02.2,,,,
642,5,5039356,not_remote,easy,38:22.6,,,,
643,397,746863,not_clear_remote,hard,,,,,
644,232,4078383,temp_remote,easy,,,,,
645,265,4613544,temp_remote,easy,59:33.9,,,,
646,100,4661089,semi_remote,easy,08:03.9,,,,
647,166,5379119,semi_remote,medium,44:40.1,,,,
648,298,4144233,temp_remote,easy,48:49.8,,,,
649,166,5434585,not_remote,medium,56:22.4,,,,
650,232,5592968,semi_remote,easy,,,,,
651,166,785636,tot_remote,medium,20:53.2,,,,
652,67,4047122,tot_remote,medium,56:18.1,,,,
653,100,5312655,semi_remote,easy,45:37.4,,,,
654,265,4659462,semi_remote,easy,01:22.6,,,,
655,397,3114161,not_remote,easy,,,,,
656,3,5038059,temp_remote,easy,39:14.3,,,,
657,5,4134107,temp_remote,easy,34:37.2,,,,
658,232,5067774,tot_remote,easy,,,,,
659,265,4256742,semi_presence,medium,56:57.4,,,,
660,67,251693,tot_remote,medium,41:10.2,,,,
661,100,5398267,semi_presence,easy,57:26.9,,,,
662,199,4106615,semi_remote,easy,24:43.2,,,,
663,3,3237326,tot_remote,easy,19:52.0,,,,
664,100,2775405,tot_remote,easy,21:27.7,,,,
665,5,4128266,semi_presence,easy,18:19.7,,,,
666,3,4406798,semi_remote,easy,43:56.3,,,,
667,2,2698281,not_remote,easy,48:02.5,,,,
668,232,4656573,semi_remote,easy,27:28.5,,,,
669,67,3423947,not_remote,easy,03:43.5,,,,
670,199,5659090,not_clear_remote,medium,17:49.5,,,,
671,232,5526569,not_clear_remote,medium,,,,,
672,166,4282524,semi_remote,medium,25:28.1,,,,
673,133,5613342,not_clear_remote,hard,06:14.3,,,,
674,232,4050310,tot_remote,easy,,,,,
675,5,339341,not_remote,hard,14:29.0,,,,
676,232,5283104,tot_remote,easy,,,,,
677,3,4048832,temp_remote,easy,18:48.1,,,,
678,34,4106663,tot_remote,easy,21:02.0,,,,
679,5,4097244,tot_remote,easy,25:58.4,,,,
680,397,4457979,semi_presence,easy,04:04.1,,,,
681,232,3817011,not_remote,medium,,,,,
682,34,705640,semi_presence,easy,48:41.5,,,,
683,2,5200830,not_clear_remote,easy,37:41.4,,,,
684,2,4349682,not_clear_remote,medium,44:08.8,,,,
685,232,5341430,semi_remote,medium,,,,,
686,331,5271157,tot_remote,easy,48:53.0,,,,
687,232,5594231,semi_presence,medium,,,,,
688,232,729925,not_remote,medium,51:10.9,,,,
689,100,4046121,temp_remote,easy,29:34.8,,,,
690,166,5646066,not_remote,medium,49:29.9,,,,
691,2,463614,not_remote,easy,55:05.7,,,,
692,232,4383469,not_remote,easy,,,,,
693,331,4060437,temp_remote,easy,44:34.5,,,,
694,100,4131612,not_clear_remote,medium,00:04.9,,,,
695,232,5569201,semi_presence,easy,,,,,
696,232,1411610,tot_remote,easy,02:04.2,,,,
697,199,5397368,tot_remote,easy,30:35.6,,,,
698,232,4535789,not_clear_remote,easy,57:42.7,,,,
699,232,2976281,tot_remote,easy,19:08.5,,,,
700,67,4451559,not_clear_remote,easy,50:16.3,,,,
701,232,5578809,tot_remote,easy,,,,,
702,397,4349682,semi_presence,easy,59:58.5,,,,
703,2,4065447,not_clear_remote,easy,42:59.3,,,,
704,100,4514753,semi_remote,easy,08:38.6,,,,
705,34,5268842,semi_presence,easy,34:03.8,,,,
706,331,5522130,not_remote,easy,16:17.1,,,,
707,5,2415855,tot_remote,easy,31:03.6,,,,
708,34,5646852,semi_remote,easy,03:55.0,,,,
709,232,5366587,semi_remote,easy,56:29.8,,,,
710,5,2664304,tot_remote,easy,49:25.5,,,,
711,133,2996472,not_remote,hard,18:30.4,,,,
712,232,4086483,tot_remote,easy,,,,,
713,397,5182696,semi_remote,easy,11:35.8,,,,
714,397,4225717,tot_remote,easy,46:41.8,,,,
715,166,4508069,not_remote,medium,24:51.6,,,,
716,67,4131602,semi_remote,easy,05:03.5,,,,
717,232,5216832,semi_remote,easy,,,,,
718,331,3969923,not_remote,easy,43:11.7,,,,
719,397,4199937,tot_remote,easy,46:07.2,,,,
720,2,4277874,tot_remote,easy,04:17.6,,,,
721,232,3968016,not_remote,easy,,,,,
722,265,2581060,not_remote,easy,21:56.3,,,,
723,397,820159,not_remote,easy,,,,,
724,397,4229322,tot_remote,easy,46:55.5,,,,
725,133,5566582,not_remote,medium,16:21.4,,,,
726,5,4658664,tot_remote,easy,52:44.5,,,,
727,2,4291952,not_clear_remote,easy,06:01.2,,,,
728,67,4083688,temp_remote,easy,10:27.0,,,,
729,4,4111343,semi_presence,medium,,,,,
730,397,4056033,tot_remote,easy,03:01.2,,,,
731,34,5203238,not_remote,easy,52:15.2,,,,
732,5,4118717,tot_remote,easy,28:25.3,,,,
733,100,5095244,semi_presence,medium,51:14.9,,,,
734,166,5349816,not_remote,easy,24:10.6,,,,
735,100,4095113,not_clear_remote,medium,26:11.5,,,,
736,397,1411610,tot_remote,easy,,,,,
737,166,4572752,not_clear_remote,medium,48:30.4,,,,
738,265,5588168,not_remote,easy,07:43.0,,,,
739,133,5476244,not_clear_remote,medium,10:45.4,,,,
740,298,4126756,semi_remote,medium,27:51.3,,,,
741,34,4137528,not_remote,easy,01:51.5,,,,
742,4,5323837,tot_remote,easy,,,,,
743,232,5104466,semi_remote,easy,43:19.0,,,,
744,331,3683498,not_remote,easy,57:28.8,,,,
745,331,5514889,not_clear_remote,easy,35:09.0,,,,
746,166,2708470,semi_presence,easy,53:23.2,,,,
747,298,2953481,semi_remote,medium,30:52.2,,,,
748,331,5113918,not_clear_remote,easy,54:19.6,,,,
749,199,4583009,temp_remote,easy,39:55.6,,,,
750,67,5594275,semi_presence,easy,53:59.6,,,,
751,331,4118202,semi_remote,easy,49:05.9,,,,
752,4,4434137,not_clear_remote,medium,,,,,
753,67,4041912,temp_remote,easy,25:59.5,,,,
754,265,4120507,not_clear_remote,medium,31:09.2,,,,
755,4,4109234,not_clear_remote,easy,,,,,
756,3,5349102,tot_remote,easy,05:15.7,,,,
757,4,5259538,not_clear_remote,medium,,,,,
758,100,5100747,tot_remote,easy,50:08.6,,,,
759,133,791114,tot_remote,easy,23:49.8,,,,
760,5,5633728,tot_remote,easy,24:45.0,,,,
761,133,4063008,tot_remote,easy,02:58.7,,,,
762,199,5222352,tot_remote,easy,33:03.9,,,,
763,4,4125637,semi_remote,easy,,,,,
764,265,1016474,not_remote,easy,34:25.0,,,,
765,4,4132795,temp_remote,easy,,,,,
766,199,3269783,semi_remote,medium,01:31.2,,,,
767,2,5596257,semi_presence,easy,14:28.1,,,,
768,34,4143345,semi_remote,easy,08:26.0,,,,
769,199,4524505,not_remote,easy,42:00.5,,,,
770,3,5329504,semi_remote,easy,55:40.2,,,,
771,397,5629167,semi_presence,medium,48:35.5,,,,
772,4,4365126,temp_remote,easy,,,,,
773,4,4116456,temp_remote,easy,,,,,
774,5,5661781,semi_presence,easy,55:33.7,,,,
775,265,1626970,not_remote,easy,48:04.0,,,,
776,34,3537591,not_remote,easy,24:09.9,,,,
777,298,4072452,tot_remote,easy,10:31.4,,,,
778,199,4510226,tot_remote,easy,51:27.7,,,,
779,232,4124002,tot_remote,easy,59:59.0,,,,
780,265,474709,tot_remote,easy,00:07.8,,,,
781,100,5385597,tot_remote,easy,04:53.6,,,,
782,199,3660764,tot_remote,easy,29:50.6,,,,
783,67,5377715,semi_presence,medium,37:38.4,,,,
784,265,4316785,semi_presence,medium,03:49.9,,,,
785,166,5362721,semi_remote,easy,13:06.9,,,,
786,199,4637089,not_remote,medium,31:32.4,,,,
787,67,4538103,tot_remote,easy,02:45.8,,,,
788,100,4171605,tot_remote,easy,49:10.3,,,,
789,3,4199469,not_clear_remote,medium,31:59.1,,,,
790,397,3074618,semi_presence,medium,,,,,
791,166,4433131,semi_presence,easy,30:28.0,,,,
792,4,5588168,not_remote,easy,,,,,
793,397,203773,not_remote,medium,,,,,
794,298,4103217,temp_remote,medium,33:54.6,,,,
795,331,5132894,semi_remote,easy,08:08.8,,,,
796,67,3463902,not_remote,easy,55:00.7,,,,
797,397,4084064,temp_remote,easy,29:37.8,,,,
798,34,3761846,semi_presence,easy,00:17.7,,,,
799,199,4303893,not_clear_remote,easy,28:18.9,,,,
800,100,5651460,semi_presence,easy,28:24.5,,,,
801,67,4382676,tot_remote,easy,25:29.4,,,,
802,331,3522023,not_remote,easy,42:29.0,,,,
803,397,1870699,tot_remote,easy,,,,,
804,5,5566582,not_remote,easy,47:13.9,,,,
805,265,4069166,temp_remote,easy,58:58.6,,,,
806,34,5505810,not_clear_remote,easy,59:44.2,,,,
807,166,4079695,not_remote,hard,01:12.3,,,,
808,133,5043485,not_clear_remote,medium,07:50.8,,,,
809,3,4133310,semi_presence,easy,04:41.3,,,,
810,3,5135460,semi_remote,easy,39:07.5,,,,
811,67,5348247,semi_remote,easy,43:19.7,,,,
812,166,5618348,semi_remote,medium,49:49.1,,,,
813,3,5100793,not_remote,easy,36:17.3,,,,
814,265,5619250,not_remote,easy,57:49.7,,,,
815,4,5076872,not_remote,easy,,,,,
816,34,3860745,not_remote,easy,06:29.4,,,,
817,265,4118784,tot_remote,easy,06:37.0,,,,
818,133,4270322,not_remote,easy,10:58.0,,,,
819,397,412824,tot_remote,easy,,,,,
820,67,357889,tot_remote,easy,34:57.8,,,,
821,199,5179716,tot_remote,easy,57:31.5,,,,
822,3,4046121,temp_remote,easy,28:00.4,,,,
823,298,920308,not_clear_remote,medium,58:35.7,,,,
824,5,5064587,tot_remote,easy,31:45.7,,,,
825,232,376771,not_remote,easy,31:04.9,,,,
826,265,4078383,temp_remote,easy,56:55.3,,,,
827,397,5378811,semi_remote,easy,41:30.3,,,,
828,265,5077585,not_remote,medium,40:57.0,,,,
829,34,4356955,tot_remote,easy,22:57.6,,,,
830,67,5554306,semi_remote,easy,12:28.6,,,,
831,4,5192327,tot_remote,easy,,,,,
832,34,4189914,not_clear_remote,easy,47:40.1,,,,
833,4,4070506,not_clear_remote,medium,,,,,
834,4,4233996,tot_remote,easy,,,,,
835,232,4149879,tot_remote,easy,13:37.6,,,,
836,397,4082286,tot_remote,easy,35:09.0,,,,
837,199,4451559,not_clear_remote,easy,43:20.8,,,,
838,232,4239713,tot_remote,easy,18:41.7,,,,
839,199,5665712,semi_presence,easy,35:00.1,,,,
840,2,4105720,tot_remote,medium,16:05.2,,,,
841,166,882342,semi_presence,easy,50:07.9,,,,
842,67,1524471,semi_presence,easy,32:29.9,,,,
843,2,2965668,not_clear_remote,easy,25:18.2,,,,
844,298,5179716,tot_remote,medium,41:31.4,,,,
845,2,2912259,tot_remote,easy,37:41.2,,,,
846,67,5283644,semi_remote,easy,58:08.2,,,,
847,397,5389297,semi_presence,easy,45:52.5,,,,
848,199,4460855,not_remote,easy,09:15.4,,,,
849,3,3446631,not_remote,easy,33:37.2,,,,
850,34,5077971,not_clear_remote,easy,08:45.4,,,,
851,133,4529469,tot_remote,easy,56:30.8,,,,
852,67,4159976,tot_remote,easy,35:46.0,,,,
853,34,5179933,not_remote,easy,09:36.1,,,,
854,100,3474741,semi_presence,easy,24:33.0,,,,
855,3,4015498,tot_remote,easy,11:02.0,,,,
856,265,4434241,tot_remote,easy,13:04.0,,,,
857,265,5397215,semi_remote,easy,50:01.8,,,,
858,133,3788921,not_remote,hard,18:34.8,,,,
859,4,4146602,tot_remote,easy,,,,,
860,4,4130530,tot_remote,easy,,,,,
861,100,4063542,temp_remote,medium,32:35.4,,,,
862,2,4311382,tot_remote,easy,16:17.7,,,,
863,3,4100766,semi_remote,easy,15:05.3,,,,
864,4,4124364,not_clear_remote,medium,,,,,
865,34,5185164,tot_remote,easy,02:00.0,,,,
866,4,4216283,tot_remote,easy,,,,,
867,3,4148067,not_clear_remote,medium,49:35.6,,,,
868,67,4109645,tot_remote,easy,52:21.6,,,,
869,34,4184527,semi_presence,easy,41:08.4,,,,
870,265,1111735,tot_remote,easy,07:58.2,,,,
871,3,4162842,temp_remote,easy,38:12.0,,,,
872,166,5090749,temp_remote,medium,24:03.2,,,,
873,5,5299740,not_clear_remote,easy,06:58.7,,,,
874,5,4294797,temp_remote,easy,13:31.2,,,,
875,34,4092881,tot_remote,easy,37:02.6,,,,
876,397,3773543,not_remote,hard,,,,,
877,34,5189170,not_clear_remote,easy,01:50.5,,,,
878,2,4619270,semi_remote,easy,57:57.1,,,,
879,5,5489104,not_remote,easy,19:18.2,,,,
880,331,5319863,not_clear_remote,easy,21:46.7,,,,
881,100,4060213,semi_remote,easy,51:56.1,,,,
882,4,4075160,tot_remote,easy,,,,,
883,199,5472636,semi_presence,easy,43:14.0,,,,
884,3,4246605,tot_remote,easy,16:44.2,,,,
885,331,1192621,tot_remote,easy,43:52.6,,,,
886,3,4275499,semi_remote,easy,09:34.9,,,,
887,67,5271752,not_remote,medium,57:34.7,,,,
888,100,952889,temp_remote,medium,42:05.2,,,,
889,4,4450319,tot_remote,easy,,,,,
890,34,4210767,not_remote,easy,01:51.6,,,,
891,331,5561542,not_clear_remote,easy,26:36.5,,,,
892,166,5531629,semi_presence,medium,09:57.9,,,,
893,67,5572833,not_remote,medium,56:36.2,,,,
894,298,5590201,semi_remote,easy,28:01.8,,,,
895,34,4490665,semi_remote,easy,50:10.4,,,,
896,3,5594277,semi_presence,easy,24:35.6,,,,
897,298,633135,tot_remote,easy,22:22.9,,,,
898,4,4134606,tot_remote,easy,,,,,
899,100,3860745,not_remote,easy,15:10.4,,,,
900,34,5139161,semi_remote,easy,11:45.4,,,,
901,232,4098535,temp_remote,easy,22:11.7,,,,
902,5,5183096,semi_remote,easy,11:11.5,,,,
903,100,5234736,tot_remote,easy,28:49.0,,,,
904,166,4459794,semi_remote,easy,20:37.4,,,,
905,397,5220369,semi_remote,easy,00:37.0,,,,
906,397,3655465,not_remote,easy,,,,,
907,67,4096208,semi_remote,medium,48:21.6,,,,
908,34,4136305,tot_remote,easy,01:32.7,,,,
909,4,4488655,semi_remote,easy,,,,,
910,100,5329504,semi_remote,easy,52:07.7,,,,
911,331,4213075,not_clear_remote,medium,51:29.9,,,,
912,199,5163228,tot_remote,easy,23:00.2,,,,
913,199,4126929,temp_remote,easy,52:47.2,,,,
914,5,5376915,not_clear_remote,medium,17:52.3,,,,
915,100,5646855,semi_presence,medium,37:05.3,,,,
916,4,4432832,semi_remote,easy,,,,,
917,298,4046927,temp_remote,easy,18:47.3,,,,
918,4,4052181,semi_presence,easy,,,,,
919,166,5427978,tot_remote,medium,00:09.5,,,,
920,331,5376915,not_clear_remote,easy,23:56.3,,,,
921,2,3625085,semi_remote,medium,28:07.6,,,,
922,298,5646779,not_remote,easy,47:20.5,,,,
923,34,4527263,not_clear_remote,easy,11:30.9,,,,
924,67,5644540,not_clear_remote,medium,54:10.8,,,,
925,67,5352600,not_remote,medium,45:59.9,,,,
926,34,5385422,tot_remote,easy,11:02.0,,,,
927,298,4124448,temp_remote,easy,05:30.0,,,,
928,298,5271701,semi_remote,easy,49:43.4,,,,
929,133,5553532,not_clear_remote,medium,29:53.9,,,,
930,5,4045407,tot_remote,easy,54:21.8,,,,
931,4,4337270,temp_remote,easy,,,,,
932,5,4313897,tot_remote,easy,13:13.4,,,,
933,331,5611759,not_clear_remote,easy,57:59.1,,,,
934,2,3969120,not_remote,easy,54:26.4,,,,
935,232,4216391,temp_remote,easy,37:21.5,,,,
936,5,5008898,tot_remote,easy,45:35.8,,,,
937,298,5137365,semi_remote,easy,27:37.5,,,,
938,4,4440415,semi_remote,medium,,,,,
939,34,5455302,tot_remote,easy,06:45.9,,,,
940,133,1329452,not_clear_remote,medium,57:16.5,,,,
941,2,2396295,tot_remote,easy,58:19.4,,,,
942,298,4287427,temp_remote,easy,24:42.1,,,,
943,166,4129892,tot_remote,medium,43:26.3,,,,
944,3,4103506,tot_remote,easy,22:55.7,,,,
945,5,5553469,semi_presence,easy,44:51.9,,,,
946,100,4088061,not_remote,easy,47:21.3,,,,
947,67,5259983,not_clear_remote,medium,07:19.8,,,,
948,67,4114343,temp_remote,easy,42:24.8,,,,
949,67,5543648,not_remote,easy,49:35.5,,,,
950,265,5407459,tot_remote,easy,01:47.7,,,,
951,34,4455487,semi_remote,easy,12:19.4,,,,
952,5,2970634,tot_remote,easy,19:05.9,,,,
953,232,5658029,not_remote,easy,39:03.6,,,,
954,232,4163842,temp_remote,easy,22:10.8,,,,
955,3,4060341,tot_remote,easy,57:29.4,,,,
956,3,331372,not_clear_remote,medium,11:08.7,,,,
957,5,5658264,semi_remote,easy,28:54.0,,,,
958,5,5357859,semi_presence,easy,17:41.8,,,,
959,2,5262669,not_clear_remote,medium,25:20.3,,,,
960,232,5501213,temp_remote,easy,59:45.8,,,,
961,34,4088855,semi_remote,easy,52:54.0,,,,
962,34,4307554,tot_remote,easy,59:07.3,,,,
963,2,5474576,not_clear_remote,easy,54:29.0,,,,
964,397,421052,tot_remote,easy,,,,,
965,5,5289378,semi_presence,easy,23:59.8,,,,
966,2,659112,tot_remote,medium,39:49.9,,,,
967,166,4193376,not_clear_remote,easy,35:50.0,,,,
968,3,4310726,tot_remote,easy,28:55.7,,,,
969,2,4585061,tot_remote,medium,02:54.8,,,,
970,67,544001,tot_remote,easy,30:28.8,,,,
971,331,5549366,not_clear_remote,easy,56:06.4,,,,
972,100,5192318,semi_remote,medium,13:42.8,,,,
973,34,4655952,not_remote,easy,10:30.4,,,,
974,199,5045811,not_clear_remote,easy,02:37.8,,,,
975,100,3314686,tot_remote,easy,33:55.5,,,,
976,34,4145444,temp_remote,easy,28:54.3,,,,
977,100,5176863,semi_remote,medium,16:49.7,,,,
978,3,4043079,tot_remote,easy,26:26.2,,,,
979,2,2792818,not_clear_remote,easy,51:40.8,,,,
980,397,3271417,not_remote,easy,,,,,
981,199,3860039,not_remote,easy,05:27.7,,,,
982,166,4492878,semi_remote,medium,25:10.7,,,,
983,34,5532942,tot_remote,easy,57:12.6,,,,
984,232,4005775,temp_remote,easy,29:14.2,,,,
985,67,2313809,tot_remote,easy,46:55.1,,,,
986,67,4133254,tot_remote,easy,38:30.1,,,,
987,34,405117,tot_remote,easy,32:31.0,,,,
988,133,4106002,temp_remote,easy,23:26.4,,,,
989,166,3138240,not_remote,medium,48:20.4,,,,
990,67,696778,tot_remote,easy,57:45.2,,,,
991,5,4080696,semi_presence,easy,52:02.4,,,,
992,133,4065088,tot_remote,easy,53:27.1,,,,
993,265,5006494,tot_remote,easy,01:34.6,,,,
994,3,5219967,semi_presence,medium,22:54.2,,,,
995,34,495162,semi_presence,easy,05:01.2,,,,
996,3,5470209,semi_presence,easy,09:51.1,,,,
997,3,4129118,tot_remote,easy,36:12.9,,,,
998,4,5224404,not_remote,easy,,,,,
999,67,4147557,tot_remote,medium,46:40.9,,,,
1000,265,3640677,not_remote,easy,32:56.1,,,,
1001,4,5312693,semi_presence,medium,,,,,
1002,2,4066826,temp_remote,easy,17:36.3,,,,
1003,5,5145901,tot_remote,easy,54:43.1,,,,
1004,331,5039356,not_remote,easy,26:19.7,,,,
1005,4,5512424,semi_presence,easy,,,,,
1006,265,4090359,temp_remote,easy,25:00.5,,,,
1007,397,5534708,semi_remote,easy,32:20.9,,,,
1008,67,5085045,tot_remote,easy,19:05.7,,,,
1009,100,4205864,semi_remote,easy,43:39.8,,,,
1010,100,5072728,tot_remote,easy,27:24.1,,,,
1011,232,4555988,not_clear_remote,easy,20:59.1,,,,
1012,232,3788816,not_clear_remote,easy,38:34.5,,,,
1013,133,4213401,not_clear_remote,easy,52:19.4,,,,
1014,397,4209221,tot_remote,easy,47:18.2,,,,
1015,133,4434137,not_clear_remote,medium,38:30.5,,,,
1016,166,4124081,tot_remote,easy,22:37.2,,,,
1017,166,4131427,not_remote,easy,29:19.5,,,,
1018,5,4106002,temp_remote,easy,13:21.2,,,,
1019,3,4116363,tot_remote,easy,33:18.0,,,,
1020,4,5133458,not_remote,easy,,,,,
1021,298,3791879,not_remote,medium,41:57.2,,,,
1022,4,5623384,semi_remote,easy,,,,,
1023,4,5326231,tot_remote,easy,,,,,
1024,166,4641887,tot_remote,easy,29:29.9,,,,
1025,3,5284712,not_clear_remote,medium,35:41.9,,,,
1026,397,4087269,temp_remote,easy,08:16.1,,,,
1027,5,4201628,semi_presence,easy,21:26.4,,,,
1028,265,4085147,temp_remote,easy,08:14.5,,,,
1029,5,4278026,not_clear_remote,medium,09:17.5,,,,
1030,166,1724598,tot_remote,easy,18:20.8,,,,
1031,397,5471063,semi_remote,easy,16:45.0,,,,
1032,5,4573095,tot_remote,easy,47:22.8,,,,
1033,166,4150104,tot_remote,medium,43:14.5,,,,
1034,100,5500991,tot_remote,easy,11:36.0,,,,
1035,2,5354354,semi_presence,medium,29:45.9,,,,
1036,133,5448024,not_clear_remote,medium,25:20.4,,,,
1037,298,2433489,tot_remote,easy,57:34.5,,,,
1038,4,5008239,not_clear_remote,easy,,,,,
1039,199,4084186,temp_remote,easy,34:52.5,,,,
1040,166,5288630,semi_remote,medium,00:30.3,,,,
1041,166,4091980,temp_remote,hard,02:09.1,,,,
1042,265,4072347,tot_remote,easy,49:43.9,,,,
1043,331,4113784,tot_remote,medium,14:16.4,,,,
1044,298,5550311,semi_remote,easy,39:11.1,,,,
1045,166,2022307,not_remote,hard,36:35.7,,,,
1046,265,5601240,not_clear_remote,easy,05:22.2,,,,
1047,265,4137446,semi_remote,easy,51:18.0,,,,
1048,133,4085146,temp_remote,easy,55:27.8,,,,
1049,4,5498725,temp_remote,easy,,,,,
1050,34,3399968,tot_remote,easy,04:14.2,,,,
1051,5,4349801,not_remote,easy,21:27.8,,,,
1052,133,4109452,semi_remote,hard,35:02.0,,,,
1053,100,5144530,tot_remote,easy,39:47.9,,,,
1054,232,5603047,not_remote,easy,50:28.7,,,,
1055,166,5537478,semi_remote,easy,22:52.0,,,,
1056,34,3516899,semi_remote,easy,29:30.8,,,,
1057,232,1995844,tot_remote,easy,08:09.5,,,,
1058,67,4151242,temp_remote,easy,37:21.3,,,,
1059,4,5354531,tot_remote,easy,,,,,
1060,133,5535733,semi_presence,easy,32:37.5,,,,
1061,4,4145044,semi_remote,medium,,,,,
1062,34,5547786,not_clear_remote,easy,24:26.5,,,,
1063,34,5564223,not_clear_remote,easy,11:41.5,,,,
1064,265,4052797,semi_remote,easy,51:40.6,,,,
1065,5,5413798,semi_presence,medium,51:08.0,,,,
1066,3,5234736,tot_remote,easy,30:35.0,,,,
1067,232,4113335,temp_remote,easy,18:57.7,,,,
1068,4,4182601,not_clear_remote,hard,,,,,
1069,166,5513650,semi_remote,easy,10:49.7,,,,
1070,397,4137076,tot_remote,easy,29:50.8,,,,
1071,100,4298512,semi_remote,medium,02:12.9,,,,
1072,331,5012325,not_clear_remote,easy,22:26.3,,,,
1073,265,3028927,tot_remote,easy,36:25.4,,,,
1074,4,4539982,tot_remote,easy,,,,,
1075,5,5315055,semi_remote,easy,26:43.5,,,,
1076,4,3996112,tot_remote,easy,,,,,
1077,265,4080061,semi_remote,easy,50:55.2,,,,
1078,199,4056626,not_remote,easy,29:22.0,,,,
1079,397,5376890,semi_remote,easy,38:34.1,,,,
1080,199,4287427,not_clear_remote,easy,32:10.7,,,,
1081,67,4279414,tot_remote,easy,36:39.3,,,,
1082,100,4117477,tot_remote,easy,42:56.7,,,,
1083,4,5284806,tot_remote,easy,,,,,
1084,67,2690303,not_remote,easy,29:18.3,,,,
1085,3,5366097,semi_remote,easy,32:59.6,,,,
1086,34,5016990,tot_remote,easy,07:29.1,,,,
1087,232,4528414,not_clear_remote,easy,51:17.7,,,,
1088,166,5170944,tot_remote,medium,00:44.2,,,,
1089,298,5336418,semi_remote,medium,35:33.1,,,,
1090,67,4329828,tot_remote,easy,05:33.7,,,,
1091,2,5570117,not_clear_remote,easy,59:33.9,,,,
1092,133,4227294,temp_remote,easy,47:55.9,,,,
1093,34,5594275,semi_presence,easy,52:36.4,,,,
1094,166,4482879,semi_remote,medium,44:49.9,,,,
1095,265,4221362,temp_remote,easy,25:57.9,,,,
1096,34,4416279,not_clear_remote,easy,56:33.7,,,,
1097,100,4135275,temp_remote,medium,53:03.3,,,,
1098,3,5144530,tot_remote,easy,18:21.7,,,,
1099,67,4198302,semi_presence,easy,50:28.4,,,,
1100,166,4093664,tot_remote,easy,57:29.6,,,,
1101,5,5664856,semi_presence,easy,55:40.6,,,,
1102,331,5475269,not_remote,easy,44:49.3,,,,
1103,331,4641887,tot_remote,easy,40:15.9,,,,
1104,397,5573697,semi_remote,easy,07:01.5,,,,
1105,331,5421664,not_remote,medium,40:35.3,,,,
1106,166,4037325,temp_remote,easy,40:33.4,,,,
1107,3,5196206,semi_remote,easy,12:35.1,,,,
1108,331,4473432,tot_remote,easy,13:36.4,,,,
1109,331,4143594,tot_remote,easy,34:14.6,,,,
1110,4,5442245,not_clear_remote,medium,,,,,
1111,265,5107024,tot_remote,easy,02:12.2,,,,
1112,34,2954847,not_remote,easy,53:13.9,,,,
1113,265,5364021,tot_remote,easy,03:11.5,,,,
1114,4,4040962,tot_remote,easy,,,,,
1115,100,4109130,semi_remote,easy,44:41.3,,,,
1116,265,2970648,tot_remote,easy,26:07.4,,,,
1117,34,4280667,tot_remote,easy,11:04.7,,,,
1118,199,4109645,not_remote,easy,23:32.9,,,,
1119,5,5478897,semi_presence,easy,10:59.7,,,,
1120,4,5516495,not_remote,medium,,,,,
1121,397,276567,not_remote,easy,,,,,
1122,232,5262669,semi_presence,easy,19:48.9,,,,
1123,232,5284806,tot_remote,easy,51:48.9,,,,
1124,4,5557510,tot_remote,easy,,,,,
1125,166,5101084,semi_remote,easy,43:05.3,,,,
1126,298,4080061,tot_remote,easy,53:32.7,,,,
1127,232,2961266,not_remote,easy,14:35.2,,,,
1128,100,5473989,tot_remote,easy,56:24.0,,,,
1129,133,4105380,temp_remote,easy,50:08.7,,,,
1130,67,4066411,semi_remote,easy,58:24.2,,,,
1131,100,5580838,semi_remote,easy,33:06.2,,,,
1132,397,5637133,semi_presence,medium,40:15.0,,,,
1133,34,5500728,tot_remote,easy,21:00.6,,,,
1134,397,4212359,tot_remote,easy,47:01.0,,,,
1135,232,5548552,semi_remote,easy,07:03.9,,,,
1136,298,5502414,not_remote,easy,57:31.2,,,,
1137,397,1329478,tot_remote,easy,,,,,
1138,34,3840138,semi_presence,easy,57:36.8,,,,
1139,265,5066187,not_clear_remote,easy,46:35.2,,,,
1140,3,4058561,not_clear_remote,medium,51:56.9,,,,
1141,232,4602006,tot_remote,easy,27:47.6,,,,
1142,5,3074608,not_remote,easy,21:47.9,,,,
1143,331,4059268,temp_remote,easy,22:17.7,,,,
1144,397,4099899,tot_remote,easy,59:28.2,,,,
1145,5,4126482,temp_remote,easy,23:46.2,,,,
1146,100,4053751,semi_remote,easy,45:53.3,,,,
1147,166,4141501,temp_remote,hard,34:16.0,,,,
1148,298,3857002,not_remote,easy,42:07.8,,,,
1149,298,4413818,temp_remote,easy,50:43.1,,,,
1150,232,4070114,tot_remote,easy,24:24.6,,,,
1151,331,2230157,not_remote,easy,14:55.9,,,,
1152,331,5409259,not_clear_remote,easy,18:23.8,,,,
1153,298,4645665,temp_remote,easy,47:31.1,,,,
1154,67,4245144,tot_remote,medium,49:09.6,,,,
1155,133,4131815,not_remote,easy,47:52.1,,,,
1156,5,5629320,not_remote,easy,27:03.3,,,,
1157,34,5100747,tot_remote,easy,09:43.4,,,,
1158,5,5501480,semi_presence,easy,38:08.8,,,,
1159,199,5477554,not_remote,easy,28:26.7,,,,
1160,265,5651250,semi_remote,easy,36:06.2,,,,
1161,100,4145444,temp_remote,easy,27:01.2,,,,
1162,199,5407542,semi_remote,medium,46:41.6,,,,
1163,133,4208322,not_clear_remote,medium,39:58.3,,,,
1164,265,3269779,semi_remote,easy,57:22.4,,,,
1165,232,5349545,tot_remote,easy,20:50.2,,,,
1166,166,3099978,not_remote,easy,45:36.6,,,,
1167,133,5582607,not_clear_remote,medium,57:45.2,,,,
1168,133,5562327,not_clear_remote,medium,47:08.6,,,,
1169,67,4189914,not_clear_remote,medium,30:48.0,,,,
1170,265,5656374,semi_presence,medium,00:11.8,,,,
1171,67,4070618,tot_remote,easy,28:07.1,,,,
1172,298,5341544,not_remote,medium,21:57.9,,,,
1173,67,4069201,not_remote,hard,57:42.7,,,,
1174,2,5568793,not_clear_remote,easy,24:11.4,,,,
1175,298,3594409,tot_remote,easy,22:14.4,,,,
1176,3,5584426,tot_remote,easy,11:29.5,,,,
1177,4,4602006,tot_remote,easy,,,,,
1178,34,4367287,tot_remote,easy,56:49.2,,,,
1179,3,4584119,not_clear_remote,medium,50:28.1,,,,
1180,298,4108812,temp_remote,easy,46:51.6,,,,
1181,397,4264201,tot_remote,easy,03:24.8,,,,
1182,67,2846881,not_remote,easy,32:23.8,,,,
1183,100,4198792,semi_remote,medium,55:20.0,,,,
1184,166,4143594,tot_remote,easy,48:55.6,,,,
1185,34,3128352,not_remote,easy,34:47.8,,,,
1186,166,5660539,tot_remote,easy,38:01.3,,,,
1187,5,5354504,semi_presence,easy,53:45.9,,,,
1188,232,4421338,tot_remote,easy,29:18.5,,,,
1189,100,5387120,semi_presence,easy,04:33.7,,,,
1190,199,4573968,tot_remote,easy,39:26.4,,,,
1191,397,5658121,not_remote,easy,35:16.4,,,,
1192,298,4100349,not_remote,easy,55:58.2,,,,
1193,331,5006478,not_clear_remote,easy,53:46.0,,,,
1194,166,5600730,semi_presence,medium,42:24.7,,,,
1195,265,4095979,tot_remote,easy,22:39.2,,,,
1196,133,5661781,not_clear_remote,medium,09:36.6,,,,
1197,298,4114337,semi_remote,easy,16:12.1,,,,
1198,166,4139240,tot_remote,medium,00:04.4,,,,
1199,67,484936,not_remote,easy,36:12.3,,,,
1200,5,1612602,tot_remote,easy,39:20.2,,,,
1201,265,4141688,temp_remote,easy,05:30.8,,,,
1202,298,5522279,not_clear_remote,medium,51:10.3,,,,
1203,265,5477206,tot_remote,easy,26:55.9,,,,
1204,133,4153022,tot_remote,easy,22:47.9,,,,
1205,397,5546217,semi_remote,easy,34:51.4,,,,
1206,34,4103452,not_clear_remote,easy,59:35.7,,,,
1207,34,5430550,tot_remote,easy,54:29.6,,,,
1208,4,5604768,semi_presence,medium,,,,,
1209,166,4449454,semi_remote,easy,30:40.6,,,,
1210,331,4125237,tot_remote,easy,18:51.3,,,,
1211,265,5194437,semi_remote,easy,09:09.5,,,,
1212,3,4069320,tot_remote,medium,38:53.2,,,,
1213,166,5004948,semi_remote,easy,55:51.4,,,,
1214,4,5534423,semi_presence,easy,,,,,
1215,199,2774274,not_remote,easy,41:30.6,,,,
1216,34,5036490,semi_remote,easy,12:10.1,,,,
1217,100,4086338,tot_remote,easy,55:59.9,,,,
1218,133,5641273,not_clear_remote,medium,28:59.5,,,,
1219,199,4059747,temp_remote,easy,11:09.7,,,,
1220,100,4048832,temp_remote,easy,32:28.5,,,,
1221,3,5420148,semi_remote,medium,23:55.9,,,,
1222,4,4155079,semi_remote,hard,,,,,
1223,166,4560190,tot_remote,easy,45:48.3,,,,
1224,100,5260890,semi_remote,medium,28:12.5,,,,
1225,4,4393033,semi_presence,medium,,,,,
1226,133,4059568,not_clear_remote,medium,05:03.3,,,,
1227,133,5603842,not_clear_remote,hard,26:49.6,,,,
1228,265,3593231,not_remote,easy,04:39.2,,,,
1229,265,4237915,tot_remote,easy,08:17.9,,,,
1230,232,4151693,temp_remote,easy,54:05.2,,,,
1231,5,3683498,not_remote,easy,26:33.4,,,,
1232,331,5400075,not_clear_remote,easy,18:16.0,,,,
1233,331,677456,not_remote,easy,58:12.9,,,,
1234,232,4074940,semi_presence,easy,15:03.0,,,,
1235,166,5082445,semi_remote,easy,05:28.9,,,,
1236,133,3342734,tot_remote,easy,59:08.3,,,,
1237,67,5342105,not_clear_remote,medium,42:37.3,,,,
1238,67,584874,tot_remote,easy,23:27.5,,,,
1239,133,4098735,tot_remote,easy,41:33.3,,,,
1240,67,5069656,not_clear_remote,medium,11:38.2,,,,
1241,5,4138135,semi_presence,easy,15:19.2,,,,
1242,265,633029,not_remote,easy,55:18.8,,,,
1243,331,1068824,not_clear_remote,easy,14:27.0,,,,
1244,397,5178942,semi_remote,easy,15:54.9,,,,
1245,4,4573778,semi_remote,easy,,,,,
1246,67,4208684,semi_remote,easy,03:16.8,,,,
1247,3,4055412,tot_remote,easy,40:49.9,,,,
1248,5,4364157,not_clear_remote,easy,24:17.2,,,,
1249,2,3483117,not_remote,easy,35:26.1,,,,
1250,67,635685,not_clear_remote,easy,03:30.2,,,,
1251,2,3992445,not_remote,easy,48:57.6,,,,
1252,100,4623326,tot_remote,easy,52:30.5,,,,
1253,3,1052112,semi_presence,easy,20:45.4,,,,
1254,133,4017434,temp_remote,easy,41:42.6,,,,
1255,5,4076199,temp_remote,easy,32:30.2,,,,
1256,4,4045500,tot_remote,easy,,,,,
1257,3,5573114,tot_remote,easy,45:58.4,,,,
1258,5,4517327,semi_remote,easy,45:26.6,,,,
1259,67,4648034,tot_remote,easy,12:39.0,,,,
1260,133,4054466,not_remote,medium,00:59.9,,,,
1261,331,5064587,tot_remote,easy,37:55.5,,,,
1262,34,5081082,not_clear_remote,easy,13:50.1,,,,
1263,232,5506448,not_remote,easy,53:59.4,,,,
1264,4,3848663,not_remote,medium,,,,,
1265,100,5007912,semi_remote,easy,12:26.1,,,,
1266,265,3996112,tot_remote,easy,50:31.9,,,,
1267,4,4104518,temp_remote,easy,,,,,
1268,331,4107331,semi_presence,medium,39:15.6,,,,
1269,4,4114720,not_clear_remote,medium,,,,,
1270,166,4109320,semi_presence,medium,38:06.3,,,,
1271,2,5573697,not_clear_remote,easy,11:35.4,,,,
1272,100,5564223,semi_remote,easy,54:47.0,,,,
1273,199,5202347,not_clear_remote,easy,33:30.5,,,,
1274,5,1489747,semi_remote,easy,36:05.5,,,,
1275,397,4071312,tot_remote,easy,30:24.1,,,,
1276,265,5354803,not_remote,medium,41:34.1,,,,
1277,3,5210296,not_remote,easy,24:28.3,,,,
1278,298,4098977,semi_remote,easy,39:38.3,,,,
1279,298,5103225,semi_remote,easy,14:56.9,,,,
1280,397,5593238,semi_presence,easy,13:07.1,,,,
1281,397,5126697,not_remote,easy,00:10.5,,,,
1282,2,4120831,not_clear_remote,easy,23:13.3,,,,
1283,199,4092706,tot_remote,easy,26:40.7,,,,
1284,298,3660764,semi_remote,easy,04:58.7,,,,
1285,5,4064044,tot_remote,easy,27:07.9,,,,
1286,298,4613544,tot_remote,easy,44:44.9,,,,
1287,232,5166142,not_remote,easy,46:01.4,,,,
1288,232,5463443,semi_presence,easy,14:42.1,,,,
1289,3,4185439,tot_remote,easy,32:28.6,,,,
1290,2,3826451,not_remote,easy,52:27.3,,,,
1291,199,5641368,tot_remote,easy,34:29.6,,,,
1292,4,4289941,temp_remote,easy,,,,,
1293,100,5523304,semi_presence,easy,42:33.1,,,,
1294,166,4078119,tot_remote,easy,00:24.3,,,,
1295,265,4573778,semi_remote,easy,55:46.0,,,,
1296,166,5560506,tot_remote,easy,18:11.0,,,,
1297,34,4097634,not_clear_remote,easy,58:24.5,,,,
1298,5,3264586,not_remote,easy,22:56.8,,,,
1299,4,5116539,tot_remote,easy,,,,,
1300,100,5446448,not_remote,easy,46:08.5,,,,
1301,331,5456646,semi_presence,easy,55:42.9,,,,
1302,3,4106818,semi_remote,easy,29:38.1,,,,
1303,3,4463533,semi_remote,medium,45:42.9,,,,
1304,232,4106985,semi_presence,medium,42:05.6,,,,
1305,265,4126756,semi_presence,easy,03:50.4,,,,
1306,100,4123594,not_remote,easy,13:57.3,,,,
1307,4,4580219,temp_remote,easy,,,,,
1308,397,460764,not_remote,easy,,,,,
1309,298,5575337,not_remote,easy,12:58.2,,,,
1310,4,4406839,semi_presence,easy,,,,,
1311,67,5550686,not_clear_remote,medium,10:54.7,,,,
1312,232,3322474,tot_remote,easy,26:55.1,,,,
1313,397,1111735,tot_remote,easy,,,,,
1314,166,4146448,temp_remote,easy,32:10.5,,,,
1315,331,4121086,not_clear_remote,easy,16:48.9,,,,
1316,4,4112415,not_clear_remote,medium,,,,,
1317,2,1298551,not_remote,easy,17:18.0,,,,
1318,4,4122164,tot_remote,easy,,,,,
1319,34,4484780,not_clear_remote,easy,53:08.4,,,,
1320,2,5603623,tot_remote,medium,48:08.1,,,,
1321,4,4176512,temp_remote,easy,,,,,
1322,199,4228412,temp_remote,easy,45:45.9,,,,
1323,3,5023015,not_remote,easy,38:21.0,,,,
1324,199,2953481,not_remote,easy,03:50.5,,,,
1325,3,371471,not_clear_remote,easy,12:17.7,,,,
1326,34,5048699,not_clear_remote,easy,45:16.9,,,,
1327,67,1958386,tot_remote,medium,33:08.3,,,,
1328,265,5490076,semi_presence,easy,18:18.3,,,,
1329,67,5430550,tot_remote,easy,15:09.9,,,,
1330,34,4126981,tot_remote,easy,12:28.3,,,,
1331,34,4382676,tot_remote,easy,56:56.1,,,,
1332,100,5494825,semi_remote,medium,12:18.1,,,,
1333,133,4562751,semi_remote,easy,22:12.0,,,,
1334,265,5347940,tot_remote,easy,33:05.7,,,,
1335,199,4141694,not_clear_remote,easy,27:54.3,,,,
1336,397,4492878,semi_remote,easy,04:55.7,,,,
1337,34,322272,tot_remote,easy,30:44.3,,,,
1338,133,3368420,not_remote,easy,17:11.7,,,,
1339,67,4091887,temp_remote,easy,49:34.8,,,,
1340,199,2451548,not_remote,easy,00:45.2,,,,
1341,34,5215895,not_clear_remote,easy,44:33.6,,,,
1342,34,5301312,tot_remote,easy,00:39.0,,,,
1343,265,354279,not_remote,easy,00:24.6,,,,
1344,166,4121086,tot_remote,easy,36:36.3,,,,
1345,2,1053595,temp_remote,easy,21:32.9,,,,
1346,232,2912259,not_remote,easy,44:00.3,,,,
1347,3,3704729,not_remote,easy,49:52.7,,,,
1348,232,4087719,temp_remote,medium,22:45.8,,,,
1349,4,5628783,semi_remote,easy,,,,,
1350,166,4126328,tot_remote,medium,10:25.9,,,,
1351,4,4074823,temp_remote,easy,,,,,
1352,34,3269802,semi_remote,easy,20:53.5,,,,
1353,397,435591,not_clear_remote,medium,,,,,
1354,67,217039,not_remote,medium,00:39.1,,,,
1355,265,5212496,tot_remote,medium,49:12.7,,,,
1356,232,4089089,tot_remote,easy,11:15.9,,,,
1357,34,5095244,semi_remote,easy,07:20.0,,,,
1358,199,3349768,tot_remote,medium,38:18.2,,,,
1359,166,4536766,not_clear_remote,hard,41:24.9,,,,
1360,2,3797952,semi_presence,easy,43:25.5,,,,
1361,331,5553469,not_clear_remote,easy,35:31.5,,,,
1362,232,4085742,temp_remote,easy,51:31.3,,,,
1363,133,3904803,tot_remote,easy,23:24.9,,,,
1364,397,3903532,tot_remote,easy,44:53.6,,,,
1365,67,5097799,tot_remote,easy,06:50.5,,,,
1366,4,5179587,semi_remote,easy,,,,,
1367,265,5641306,not_remote,medium,29:42.5,,,,
1368,4,4221362,temp_remote,easy,,,,,
1369,331,5309199,not_clear_remote,easy,21:37.7,,,,
1370,166,4125237,tot_remote,medium,04:29.6,,,,
1371,232,2356333,not_remote,easy,20:36.4,,,,
1372,4,4136673,tot_remote,easy,,,,,
1373,199,5326669,not_remote,easy,22:31.7,,,,
1374,100,5196206,semi_presence,easy,14:16.4,,,,
1375,5,5292728,not_remote,easy,08:47.8,,,,
1376,100,5216352,tot_remote,easy,35:49.0,,,,
1377,100,5477982,tot_remote,easy,35:13.5,,,,
1378,298,4049918,temp_remote,easy,40:38.0,,,,
1379,100,4141771,tot_remote,easy,04:33.0,,,,
1380,265,5628188,semi_remote,easy,54:24.5,,,,
1381,5,3139391,not_remote,easy,55:19.5,,,,
1382,133,4460407,tot_remote,hard,36:01.3,,,,
1383,199,5228060,not_clear_remote,easy,33:47.6,,,,
1384,232,5537049,tot_remote,easy,20:17.9,,,,
1385,331,4057457,not_clear_remote,hard,15:33.8,,,,
1386,265,4089599,tot_remote,easy,32:39.0,,,,
1387,166,4585777,semi_presence,medium,52:41.0,,,,
1388,133,5133052,tot_remote,easy,45:05.1,,,,
1389,5,4031564,semi_remote,easy,23:32.5,,,,
1390,298,4398812,semi_remote,easy,50:12.9,,,,
1391,232,5308959,semi_remote,easy,23:43.6,,,,
1392,166,5113918,semi_presence,medium,19:16.4,,,,
1393,5,4085892,semi_remote,easy,45:05.2,,,,
1394,67,2133948,tot_remote,easy,11:33.3,,,,
1395,34,5304442,not_clear_remote,easy,39:09.3,,,,
1396,2,501194,not_clear_remote,medium,12:12.8,,,,
1397,2,5196896,tot_remote,easy,08:52.5,,,,
1398,265,4088423,tot_remote,medium,33:09.8,,,,
1399,67,4100427,not_remote,easy,10:28.2,,,,
1400,3,4064001,temp_remote,easy,19:57.7,,,,
1401,4,5149476,semi_remote,medium,,,,,
1402,199,4477047,tot_remote,easy,02:08.0,,,,
1403,5,4100056,temp_remote,easy,21:55.1,,,,
1404,232,4492843,semi_remote,easy,19:33.4,,,,
1405,34,2604740,not_remote,easy,24:33.6,,,,
1406,3,3099126,not_clear_remote,easy,08:23.1,,,,
1407,232,4088107,temp_remote,easy,13:56.5,,,,
1408,397,5166142,not_remote,medium,16:34.4,,,,
1409,4,5407459,tot_remote,easy,,,,,
1410,100,4260135,not_remote,easy,24:20.4,,,,
1411,2,5273215,not_clear_remote,easy,13:57.3,,,,
1412,4,4106985,semi_presence,medium,,,,,
1413,199,5579644,not_remote,easy,17:45.6,,,,
1414,397,4048027,tot_remote,easy,12:14.9,,,,
1415,3,5203667,not_clear_remote,medium,13:20.6,,,,
1416,3,4145566,tot_remote,easy,01:11.5,,,,
1417,298,5641368,tot_remote,easy,01:12.1,,,,
1418,3,1671269,semi_presence,medium,18:05.7,,,,
1419,397,1712443,not_remote,easy,,,,,
1420,265,5562806,semi_remote,easy,10:36.9,,,,
1421,133,4034557,tot_remote,easy,52:06.5,,,,
1422,5,5596745,semi_presence,easy,10:02.6,,,,
1423,265,1765399,tot_remote,medium,02:17.2,,,,
1424,265,5275671,semi_presence,easy,13:41.8,,,,
1425,4,5594304,semi_presence,easy,,,,,
1426,133,4364157,tot_remote,easy,15:06.4,,,,
1427,397,4015502,tot_remote,easy,04:53.9,,,,
1428,67,4153669,tot_remote,medium,29:20.1,,,,
1429,397,3552137,not_remote,easy,,,,,
1430,34,4050194,temp_remote,easy,30:52.5,,,,
1431,265,5311353,semi_remote,easy,51:54.5,,,,
1432,3,4033004,temp_remote,easy,35:04.2,,,,
1433,265,4031795,tot_remote,easy,09:15.0,,,,
1434,265,4153517,tot_remote,easy,00:21.0,,,,
1435,331,3414500,tot_remote,easy,17:30.3,,,,
1436,3,5491346,tot_remote,easy,38:24.6,,,,
1437,4,4296049,tot_remote,easy,,,,,
1438,4,5200824,semi_remote,easy,,,,,
1439,331,4146448,temp_remote,easy,47:41.9,,,,
1440,232,4110705,tot_remote,easy,19:49.9,,,,
1441,4,5221005,not_remote,medium,,,,,
1442,67,4367287,tot_remote,hard,10:58.0,,,,
1443,232,5628783,semi_remote,easy,43:29.1,,,,
1444,67,4089664,tot_remote,hard,13:51.0,,,,
1445,133,4653874,not_clear_remote,medium,50:28.4,,,,
1446,3,276567,not_remote,easy,59:33.3,,,,
1447,4,5140065,semi_remote,easy,,,,,
1448,265,4538042,tot_remote,easy,26:13.6,,,,
1449,232,3360746,not_remote,easy,23:47.5,,,,
1450,397,3409071,not_remote,easy,41:46.7,,,,
1451,166,3721508,not_remote,hard,42:06.2,,,,
1452,232,3021942,semi_remote,easy,44:16.9,,,,
1453,199,4382449,tot_remote,easy,06:49.4,,,,
1454,34,5402293,semi_presence,easy,58:17.5,,,,
1455,4,4079713,temp_remote,easy,,,,,
1456,166,981314,not_remote,hard,59:32.5,,,,
1457,298,5198661,semi_remote,easy,51:11.8,,,,
1458,331,4132565,tot_remote,medium,44:08.1,,,,
1459,133,5082724,tot_remote,medium,34:59.9,,,,
1460,100,4064633,tot_remote,medium,38:51.1,,,,
1461,4,5375221,not_remote,easy,,,,,
1462,397,3181629,not_clear_remote,easy,,,,,
1463,5,4054466,not_remote,easy,03:01.9,,,,
1464,67,3210756,not_clear_remote,medium,15:36.2,,,,
1465,298,4272781,semi_presence,easy,45:56.7,,,,
1466,397,5577328,semi_presence,easy,01:02.7,,,,
1467,397,1731617,tot_remote,easy,,,,,
1468,2,5319440,not_clear_remote,easy,12:33.4,,,,
1469,133,4450319,tot_remote,easy,37:22.3,,,,
1470,331,4066920,tot_remote,easy,33:01.8,,,,
1471,2,4325160,temp_remote,easy,23:58.9,,,,
1472,232,4141476,not_clear_remote,hard,20:41.8,,,,
1473,397,4076185,not_remote,easy,31:48.6,,,,
1474,5,5448024,semi_presence,easy,29:22.5,,,,
1475,397,4073936,tot_remote,easy,30:17.6,,,,
1476,4,4033551,tot_remote,easy,,,,,
1477,397,1556059,temp_remote,easy,,,,,
1478,4,5535175,tot_remote,easy,,,,,
1479,34,4298512,temp_remote,easy,21:37.6,,,,
1480,5,4063006,tot_remote,medium,22:40.4,,,,
1481,265,4630368,tot_remote,easy,45:45.2,,,,
1482,5,5400075,semi_presence,easy,44:38.1,,,,
1483,397,1626970,not_remote,easy,,,,,
1484,397,2675611,tot_remote,easy,,,,,
1485,4,4344726,temp_remote,medium,,,,,
1486,133,4256666,not_remote,easy,50:54.8,,,,
1487,397,2427648,semi_remote,easy,,,,,
1488,133,5357859,not_clear_remote,easy,13:28.1,,,,
1489,3,5604768,semi_presence,medium,16:31.7,,,,
1490,2,4300786,temp_remote,medium,10:52.8,,,,
1491,100,5139161,semi_remote,medium,25:12.6,,,,
1492,67,5596358,semi_presence,easy,07:57.3,,,,
1493,3,2161564,not_clear_remote,easy,43:44.2,,,,
1494,133,5079358,not_clear_remote,medium,00:59.2,,,,
1495,232,4155156,tot_remote,easy,20:56.6,,,,
1496,265,4382079,not_remote,easy,23:58.3,,,,
1497,298,4132009,temp_remote,easy,49:30.9,,,,
1498,100,5135460,semi_remote,easy,31:04.9,,,,
1499,67,5081082,not_clear_remote,medium,00:49.4,,,,
1500,100,4112908,semi_remote,easy,46:57.7,,,,
1501,232,4131744,temp_remote,easy,30:14.1,,,,
1502,67,5402267,semi_presence,medium,27:47.9,,,,
1503,3,5536652,semi_remote,medium,47:44.8,,,,
1504,331,4652418,tot_remote,easy,47:34.9,,,,
1505,133,4116961,not_clear_remote,easy,52:05.2,,,,
1506,199,4257822,tot_remote,easy,18:32.7,,,,
1507,67,4128692,temp_remote,easy,30:13.3,,,,
1508,3,5271790,semi_presence,medium,28:58.6,,,,
1509,232,5230168,semi_remote,easy,27:49.3,,,,
1510,397,4090039,temp_remote,easy,06:50.2,,,,
1511,4,5474377,not_remote,easy,,,,,
1512,5,5096110,semi_presence,easy,10:46.5,,,,
1513,2,4105266,temp_remote,medium,25:26.6,,,,
1514,133,5522204,not_remote,hard,31:31.9,,,,
1515,34,1352419,not_remote,easy,43:10.7,,,,
1516,34,4020430,tot_remote,easy,51:48.8,,,,
1517,298,3782808,semi_remote,easy,11:36.0,,,,
1518,3,4172047,tot_remote,easy,33:15.6,,,,
1519,397,4052452,tot_remote,easy,00:18.3,,,,
1520,199,4120515,temp_remote,easy,25:10.7,,,,
1521,5,5491954,semi_presence,easy,27:31.4,,,,
1522,166,4425436,semi_presence,medium,57:12.8,,,,
1523,166,4087269,not_remote,medium,24:57.9,,,,
1524,397,5193360,tot_remote,easy,06:10.9,,,,
1525,331,4229488,not_clear_remote,easy,54:56.0,,,,
1526,265,2822655,temp_remote,medium,37:18.3,,,,
1527,331,408683,tot_remote,easy,48:35.8,,,,
1528,67,4032874,temp_remote,easy,12:03.6,,,,
1529,2,3025914,not_remote,easy,20:17.5,,,,
1530,4,5377999,semi_remote,medium,,,,,
1531,265,4040142,tot_remote,easy,23:37.7,,,,
1532,199,4430250,tot_remote,easy,44:50.9,,,,
1533,397,4080311,semi_remote,easy,33:53.6,,,,
1534,397,686022,not_remote,medium,,,,,
1535,397,723403,not_remote,easy,,,,,
1536,34,4329828,not_clear_remote,medium,18:15.9,,,,
1537,397,3507578,not_remote,medium,,,,,
1538,34,3236386,semi_presence,easy,54:48.0,,,,
1539,4,4143477,tot_remote,easy,,,,,
1540,133,5655690,semi_remote,medium,07:59.6,,,,
1541,166,5501418,semi_remote,medium,43:16.8,,,,
1542,5,4256666,not_remote,easy,12:37.3,,,,
1543,34,5021775,not_clear_remote,easy,58:50.0,,,,
1544,67,5594565,semi_presence,easy,07:27.5,,,,
1545,4,4027321,not_remote,easy,,,,,
1546,265,4117170,tot_remote,easy,02:49.3,,,,
1547,232,1573461,not_clear_remote,easy,43:01.0,,,,
1548,133,4132624,not_clear_remote,hard,01:29.5,,,,
1549,331,4070273,not_clear_remote,easy,17:01.8,,,,
1550,265,4297671,tot_remote,easy,06:03.2,,,,
1551,5,4107331,not_remote,easy,19:42.5,,,,
1552,133,3864193,not_clear_remote,easy,31:17.6,,,,
1553,265,4045500,tot_remote,easy,21:12.9,,,,
1554,166,3454844,not_remote,hard,41:18.2,,,,
1555,67,5646852,semi_remote,easy,38:56.1,,,,
1556,3,2960425,not_clear_remote,medium,18:53.0,,,,
1557,166,5120218,tot_remote,medium,39:33.3,,,,
1558,298,5094764,semi_remote,medium,34:35.2,,,,
1559,3,5533354,not_remote,easy,43:14.2,,,,
1560,100,5568665,semi_remote,easy,04:24.4,,,,
1561,331,1489747,tot_remote,easy,50:40.7,,,,
1562,4,5485446,semi_presence,easy,,,,,
1563,3,778745,semi_presence,medium,16:01.3,,,,
1564,4,5659342,not_clear_remote,easy,,,,,
1565,3,5496580,tot_remote,easy,19:48.2,,,,
1566,5,4380670,semi_presence,medium,25:07.0,,,,
1567,5,3342734,tot_remote,easy,51:17.1,,,,
1568,34,3314686,tot_remote,easy,25:39.6,,,,
1569,2,5605142,semi_presence,easy,39:08.1,,,,
1570,133,3688780,not_remote,easy,04:20.2,,,,
1571,265,5130307,semi_presence,medium,54:44.6,,,,
1572,331,5325080,tot_remote,easy,57:38.1,,,,
1573,4,5194437,semi_remote,easy,,,,,
1574,331,5589832,semi_presence,easy,44:06.2,,,,
1575,265,4142948,temp_remote,easy,35:26.3,,,,
1576,100,4191280,semi_remote,medium,43:55.2,,,,
1577,2,5338156,not_clear_remote,easy,27:27.5,,,,
1578,397,3099834,not_remote,easy,,,,,
1579,67,5445963,tot_remote,easy,40:40.0,,,,
1580,34,2973148,not_remote,easy,08:36.8,,,,
1581,100,4566179,semi_remote,easy,02:02.2,,,,
1582,133,4150489,not_clear_remote,easy,41:05.7,,,,
1583,232,5018192,semi_presence,easy,45:42.1,,,,
1584,331,5596272,semi_presence,easy,58:04.1,,,,
1585,265,4591461,semi_remote,easy,50:41.6,,,,
1586,265,3209619,not_remote,hard,51:27.5,,,,
1587,199,5430429,tot_remote,medium,30:01.4,,,,
1588,397,5664103,semi_remote,easy,44:52.0,,,,
1589,5,4065084,not_clear_remote,medium,31:13.9,,,,
1590,67,4106663,tot_remote,easy,08:46.7,,,,
1591,100,4376348,not_clear_remote,medium,44:52.8,,,,
1592,331,5618348,not_clear_remote,easy,32:27.2,,,,
1593,4,5189074,semi_presence,easy,,,,,
1594,4,5414551,semi_remote,medium,,,,,
1595,397,5010796,tot_remote,easy,30:36.0,,,,
1596,67,4074685,temp_remote,easy,34:56.0,,,,
1597,397,4089089,tot_remote,easy,06:36.4,,,,
1598,397,5170944,tot_remote,medium,06:56.4,,,,
1599,3,4095113,semi_presence,easy,41:52.6,,,,
1600,232,5491366,not_remote,easy,19:20.7,,,,
1601,100,4078590,tot_remote,easy,48:36.5,,,,
1602,4,5023035,semi_remote,easy,,,,,
1603,133,4427049,tot_remote,easy,38:20.7,,,,
1604,397,4064037,tot_remote,easy,09:40.8,,,,
1605,100,5505810,not_clear_remote,medium,30:48.4,,,,
1606,232,4116456,temp_remote,easy,28:04.9,,,,
1607,100,4069320,tot_remote,easy,05:14.5,,,,
1608,166,4050578,tot_remote,medium,58:14.9,,,,
1609,232,5089303,semi_remote,easy,21:16.2,,,,
1610,67,5479673,not_clear_remote,hard,12:28.5,,,,
1611,331,4076199,temp_remote,easy,47:52.0,,,,
1612,199,357889,tot_remote,easy,37:25.1,,,,
1613,166,4082286,tot_remote,easy,48:38.3,,,,
1614,166,4443003,semi_presence,easy,30:19.4,,,,
1615,100,5630743,semi_presence,easy,15:37.6,,,,
1616,133,5340502,not_clear_remote,hard,29:20.7,,,,
1617,265,3507999,not_remote,medium,40:08.5,,,,
1618,397,3456750,semi_remote,easy,,,,,
1619,67,4078577,tot_remote,easy,50:39.9,,,,
1620,4,4056026,tot_remote,easy,,,,,
1621,3,2604849,not_clear_remote,medium,36:53.3,,,,
1622,199,5294337,tot_remote,medium,21:21.4,,,,
1623,34,5176863,not_clear_remote,easy,11:13.6,,,,
1624,3,5559081,not_clear_remote,easy,14:53.9,,,,
1625,100,4070640,temp_remote,easy,25:10.2,,,,
1626,100,4141119,temp_remote,easy,54:39.2,,,,
1627,67,5218725,not_clear_remote,easy,58:58.9,,,,
1628,100,5189538,semi_presence,easy,14:46.1,,,,
1629,34,5536359,tot_remote,easy,14:59.5,,,,
1630,331,5491954,semi_presence,easy,13:43.5,,,,
1631,397,3297693,not_remote,medium,,,,,
1632,166,4370978,semi_presence,easy,14:13.3,,,,
1633,331,4384052,temp_remote,easy,42:41.7,,,,
1634,133,4155079,semi_remote,hard,51:10.0,,,,
1635,397,4050441,semi_presence,easy,56:21.8,,,,
1636,5,5611759,semi_presence,easy,31:33.1,,,,
1637,166,3326404,not_remote,hard,55:56.5,,,,
1638,199,2846881,not_remote,easy,20:37.0,,,,
1639,166,4060437,temp_remote,easy,26:08.0,,,,
1640,298,398582,tot_remote,medium,26:34.1,,,,
1641,5,4066920,tot_remote,easy,38:14.5,,,,
1642,166,4041269,tot_remote,easy,32:35.4,,,,
1643,199,4068470,semi_presence,medium,08:04.4,,,,
1644,199,5130439,tot_remote,easy,18:49.9,,,,
1645,265,4074536,semi_remote,medium,56:35.7,,,,
1646,67,4524505,not_remote,easy,31:28.2,,,,
1647,232,4485503,semi_presence,easy,17:28.0,,,,
1648,265,5084752,semi_remote,medium,51:34.9,,,,
1649,3,421052,tot_remote,easy,50:20.0,,,,
1650,397,4235533,tot_remote,easy,52:08.9,,,,
1651,298,5283333,not_remote,easy,48:22.0,,,,
1652,133,4056365,not_clear_remote,easy,23:18.0,,,,
1653,4,4092173,not_clear_remote,medium,,,,,
1654,133,626187,not_remote,easy,45:32.8,,,,
1655,265,5099966,semi_presence,easy,05:08.6,,,,
1656,2,5308976,not_remote,easy,05:09.2,,,,
1657,331,4249095,not_clear_remote,easy,45:51.4,,,,
1658,100,4056783,semi_remote,easy,48:35.7,,,,
1659,133,2822600,not_remote,easy,50:46.7,,,,
1660,4,3982755,not_remote,easy,,,,,
1661,265,4654899,tot_remote,easy,47:22.3,,,,
1662,166,4255543,tot_remote,easy,42:13.8,,,,
1663,232,4086483,tot_remote,easy,26:21.0,,,,
1664,100,5185164,tot_remote,easy,30:21.2,,,,
1665,2,4126328,not_clear_remote,easy,30:36.7,,,,
1666,4,5161069,not_clear_remote,medium,,,,,
1667,331,4110736,tot_remote,easy,46:01.4,,,,
1668,4,4591461,semi_remote,easy,,,,,
1669,166,4207471,tot_remote,medium,34:06.5,,,,
1670,133,4065673,temp_remote,easy,37:03.4,,,,
1671,331,5210479,not_clear_remote,easy,29:18.0,,,,
1672,232,5589079,semi_presence,easy,22:45.5,,,,
1673,331,4572752,tot_remote,easy,08:28.5,,,,
1674,4,4201728,semi_remote,easy,,,,,
1675,397,5581416,semi_presence,easy,57:23.9,,,,
1676,199,3144693,not_remote,easy,36:42.3,,,,
1677,265,5133458,not_remote,easy,33:19.7,,,,
1678,133,5141713,not_clear_remote,medium,08:17.0,,,,
1679,100,5271790,semi_remote,easy,16:22.6,,,,
1680,3,3541556,not_clear_remote,medium,51:56.9,,,,
1681,265,4056456,semi_presence,medium,51:45.1,,,,
1682,4,4642903,temp_remote,easy,,,,,
1683,397,5078586,semi_remote,easy,04:29.9,,,,
1684,4,4083973,tot_remote,easy,,,,,
1685,5,4075025,tot_remote,easy,52:51.0,,,,
1686,67,4141757,tot_remote,easy,37:12.5,,,,
1687,4,4398709,semi_remote,easy,,,,,
1688,397,5659783,not_remote,easy,30:42.7,,,,
1689,4,4139134,tot_remote,easy,,,,,
1690,298,5315992,semi_remote,easy,20:50.3,,,,
1691,67,5276693,not_clear_remote,hard,26:45.4,,,,
1692,166,4340961,tot_remote,easy,05:56.3,,,,
1693,100,4040621,tot_remote,easy,34:28.1,,,,
1694,100,4574921,semi_remote,medium,59:05.8,,,,
1695,4,3955417,tot_remote,easy,,,,,
1696,133,1001280,tot_remote,medium,48:36.4,,,,
1697,100,4096279,tot_remote,easy,47:12.4,,,,
1698,232,3769352,not_remote,easy,23:23.4,,,,
1699,4,4482635,temp_remote,easy,,,,,
1700,232,826111,tot_remote,easy,28:34.6,,,,
1701,133,5526569,not_clear_remote,medium,37:57.2,,,,
1702,331,5525522,tot_remote,easy,34:22.4,,,,
1703,199,4645665,tot_remote,easy,32:06.6,,,,
1704,199,4034772,not_remote,easy,53:16.7,,,,
1705,199,1113088,tot_remote,easy,12:59.6,,,,
1706,100,5584401,not_clear_remote,medium,24:35.1,,,,
1707,3,3792939,not_remote,easy,43:57.8,,,,
1708,199,209924,tot_remote,easy,34:35.3,,,,
1709,166,4394675,tot_remote,medium,48:29.1,,,,
1710,4,4054518,temp_remote,medium,,,,,
1711,298,415008,tot_remote,medium,01:55.7,,,,
1712,331,5537478,semi_remote,easy,14:38.2,,,,
1713,100,4084201,temp_remote,easy,09:12.4,,,,
1714,3,5639908,not_remote,easy,33:39.5,,,,
1715,67,4095080,temp_remote,easy,23:57.2,,,,
1716,5,5271301,tot_remote,easy,40:06.1,,,,
1717,166,4098536,tot_remote,hard,15:12.8,,,,
1718,166,5079243,semi_remote,medium,04:06.6,,,,
1719,232,4664884,semi_presence,easy,24:52.5,,,,
1720,2,4060412,temp_remote,easy,45:01.7,,,,
1721,199,4031869,temp_remote,easy,48:41.0,,,,
1722,3,5323837,tot_remote,easy,57:52.0,,,,
1723,4,4141688,temp_remote,easy,,,,,
1724,4,4485031,semi_remote,medium,,,,,
1725,331,4084891,semi_presence,easy,47:16.1,,,,
1726,397,5068126,tot_remote,easy,29:00.0,,,,
1727,331,4517327,semi_remote,easy,34:42.1,,,,
1728,232,4225268,not_clear_remote,easy,25:19.1,,,,
1729,4,4213401,not_clear_remote,easy,,,,,
1730,166,463614,not_remote,hard,41:45.6,,,,
1731,34,5296514,not_clear_remote,easy,01:45.4,,,,
1732,4,4142724,not_clear_remote,easy,,,,,
1733,4,5462319,tot_remote,easy,,,,,
1734,4,4460740,tot_remote,easy,,,,,
1735,67,5477554,not_remote,easy,27:33.7,,,,
1736,199,5532888,tot_remote,easy,00:09.0,,,,
1737,3,5355911,semi_presence,easy,58:02.3,,,,
1738,232,5185629,semi_remote,easy,27:51.5,,,,
1739,5,4116871,tot_remote,easy,28:12.1,,,,
1740,232,5525065,semi_presence,easy,29:40.9,,,,
1741,5,568275,tot_remote,easy,27:44.9,,,,
1742,3,5479859,not_remote,easy,35:53.0,,,,
1743,397,5196896,tot_remote,easy,05:33.2,,,,
1744,166,5605204,semi_remote,easy,36:29.2,,,,
1745,4,4131815,not_remote,easy,,,,,
1746,100,5517628,semi_presence,medium,18:05.0,,,,
1747,298,5364021,tot_remote,easy,23:33.3,,,,
1748,298,5021650,tot_remote,easy,06:06.1,,,,
1749,199,5348247,semi_remote,easy,05:24.8,,,,
1750,133,5650140,not_remote,medium,21:57.3,,,,
1751,199,5283333,not_remote,easy,05:43.7,,,,
1752,298,3209619,not_remote,medium,54:57.3,,,,
1753,67,4138855,temp_remote,easy,38:11.9,,,,
1754,199,4051268,temp_remote,easy,13:15.6,,,,
1755,34,4055023,tot_remote,easy,37:59.7,,,,
1756,232,5530006,semi_presence,easy,27:31.6,,,,
1757,100,4648623,tot_remote,easy,49:19.1,,,,
1758,5,4209642,not_clear_remote,easy,02:06.6,,,,
1759,3,5543898,not_remote,easy,48:18.0,,,,
1760,67,4087866,temp_remote,easy,59:44.0,,,,
1761,232,5196891,tot_remote,easy,13:29.1,,,,
1762,232,5481676,tot_remote,easy,18:46.9,,,,
1763,397,5486507,semi_remote,easy,02:47.2,,,,
1764,133,5629426,not_clear_remote,hard,21:52.0,,,,
1765,298,4040457,temp_remote,easy,48:48.3,,,,
1766,298,5009320,semi_presence,medium,09:12.2,,,,
1767,133,4088342,not_clear_remote,hard,08:02.4,,,,
1768,199,3003811,not_remote,easy,41:05.8,,,,
1769,2,4124081,tot_remote,easy,53:39.6,,,,
1770,331,5637479,not_clear_remote,easy,42:10.7,,,,
1771,133,4387950,not_remote,medium,56:29.6,,,,
1772,4,5289405,semi_presence,easy,,,,,
1773,397,5210460,semi_remote,easy,00:17.1,,,,
1774,5,4607485,not_clear_remote,easy,50:01.1,,,,
1775,100,4331060,semi_remote,easy,54:16.4,,,,
1776,4,4137594,tot_remote,easy,,,,,
1777,5,5655690,semi_presence,easy,55:12.0,,,,
1778,133,5379391,not_clear_remote,medium,03:14.2,,,,
1779,4,4268374,tot_remote,easy,,,,,
1780,397,5082445,semi_remote,easy,09:49.9,,,,
1781,4,5352780,semi_presence,easy,,,,,
1782,199,4080151,tot_remote,easy,28:57.2,,,,
1783,100,4320968,tot_remote,easy,03:21.4,,,,
1784,3,5150096,semi_remote,easy,19:40.4,,,,
1785,5,4090233,temp_remote,easy,33:33.1,,,,
1786,166,5354354,semi_remote,medium,25:43.7,,,,
1787,100,4383459,tot_remote,easy,45:20.3,,,,
1788,397,3771691,not_remote,easy,35:47.0,,,,
1789,3,5449930,tot_remote,easy,15:59.9,,,,
1790,3,1556059,temp_remote,easy,44:08.7,,,,
1791,4,5119447,temp_remote,easy,,,,,
1792,67,4479533,tot_remote,easy,14:03.3,,,,
1793,232,3238024,not_remote,easy,33:37.6,,,,
1794,67,4513297,not_clear_remote,easy,00:06.1,,,,
1795,298,5213253,semi_remote,easy,33:17.7,,,,
1796,199,4078570,tot_remote,medium,57:32.7,,,,
1797,67,5630729,semi_presence,easy,29:53.1,,,,
1798,34,4063542,temp_remote,easy,12:32.6,,,,
1799,4,4114577,tot_remote,easy,,,,,
1800,67,4215468,temp_remote,medium,02:53.6,,,,
1801,5,301996,not_remote,easy,15:33.6,,,,
1802,133,5539037,not_remote,easy,15:46.8,,,,
1803,298,803097,semi_remote,easy,45:23.8,,,,
1804,265,5221005,not_remote,medium,48:31.7,,,,
1805,4,4611903,not_clear_remote,hard,,,,,
1806,3,3665890,not_remote,easy,56:45.7,,,,
1807,232,5182049,tot_remote,easy,16:49.9,,,,
1808,67,4108908,tot_remote,easy,36:23.2,,,,
1809,133,5315055,not_clear_remote,easy,01:39.0,,,,
1810,298,3865971,semi_remote,easy,25:15.4,,,,
1811,4,4119158,not_clear_remote,easy,,,,,
1812,265,5320211,tot_remote,easy,54:48.5,,,,
1813,5,4103017,tot_remote,easy,16:51.8,,,,
1814,3,4083973,tot_remote,easy,52:34.9,,,,
1815,397,3361061,not_remote,easy,55:08.1,,,,
1816,265,5300600,semi_presence,easy,38:50.4,,,,
1817,4,5536652,semi_remote,medium,,,,,
1818,331,4071403,temp_remote,easy,18:40.7,,,,
1819,4,4019176,semi_remote,medium,,,,,
1820,265,4097277,tot_remote,easy,22:11.5,,,,
1821,4,4098535,temp_remote,easy,,,,,
1822,4,5261665,tot_remote,easy,,,,,
1823,133,4145044,semi_remote,medium,01:38.3,,,,
1824,3,5216352,not_clear_remote,medium,12:15.5,,,,
1825,298,451845,not_clear_remote,easy,26:38.4,,,,
1826,4,4225268,not_clear_remote,easy,,,,,
1827,199,4659505,not_clear_remote,medium,38:41.1,,,,
1828,331,4131808,semi_remote,medium,48:18.9,,,,
1829,34,5637026,not_clear_remote,easy,05:26.1,,,,
1830,34,5342105,not_clear_remote,easy,35:35.5,,,,
1831,298,1513237,semi_presence,easy,18:06.7,,,,
1832,4,4056365,not_clear_remote,easy,,,,,
1833,2,3930385,not_remote,easy,25:54.9,,,,
1834,397,3797952,not_remote,easy,38:27.5,,,,
1835,67,5138342,semi_remote,easy,36:29.4,,,,
1836,133,5106677,temp_remote,easy,01:12.8,,,,
1837,4,3825040,tot_remote,easy,,,,,
1838,298,5609135,semi_remote,easy,45:35.4,,,,
1839,4,5208618,not_clear_remote,hard,,,,,
1840,3,5596362,semi_presence,easy,20:04.9,,,,
1841,298,5351958,tot_remote,medium,29:36.3,,,,
1842,34,4215732,temp_remote,easy,30:19.2,,,,
1843,4,5589868,semi_presence,easy,,,,,
1844,265,3983609,semi_remote,easy,48:53.8,,,,
1845,34,4135275,temp_remote,easy,30:17.8,,,,
1846,331,4124094,tot_remote,easy,07:21.3,,,,
1847,133,5413798,semi_remote,medium,05:37.1,,,,
1848,166,4033604,tot_remote,easy,21:51.2,,,,
1849,2,4052452,temp_remote,easy,30:51.1,,,,
1850,166,5226737,semi_remote,medium,03:31.9,,,,
1851,331,5596745,semi_presence,easy,51:44.8,,,,
1852,4,4339039,tot_remote,easy,,,,,
1853,199,4490653,semi_remote,easy,56:18.2,,,,
1854,34,5294438,tot_remote,easy,10:07.8,,,,
1855,34,4058541,tot_remote,easy,20:22.5,,,,
1856,199,2603488,tot_remote,easy,57:17.1,,,,
1857,67,4356425,semi_remote,easy,23:19.7,,,,
1858,199,4178758,not_clear_remote,easy,05:59.9,,,,
1859,67,5665712,semi_presence,easy,41:40.9,,,,
1860,4,5286883,tot_remote,medium,,,,,
1861,199,5619354,not_clear_remote,easy,01:10.8,,,,
1862,397,3053403,not_remote,easy,,,,,
1863,4,5082724,tot_remote,medium,,,,,
1864,4,5510267,semi_remote,medium,,,,,
1865,3,2694178,not_clear_remote,easy,54:17.6,,,,
1866,298,5189084,tot_remote,easy,49:14.8,,,,
1867,5,4129894,semi_presence,easy,20:29.5,,,,
1868,4,5350235,not_remote,easy,,,,,
1869,4,4124002,tot_remote,easy,,,,,
1870,331,4278026,not_clear_remote,easy,44:28.2,,,,
1871,265,3789097,semi_presence,easy,57:12.2,,,,
1872,67,3664084,semi_presence,easy,06:05.6,,,,
1873,100,4438766,temp_remote,medium,17:20.6,,,,
1874,166,4084406,tot_remote,easy,35:54.2,,,,
1875,2,4125199,temp_remote,easy,09:00.1,,,,
1876,397,3650657,not_remote,easy,,,,,
1877,331,4046496,temp_remote,easy,13:52.5,,,,
1878,100,2342029,not_remote,medium,52:42.2,,,,
1879,397,2055982,tot_remote,easy,,,,,
1880,331,4138119,semi_presence,easy,22:37.4,,,,
1881,232,4117939,not_clear_remote,easy,48:37.1,,,,
1882,232,5637118,not_clear_remote,easy,09:17.6,,,,
1883,397,392410,tot_remote,easy,,,,,
1884,133,3523941,not_remote,medium,14:04.2,,,,
1885,232,4377001,semi_remote,easy,21:59.0,,,,
1886,34,5584401,temp_remote,easy,14:58.8,,,,
1887,4,3899880,tot_remote,easy,,,,,
1888,265,5118497,not_remote,easy,59:04.3,,,,
1889,298,1229308,tot_remote,easy,18:54.7,,,,
1890,331,5145901,tot_remote,easy,54:24.9,,,,
1891,3,5556093,tot_remote,easy,08:39.6,,,,
1892,100,4088855,semi_presence,easy,01:46.6,,,,
1893,3,5294738,temp_remote,easy,45:11.1,,,,
1894,166,5552829,not_remote,hard,42:14.0,,,,
1895,100,4356955,semi_remote,medium,47:03.7,,,,
1896,5,4088318,temp_remote,easy,37:10.2,,,,
1897,331,4193911,not_clear_remote,easy,32:48.2,,,,
1898,5,4230059,semi_presence,easy,03:39.8,,,,
1899,199,2313797,tot_remote,easy,04:38.3,,,,
1900,298,4122259,tot_remote,easy,23:17.9,,,,
1901,199,5402267,not_clear_remote,medium,44:59.6,,,,
1902,199,5449152,not_clear_remote,easy,36:10.7,,,,
1903,4,4085146,temp_remote,easy,,,,,
1904,100,4105133,not_clear_remote,medium,25:03.9,,,,
1905,100,4154909,tot_remote,easy,23:31.2,,,,
1906,2,5279360,tot_remote,easy,14:57.8,,,,
1907,232,655559,tot_remote,easy,15:39.2,,,,
1908,100,5301312,tot_remote,easy,38:09.8,,,,
1909,3,5082091,semi_presence,easy,20:14.1,,,,
1910,397,5589097,semi_presence,easy,00:31.3,,,,
1911,199,3920630,not_clear_remote,easy,38:05.7,,,,
1912,4,5467316,tot_remote,easy,,,,,
1913,4,4144465,tot_remote,easy,,,,,
1914,100,5082091,semi_presence,medium,47:41.1,,,,
1915,5,5386141,tot_remote,easy,24:48.7,,,,
1916,265,4041702,tot_remote,easy,15:49.2,,,,
1917,100,331372,semi_remote,easy,55:18.3,,,,
1918,4,4206386,tot_remote,easy,,,,,
1919,265,4266374,tot_remote,easy,57:14.9,,,,
1920,298,5532888,tot_remote,easy,40:41.8,,,,
1921,397,5075762,not_remote,easy,10:01.3,,,,
1922,2,5600585,not_clear_remote,easy,06:07.9,,,,
1923,34,4107880,temp_remote,easy,07:02.0,,,,
1924,331,4085837,tot_remote,easy,35:12.6,,,,
1925,232,4126307,semi_remote,easy,41:55.4,,,,
1926,133,5217530,not_remote,easy,13:04.7,,,,
1927,232,5399140,not_clear_remote,medium,25:38.1,,,,
1928,133,5129487,not_clear_remote,medium,37:56.1,,,,
1929,5,5409259,not_clear_remote,easy,29:51.5,,,,
1930,232,501194,not_remote,easy,53:08.2,,,,
1931,3,4191280,semi_presence,easy,31:15.6,,,,
1932,34,5007912,not_clear_remote,easy,07:03.6,,,,
1933,166,4144516,tot_remote,medium,45:08.4,,,,
1934,133,471929,tot_remote,medium,31:03.3,,,,
1935,100,4431275,tot_remote,easy,25:44.0,,,,
1936,4,4150682,not_clear_remote,easy,,,,,
1937,5,2046108,not_remote,easy,47:40.5,,,,
1938,298,5410527,semi_remote,easy,29:29.5,,,,
1939,331,5627673,semi_presence,easy,44:53.7,,,,
1940,5,4135641,tot_remote,easy,14:57.6,,,,
1941,67,5397478,tot_remote,medium,25:32.0,,,,
1942,133,5033682,not_clear_remote,medium,07:35.6,,,,
1943,4,5646725,tot_remote,easy,,,,,
1944,5,4052509,temp_remote,easy,02:49.6,,,,
1945,232,3713033,not_remote,easy,11:18.5,,,,
1946,265,5547148,tot_remote,easy,17:03.5,,,,
1947,100,5337056,tot_remote,easy,51:34.7,,,,
1948,133,4149036,tot_remote,easy,18:19.6,,,,
1949,5,521720,tot_remote,easy,24:54.1,,,,
1950,5,4154966,not_remote,easy,16:18.4,,,,
1951,166,1820680,not_remote,medium,39:53.0,,,,
1952,34,4616597,not_clear_remote,easy,25:33.7,,,,
1953,2,5230168,not_clear_remote,easy,49:24.7,,,,
1954,3,5165948,not_clear_remote,medium,27:52.7,,,,
1955,34,4640469,tot_remote,easy,13:37.7,,,,
1956,3,5628665,semi_presence,easy,26:16.6,,,,
1957,265,4460740,tot_remote,easy,12:43.0,,,,
1958,232,5135544,tot_remote,easy,17:36.5,,,,
1959,298,5630666,semi_remote,easy,11:51.3,,,,
1960,265,4049918,tot_remote,easy,48:24.1,,,,
1961,397,4216391,tot_remote,easy,47:12.9,,,,
1962,5,3523941,not_remote,easy,25:58.7,,,,
1963,34,635685,not_clear_remote,easy,30:44.1,,,,
1964,3,4209187,tot_remote,easy,33:42.2,,,,
1965,5,5141713,semi_presence,easy,22:42.5,,,,
1966,133,3074608,not_remote,medium,02:10.5,,,,
1967,34,358841,tot_remote,easy,31:15.3,,,,
1968,133,3507578,not_remote,medium,21:52.3,,,,
1969,166,5491422,semi_presence,medium,42:47.2,,,,
1970,4,4098735,tot_remote,easy,,,,,
1971,67,5021775,semi_remote,easy,09:18.4,,,,
1972,3,4130530,tot_remote,easy,49:44.7,,,,
1973,133,3421529,tot_remote,easy,07:39.0,,,,
1974,199,5527709,not_clear_remote,easy,03:34.9,,,,
1975,4,4664884,semi_presence,easy,,,,,
1976,232,4247236,tot_remote,easy,19:32.5,,,,
1977,265,4413818,semi_remote,hard,36:50.1,,,,
1978,100,4081720,tot_remote,easy,04:42.4,,,,
1979,2,5589097,semi_presence,easy,45:04.7,,,,
1980,2,5226737,not_clear_remote,easy,26:02.7,,,,
1981,2,408091,tot_remote,easy,49:02.2,,,,
1982,4,4114098,semi_remote,easy,,,,,
1983,4,4035162,tot_remote,easy,,,,,
1984,166,4084119,tot_remote,easy,45:53.9,,,,
1985,3,3168842,not_remote,easy,25:40.0,,,,
1986,166,5250488,not_remote,medium,32:35.0,,,,
1987,2,4117939,not_clear_remote,easy,30:24.7,,,,
1988,3,4111933,tot_remote,easy,16:50.0,,,,
1989,298,4382449,tot_remote,medium,26:06.0,,,,
1990,4,4419022,not_remote,easy,,,,,
1991,67,5642077,semi_presence,easy,37:34.0,,,,
1992,397,533979,not_remote,easy,,,,,
1993,397,2970644,tot_remote,easy,,,,,
1994,331,4126482,temp_remote,easy,41:46.6,,,,
1995,298,5536303,tot_remote,medium,49:04.5,,,,
1996,100,5290204,tot_remote,easy,12:13.0,,,,
1997,397,4605819,semi_presence,easy,33:45.9,,,,
1998,100,4144354,temp_remote,medium,22:31.4,,,,
1999,133,5549701,not_clear_remote,hard,34:15.1,,,,
2000,67,4064203,temp_remote,hard,41:16.5,,,,
2001,166,3277907,not_remote,medium,53:04.8,,,,
2002,34,4551161,tot_remote,easy,09:37.0,,,,
2003,4,5096242,tot_remote,easy,,,,,
2004,67,4103364,not_clear_remote,easy,09:05.6,,,,
2005,397,4025181,tot_remote,easy,05:52.9,,,,
2006,265,2064993,tot_remote,easy,14:55.3,,,,
2007,397,5158851,semi_remote,easy,01:32.9,,,,
2008,199,3956241,not_remote,easy,34:13.1,,,,
2009,100,5294438,tot_remote,easy,48:45.8,,,,
2010,67,4155113,tot_remote,easy,29:36.7,,,,
2011,3,4596471,not_clear_remote,easy,46:19.6,,,,
2012,232,4078642,semi_remote,easy,38:15.2,,,,
2013,265,203773,not_remote,medium,50:00.4,,,,
2014,166,5167070,semi_remote,medium,21:09.3,,,,
2015,232,293478,not_remote,easy,40:57.3,,,,
2016,265,4098977,tot_remote,easy,12:59.7,,,,
2017,265,4130178,semi_presence,easy,59:43.9,,,,
2018,3,4089069,not_clear_remote,medium,35:12.0,,,,
2019,331,4074969,not_clear_remote,medium,48:39.4,,,,
2020,3,4110235,semi_remote,easy,07:26.8,,,,
2021,4,4239287,temp_remote,easy,,,,,
2022,4,4094539,tot_remote,easy,,,,,
2023,34,5657602,not_clear_remote,easy,02:35.1,,,,
2024,4,4617655,not_clear_remote,easy,,,,,
2025,4,5560177,tot_remote,easy,,,,,
2026,5,5531797,tot_remote,easy,49:33.5,,,,
2027,232,3616474,not_remote,easy,05:46.3,,,,
2028,5,4026171,semi_remote,easy,34:55.1,,,,
2029,2,5658121,not_remote,easy,25:11.8,,,,
2030,5,4115829,not_clear_remote,easy,02:30.6,,,,
2031,5,4433417,not_clear_remote,easy,28:44.0,,,,
2032,4,3794615,semi_presence,easy,,,,,
2033,199,4147405,semi_presence,medium,25:18.7,,,,
2034,4,5568670,semi_remote,easy,,,,,
2035,199,4128691,temp_remote,easy,50:20.4,,,,
2036,67,5364290,tot_remote,easy,10:06.2,,,,
2037,4,4303400,tot_remote,medium,,,,,
2038,166,5549366,semi_presence,medium,39:39.0,,,,
2039,298,311586,tot_remote,easy,01:09.0,,,,
2040,133,5271301,not_clear_remote,easy,20:16.6,,,,
2041,4,4135314,not_clear_remote,medium,,,,,
2042,5,4046496,temp_remote,easy,54:36.1,,,,
2043,4,5271932,semi_presence,easy,,,,,
2044,265,4131498,temp_remote,easy,58:14.3,,,,
2045,199,4124477,tot_remote,easy,04:09.2,,,,
2046,67,4500319,semi_presence,easy,00:29.4,,,,
2047,265,4125637,semi_remote,easy,58:43.9,,,,
2048,298,5217585,tot_remote,easy,30:34.1,,,,
2049,67,4034772,temp_remote,easy,56:13.9,,,,
2050,232,5642759,semi_remote,easy,30:33.2,,,,
2051,4,5347511,tot_remote,easy,,,,,
2052,100,4138915,tot_remote,easy,55:46.5,,,,
2053,3,4087717,semi_presence,medium,26:03.2,,,,
2054,4,5099637,semi_remote,medium,,,,,
2055,298,3956241,not_remote,easy,16:20.5,,,,
2056,397,4102551,temp_remote,easy,00:08.8,,,,
2057,397,2265710,tot_remote,easy,,,,,
2058,2,5447417,tot_remote,easy,32:04.4,,,,
2059,2,4064037,tot_remote,easy,26:39.7,,,,
2060,34,5119282,not_remote,easy,38:16.8,,,,
2061,5,5092561,semi_presence,medium,19:31.8,,,,
2062,133,4143774,not_clear_remote,medium,00:56.8,,,,
2063,199,4238290,tot_remote,easy,08:12.5,,,,
2064,3,4080236,temp_remote,easy,46:47.8,,,,
2065,232,4193334,tot_remote,easy,01:46.6,,,,
2066,265,5502414,not_remote,medium,14:10.9,,,,
2067,4,4626670,tot_remote,easy,,,,,
2068,5,4017434,temp_remote,easy,45:51.7,,,,
2069,67,4063229,tot_remote,easy,41:43.3,,,,
2070,166,4209504,tot_remote,easy,34:15.7,,,,
2071,100,4538128,tot_remote,easy,41:55.7,,,,
2072,232,4109234,not_clear_remote,easy,01:15.0,,,,
2073,232,4333165,tot_remote,easy,55:01.2,,,,
2074,265,4086001,tot_remote,easy,25:51.1,,,,
2075,5,5589832,semi_presence,easy,22:07.5,,,,
2076,2,5581416,semi_presence,easy,17:41.3,,,,
2077,397,3930385,tot_remote,easy,45:41.8,,,,
2078,4,4281570,semi_remote,easy,,,,,
2079,3,5072728,tot_remote,easy,20:29.7,,,,
2080,232,5248816,not_clear_remote,easy,19:33.1,,,,
2081,100,3786887,not_remote,easy,27:17.0,,,,
2082,3,4527919,not_remote,easy,09:37.7,,,,
2083,2,4473349,temp_remote,easy,00:21.3,,,,
2084,298,3819904,semi_presence,medium,36:53.1,,,,
2085,4,3834712,not_clear_remote,hard,,,,,
2086,232,5352780,semi_presence,easy,28:27.8,,,,
2087,265,5369803,tot_remote,easy,35:09.2,,,,
2088,199,3041011,not_remote,easy,54:15.6,,,,
2089,4,5632307,semi_presence,easy,,,,,
2090,2,5250488,not_remote,easy,56:30.9,,,,
2091,166,5642806,semi_presence,easy,41:13.4,,,,
2092,4,5562327,not_clear_remote,medium,,,,,
2093,2,4062557,not_clear_remote,easy,40:32.1,,,,
2094,199,5192260,not_remote,easy,47:48.4,,,,
2095,331,4089233,tot_remote,easy,06:26.0,,,,
2096,232,3137835,not_remote,easy,25:08.4,,,,
2097,298,4328136,tot_remote,medium,32:46.8,,,,
2098,331,3394281,tot_remote,easy,17:42.4,,,,
2099,100,4005026,tot_remote,easy,54:03.9,,,,
2100,34,4104783,tot_remote,medium,52:21.8,,,,
2101,2,4102551,temp_remote,easy,44:29.4,,,,
2102,3,5337833,tot_remote,easy,05:51.6,,,,
2103,166,5285558,semi_remote,medium,00:25.2,,,,
2104,265,5479039,semi_presence,medium,33:49.6,,,,
2105,67,5517590,semi_presence,easy,29:01.6,,,,
2106,133,4079879,tot_remote,easy,54:02.5,,,,
2107,331,1820680,not_clear_remote,medium,13:03.9,,,,
2108,3,5577231,semi_presence,medium,46:46.5,,,,
2109,298,5402251,semi_remote,easy,09:39.3,,,,
2110,34,4258989,not_clear_remote,easy,53:43.0,,,,
2111,4,4125448,tot_remote,easy,,,,,
2112,166,3394281,tot_remote,easy,35:46.8,,,,
2113,5,5475269,not_remote,easy,28:58.7,,,,
2114,232,1712443,not_remote,easy,45:11.5,,,,
2115,397,4060412,temp_remote,easy,01:56.5,,,,
2116,166,4269401,tot_remote,medium,33:44.9,,,,
2117,331,5301965,tot_remote,easy,30:23.8,,,,
2118,3,4623326,tot_remote,easy,45:39.8,,,,
2119,199,1019429,not_remote,easy,08:02.0,,,,
2120,3,4179538,temp_remote,easy,37:22.8,,,,
2121,2,4057269,temp_remote,easy,20:35.8,,,,
2122,232,5581051,semi_presence,easy,20:00.2,,,,
2123,100,4106818,semi_remote,easy,28:34.2,,,,
2124,4,4505192,semi_remote,medium,,,,,
2125,166,4118202,temp_remote,hard,34:28.4,,,,
2126,265,4046927,tot_remote,easy,20:24.4,,,,
2127,5,5457855,semi_presence,easy,13:50.8,,,,
2128,331,5101084,not_clear_remote,medium,12:54.8,,,,
2129,67,3269802,semi_remote,easy,20:32.3,,,,
2130,4,4151693,temp_remote,easy,,,,,
2131,232,5158735,semi_remote,easy,44:43.1,,,,
2132,232,4199937,semi_presence,easy,49:44.4,,,,
2133,199,3532506,not_remote,easy,01:49.5,,,,
2134,298,5107024,tot_remote,easy,38:11.6,,,,
2135,133,4410623,temp_remote,easy,52:42.4,,,,
2136,67,5547325,not_clear_remote,medium,11:48.1,,,,
2137,298,5430429,tot_remote,easy,54:12.4,,,,
2138,331,997055,not_remote,easy,28:21.1,,,,
2139,397,3519313,not_remote,easy,,,,,
2140,298,4445900,not_remote,easy,34:56.4,,,,
2141,100,4119059,semi_remote,easy,07:42.9,,,,
2142,4,4112940,tot_remote,easy,,,,,
2143,265,3906560,semi_presence,medium,10:06.4,,,,
2144,397,2730258,semi_presence,easy,,,,,
2145,331,4349801,not_remote,easy,21:20.5,,,,
2146,3,4105133,not_clear_remote,medium,24:13.5,,,,
2147,298,4059705,not_remote,medium,21:29.1,,,,
2148,67,5597426,not_clear_remote,easy,35:31.3,,,,
2149,34,3823553,not_remote,easy,09:55.8,,,,
2150,133,5114008,not_remote,easy,01:29.5,,,,
2151,4,5342251,tot_remote,easy,,,,,
2152,199,5208922,tot_remote,easy,33:37.0,,,,
2153,67,3353148,semi_presence,easy,47:07.2,,,,
2154,100,419006,semi_remote,easy,14:21.4,,,,
2155,166,336912,tot_remote,medium,35:33.4,,,,
2156,3,4323019,semi_remote,easy,23:46.8,,,,
2157,166,3673314,not_remote,medium,19:35.1,,,,
2158,298,4120507,tot_remote,easy,53:10.4,,,,
2159,34,1273495,not_clear_remote,easy,07:43.6,,,,
2160,232,4154163,not_remote,easy,54:24.1,,,,
2161,133,4124364,not_clear_remote,medium,25:30.1,,,,
2162,331,4236151,not_remote,easy,28:01.9,,,,
2163,298,5472636,semi_remote,easy,28:49.8,,,,
2164,100,3052475,semi_remote,easy,36:06.8,,,,
2165,3,820159,not_remote,easy,30:52.9,,,,
2166,5,5231529,semi_remote,easy,30:57.1,,,,
2167,67,4462491,semi_remote,medium,53:41.6,,,,
2168,3,5352779,semi_remote,medium,09:28.8,,,,
2169,3,5485446,semi_presence,easy,37:56.1,,,,
2170,265,533979,not_remote,easy,54:38.1,,,,
2171,331,5509292,semi_presence,easy,15:49.0,,,,
2172,2,4064982,tot_remote,easy,27:38.5,,,,
2173,2,4268520,tot_remote,easy,58:51.0,,,,
2174,3,2974515,not_remote,easy,38:13.1,,,,
2175,67,5311857,not_remote,easy,11:12.9,,,,
2176,331,5160161,not_clear_remote,easy,14:30.8,,,,
2177,331,5273789,not_clear_remote,easy,15:06.9,,,,
2178,4,4061144,not_clear_remote,easy,,,,,
2179,4,4049811,semi_remote,easy,,,,,
2180,133,3945372,tot_remote,medium,41:26.1,,,,
2181,67,4020430,tot_remote,easy,40:15.1,,,,
2182,298,4266374,tot_remote,easy,12:11.1,,,,
2183,166,2547042,not_remote,hard,18:20.4,,,,
2184,5,4087775,semi_remote,easy,40:32.5,,,,
2185,232,4089900,tot_remote,easy,33:16.6,,,,
2186,331,4082802,temp_remote,easy,08:37.5,,,,
2187,133,3834686,not_clear_remote,hard,17:28.6,,,,
2188,298,5268776,semi_presence,easy,19:26.7,,,,
2189,5,3834686,not_clear_remote,medium,21:04.5,,,,
2190,265,4187668,temp_remote,easy,00:38.6,,,,
2191,199,4075210,not_clear_remote,easy,40:25.0,,,,
2192,4,4209187,tot_remote,easy,,,,,
2193,34,4198792,not_clear_remote,easy,48:30.5,,,,
2194,34,771792,tot_remote,easy,10:15.7,,,,
2195,4,4072347,tot_remote,easy,,,,,
2196,265,5302793,tot_remote,medium,55:03.7,,,,
2197,298,5354803,semi_remote,easy,15:15.2,,,,
2198,265,4109479,tot_remote,easy,54:52.8,,,,
2199,199,5557597,not_clear_remote,easy,30:30.6,,,,
2200,5,4152564,semi_remote,easy,19:14.0,,,,
2201,232,5329939,semi_remote,easy,56:32.5,,,,
2202,100,5597469,semi_remote,easy,07:06.2,,,,
2203,331,2415855,tot_remote,easy,42:35.4,,,,
2204,133,5400777,not_clear_remote,medium,43:46.7,,,,
2205,331,4116871,tot_remote,easy,57:38.2,,,,
2206,166,4089233,not_clear_remote,easy,05:34.1,,,,
2207,100,222997,tot_remote,easy,39:35.8,,,,
2208,67,4028531,tot_remote,hard,12:48.9,,,,
2209,331,4209504,semi_remote,medium,46:45.0,,,,
2210,166,3655154,tot_remote,medium,46:28.3,,,,
2211,4,5619250,not_remote,easy,,,,,
2212,166,5577345,tot_remote,medium,30:56.9,,,,
2213,100,644622,not_remote,easy,23:13.1,,,,
2214,166,4090858,tot_remote,easy,20:22.3,,,,
2215,265,4476871,semi_remote,easy,33:02.3,,,,
2216,100,5170160,not_clear_remote,medium,11:43.1,,,,
2217,3,5447329,not_remote,easy,25:55.3,,,,
2218,34,5642077,temp_remote,easy,04:27.8,,,,
2219,298,4054970,tot_remote,easy,21:51.0,,,,
2220,67,5163228,tot_remote,easy,28:26.9,,,,
2221,232,5486507,semi_remote,easy,24:08.2,,,,
2222,232,5264864,semi_remote,easy,29:34.6,,,,
2223,133,5282257,tot_remote,easy,17:11.5,,,,
2224,397,5463960,semi_presence,easy,05:02.6,,,,
2225,100,4133310,semi_remote,easy,03:16.5,,,,
2226,331,4127626,temp_remote,easy,44:41.0,,,,
2227,397,5386087,semi_remote,easy,41:36.6,,,,
2228,199,4500319,semi_presence,easy,55:33.5,,,,
2229,100,4655952,not_remote,easy,33:45.1,,,,
2230,34,4126115,semi_remote,easy,17:54.7,,,,
2231,3,4574921,not_clear_remote,easy,53:30.3,,,,
2232,133,5658941,not_clear_remote,medium,08:51.2,,,,
2233,4,4368453,tot_remote,easy,,,,,
2234,5,5088064,semi_presence,easy,15:22.2,,,,
2235,232,4349033,semi_remote,easy,08:42.7,,,,
2236,133,5633728,not_clear_remote,easy,25:58.4,,,,
2237,298,4316785,tot_remote,easy,44:14.6,,,,
2238,331,3110203,not_clear_remote,easy,57:17.3,,,,
2239,4,4266170,tot_remote,easy,,,,,
2240,199,5662440,not_clear_remote,medium,18:44.7,,,,
2241,34,5228261,not_remote,easy,22:04.4,,,,
2242,67,5371336,tot_remote,easy,30:33.6,,,,
2243,34,4503966,tot_remote,easy,50:34.7,,,,
2244,34,5609556,tot_remote,easy,48:55.4,,,,
2245,5,4068959,temp_remote,easy,41:24.7,,,,
2246,4,5649052,semi_remote,easy,,,,,
2247,133,4075025,temp_remote,easy,18:14.3,,,,
2248,67,405117,tot_remote,easy,51:06.0,,,,
2249,265,4500131,not_remote,medium,27:06.3,,,,
2250,4,5450080,semi_presence,easy,,,,,
2251,199,4083688,temp_remote,easy,35:49.8,,,,
2252,34,4110050,not_clear_remote,easy,58:26.8,,,,
2253,298,4388522,semi_remote,easy,57:08.8,,,,
2254,4,5170166,semi_remote,easy,,,,,
2255,5,5179417,semi_presence,easy,19:47.8,,,,
2256,298,4155082,semi_remote,medium,44:38.8,,,,
2257,67,4267590,not_clear_remote,medium,50:04.4,,,,
2258,232,4091956,not_remote,easy,31:30.2,,,,
2259,3,5123378,tot_remote,medium,39:43.1,,,,
2260,166,4070147,tot_remote,medium,24:04.0,,,,
2261,2,5629167,not_clear_remote,medium,37:15.4,,,,
2262,331,5172661,tot_remote,easy,29:17.7,,,,
2263,5,4145039,semi_remote,easy,34:05.8,,,,
2264,298,4083407,temp_remote,easy,57:33.3,,,,
2265,265,3782808,not_clear_remote,easy,33:05.2,,,,
2266,67,4058541,tot_remote,easy,27:54.7,,,,
2267,265,5034276,not_remote,easy,33:40.1,,,,
2268,4,4105653,semi_presence,medium,,,,,
2269,331,3655154,not_clear_remote,medium,15:54.1,,,,
2270,199,4012771,tot_remote,easy,35:22.3,,,,
2271,5,4089589,tot_remote,easy,37:36.7,,,,
2272,133,5300354,semi_presence,hard,13:46.3,,,,
2273,298,1934818,not_remote,easy,34:13.3,,,,
2274,2,423533,not_remote,easy,06:36.8,,,,
2275,298,354279,not_remote,medium,04:33.7,,,,
2276,232,5295181,semi_remote,easy,31:37.1,,,,
2277,199,4048512,tot_remote,easy,45:02.2,,,,
2278,265,4138649,tot_remote,easy,50:44.7,,,,
2279,298,4092213,temp_remote,easy,51:07.1,,,,
2280,133,4134606,tot_remote,easy,59:02.6,,,,
2281,298,4106615,tot_remote,easy,20:27.8,,,,
2282,5,468628,not_clear_remote,medium,23:19.9,,,,
2283,3,4440415,semi_remote,medium,33:00.8,,,,
2284,265,4547128,semi_presence,medium,49:30.5,,,,
2285,67,4126115,not_clear_remote,medium,09:45.1,,,,
2286,4,4043079,tot_remote,easy,,,,,
2287,133,4658664,temp_remote,easy,20:18.3,,,,
2288,232,5078586,semi_remote,easy,34:44.4,,,,
2289,199,5630729,semi_presence,easy,39:26.5,,,,
2290,3,4090545,tot_remote,easy,45:23.7,,,,
2291,5,5569196,not_remote,easy,39:09.9,,,,
2292,5,5596312,semi_presence,easy,13:46.6,,,,
2293,34,5355187,not_clear_remote,easy,29:21.6,,,,
2294,331,4294797,temp_remote,easy,38:46.8,,,,
2295,331,5231235,tot_remote,easy,29:01.1,,,,
2296,67,4574311,not_clear_remote,medium,12:09.2,,,,
2297,67,4107835,temp_remote,easy,09:46.9,,,,
2298,100,4348379,semi_remote,easy,37:09.2,,,,
2299,265,5597409,semi_presence,easy,04:32.8,,,,
2300,298,3399414,not_remote,easy,08:19.2,,,,
2301,67,3608193,not_remote,easy,44:47.4,,,,
2302,133,301996,not_remote,hard,09:27.2,,,,
2303,100,5097980,not_remote,easy,00:26.5,,,,
2304,199,4126049,tot_remote,easy,53:38.6,,,,
2305,166,377717,tot_remote,easy,56:49.9,,,,
2306,4,5098130,tot_remote,easy,,,,,
2307,34,5165460,not_clear_remote,easy,11:26.0,,,,
2308,3,4050310,tot_remote,easy,09:16.9,,,,
2309,232,5296768,semi_remote,easy,18:05.7,,,,
2310,331,5105651,not_clear_remote,easy,54:04.2,,,,
2311,100,4448000,not_clear_remote,medium,31:41.5,,,,
2312,4,4311043,tot_remote,easy,,,,,
2313,133,4110900,tot_remote,easy,03:44.3,,,,
2314,3,5342113,semi_remote,easy,03:59.6,,,,
2315,166,4116593,not_clear_remote,medium,42:43.1,,,,
2316,166,4377050,tot_remote,easy,14:31.2,,,,
2317,298,5222352,tot_remote,easy,11:16.5,,,,
2318,331,4562413,tot_remote,medium,00:34.5,,,,
2319,100,5085414,not_clear_remote,medium,47:20.3,,,,
2320,298,4090359,tot_remote,easy,54:44.2,,,,
2321,232,4046215,temp_remote,easy,27:13.6,,,,
2322,133,5310812,temp_remote,easy,01:49.7,,,,
2323,397,5501418,semi_remote,easy,04:41.4,,,,
2324,100,1524704,semi_remote,easy,02:45.8,,,,
2325,100,3887645,not_remote,easy,28:40.4,,,,
2326,5,5252603,not_remote,easy,44:01.9,,,,
2327,133,2970644,tot_remote,easy,01:15.6,,,,
2328,298,4538042,tot_remote,easy,44:31.6,,,,
2329,100,4029594,semi_presence,easy,07:38.4,,,,
2330,397,2622733,not_remote,easy,,,,,
2331,100,5622905,semi_remote,medium,14:32.2,,,,
2332,100,5592552,tot_remote,easy,40:20.1,,,,
2333,133,4064044,tot_remote,medium,34:09.3,,,,
2334,4,4212287,semi_remote,easy,,,,,
2335,199,4072452,tot_remote,easy,30:19.2,,,,
2336,133,4087517,temp_remote,easy,38:15.6,,,,
2337,3,4047976,tot_remote,easy,17:45.3,,,,
2338,133,3730162,not_clear_remote,medium,50:35.2,,,,
2339,34,5446448,not_remote,easy,06:24.4,,,,
2340,67,4050052,tot_remote,easy,29:52.7,,,,
2341,4,4082085,tot_remote,easy,,,,,
2342,133,5325481,not_clear_remote,hard,29:09.6,,,,
2343,199,696778,not_remote,easy,25:33.4,,,,
2344,133,4129962,semi_presence,easy,00:24.6,,,,
2345,133,5368924,not_remote,medium,19:11.8,,,,
2346,199,5142902,tot_remote,easy,54:49.5,,,,
2347,397,5506448,not_remote,easy,28:19.7,,,,
2348,2,4370978,not_clear_remote,easy,42:24.4,,,,
2349,4,5384613,semi_remote,medium,,,,,
2350,100,4126168,temp_remote,medium,28:12.6,,,,
2351,166,4359451,not_remote,easy,31:29.7,,,,
2352,34,4320968,tot_remote,easy,00:19.0,,,,
2353,199,4087796,tot_remote,easy,51:13.9,,,,
2354,232,5038151,semi_presence,easy,55:10.6,,,,
2355,4,4087517,temp_remote,easy,,,,,
2356,34,4091887,tot_remote,easy,34:43.1,,,,
2357,4,4185439,tot_remote,easy,,,,,
2358,199,5067029,tot_remote,easy,43:01.3,,,,
2359,4,4063008,tot_remote,easy,,,,,
2360,166,4080459,tot_remote,medium,56:01.5,,,,
2361,397,4155156,tot_remote,easy,40:20.4,,,,
2362,133,4131428,tot_remote,easy,19:26.4,,,,
2363,298,5263129,semi_presence,easy,24:52.9,,,,
2364,298,5300600,semi_remote,easy,35:27.4,,,,
2365,3,4078590,not_clear_remote,easy,44:51.4,,,,
2366,4,4149036,tot_remote,easy,,,,,
2367,199,5625212,tot_remote,easy,53:46.6,,,,
2368,397,5136723,semi_remote,easy,00:29.3,,,,
2369,265,4208344,tot_remote,easy,57:36.5,,,,
2370,4,4127269,tot_remote,easy,,,,,
2371,67,4092706,tot_remote,easy,25:11.1,,,,
2372,265,4132795,temp_remote,easy,35:34.8,,,,
2373,133,4085892,tot_remote,easy,56:43.0,,,,
2374,133,4135641,not_clear_remote,easy,07:17.7,,,,
2375,298,5148137,tot_remote,easy,48:04.5,,,,
2376,4,4515097,semi_remote,easy,,,,,
2377,4,4074422,temp_remote,easy,,,,,
2378,67,4531983,not_clear_remote,hard,03:43.4,,,,
2379,199,5189084,tot_remote,easy,58:14.5,,,,
2380,298,1765399,tot_remote,easy,42:56.4,,,,
2381,3,5551953,semi_remote,medium,10:54.3,,,,
2382,397,3481903,tot_remote,easy,,,,,
2383,4,5273892,not_clear_remote,medium,,,,,
2384,34,4531983,tot_remote,easy,15:44.1,,,,
2385,166,5201238,tot_remote,medium,40:31.5,,,,
2386,199,4070618,tot_remote,easy,40:38.9,,,,
2387,298,3983609,semi_remote,easy,31:36.6,,,,
2388,4,5432021,not_remote,easy,,,,,
2389,133,5557366,not_remote,hard,12:11.9,,,,
2390,133,4486761,not_clear_remote,easy,02:14.6,,,,
2391,397,5150520,semi_remote,easy,12:35.9,,,,
2392,3,5116392,tot_remote,easy,39:14.4,,,,
2393,133,4342200,tot_remote,medium,35:10.8,,,,
2394,232,4092912,tot_remote,easy,28:44.7,,,,
2395,34,5528898,tot_remote,easy,59:59.1,,,,
2396,100,4047367,temp_remote,easy,49:54.9,,,,
2397,199,4170773,tot_remote,easy,00:44.1,,,,
2398,331,5577345,tot_remote,easy,51:12.0,,,,
2399,199,4088635,not_clear_remote,easy,03:05.9,,,,
2400,4,5362625,semi_presence,easy,,,,,
2401,397,3616474,not_remote,easy,,,,,
2402,5,5168519,not_remote,easy,19:31.0,,,,
2403,331,4496579,not_clear_remote,easy,42:12.0,,,,
2404,4,5603842,not_clear_remote,hard,,,,,
2405,4,4264039,not_clear_remote,easy,,,,,
2406,34,3374230,semi_presence,medium,58:04.2,,,,
2407,397,5421335,semi_remote,easy,01:24.3,,,,
2408,199,5445963,tot_remote,easy,32:26.7,,,,
2409,331,4099902,tot_remote,easy,56:28.1,,,,
2410,298,4061619,semi_remote,easy,21:01.3,,,,
2411,199,5289848,not_remote,easy,06:44.8,,,,
2412,100,5064314,semi_presence,easy,09:52.6,,,,
2413,199,5200020,semi_remote,easy,37:23.5,,,,
2414,298,5597409,semi_remote,medium,20:07.2,,,,
2415,166,518805,not_clear_remote,easy,26:20.5,,,,
2416,298,4232951,tot_remote,easy,26:54.4,,,,
2417,3,3357160,not_remote,medium,31:31.5,,,,
2418,2,234566,not_clear_remote,easy,25:35.2,,,,
2419,67,4090430,not_clear_remote,hard,53:18.9,,,,
2420,3,1287782,not_remote,easy,34:12.1,,,,
2421,67,456345,tot_remote,easy,36:22.6,,,,
2422,5,5172661,tot_remote,easy,54:08.1,,,,
2423,199,4376019,not_clear_remote,easy,06:12.2,,,,
2424,4,4090283,semi_remote,easy,,,,,
2425,3,5500991,tot_remote,easy,25:21.7,,,,
2426,199,4050052,tot_remote,easy,07:33.8,,,,
2427,100,5569590,tot_remote,easy,27:32.4,,,,
2428,4,4153954,tot_remote,easy,,,,,
2429,298,4045589,not_clear_remote,medium,53:22.2,,,,
2430,232,4033551,tot_remote,easy,28:53.0,,,,
2431,100,4132147,tot_remote,medium,18:45.2,,,,
2432,397,3788816,semi_presence,easy,37:45.5,,,,
2433,100,5123378,tot_remote,easy,44:58.5,,,,
2434,265,4051033,tot_remote,easy,32:47.2,,,,
2435,67,5522916,semi_presence,hard,35:06.4,,,,
2436,166,5376890,semi_remote,medium,37:08.0,,,,
2437,199,5657326,semi_presence,easy,36:06.8,,,,
2438,298,5415292,semi_remote,easy,54:54.6,,,,
2439,34,5088672,semi_remote,easy,54:57.9,,,,
2440,2,3361061,not_remote,easy,15:40.3,,,,
2441,397,5018192,semi_remote,easy,10:43.7,,,,
2442,67,4551161,tot_remote,easy,03:10.9,,,,
2443,34,5485087,not_remote,easy,11:38.7,,,,
2444,265,5263015,semi_presence,easy,14:04.6,,,,
2445,331,4087743,not_clear_remote,medium,52:09.7,,,,
2446,34,5630743,semi_presence,easy,49:24.3,,,,
2447,199,5035189,not_remote,easy,02:24.2,,,,
2448,298,4221383,semi_remote,easy,35:55.6,,,,
2449,4,4621211,tot_remote,easy,,,,,
2450,34,5568452,semi_remote,easy,49:56.8,,,,
2451,100,4367288,tot_remote,easy,46:10.5,,,,
2452,34,5271752,not_remote,easy,05:38.6,,,,
2453,5,5191781,semi_remote,easy,11:27.7,,,,
2454,5,1726273,not_remote,easy,40:56.5,,,,
2455,100,4149681,tot_remote,easy,06:30.4,,,,
2456,199,5031433,not_clear_remote,easy,51:59.9,,,,
2457,298,2822655,not_remote,easy,51:29.7,,,,
2458,67,4132023,not_clear_remote,easy,54:49.3,,,,
2459,331,5197020,tot_remote,easy,34:27.9,,,,
2460,298,4197759,semi_remote,easy,56:48.0,,,,
2461,4,5601240,not_clear_remote,easy,,,,,
2462,232,5560177,tot_remote,easy,44:47.7,,,,
2463,133,5096110,not_clear_remote,hard,03:15.2,,,,
2464,199,4154799,tot_remote,easy,49:34.8,,,,
2465,232,3520006,not_remote,easy,35:22.8,,,,
2466,298,4279002,tot_remote,easy,50:24.8,,,,
2467,331,5354504,not_clear_remote,easy,42:52.6,,,,
2468,199,5122440,not_remote,easy,26:55.5,,,,
2469,397,3704729,not_remote,easy,,,,,
2470,265,3000330,not_remote,easy,27:38.5,,,,
2471,100,5559081,semi_remote,medium,13:51.7,,,,
2472,5,742847,tot_remote,medium,04:57.7,,,,
2473,2,3185366,semi_remote,medium,31:30.5,,,,
2474,265,244485,tot_remote,easy,56:41.5,,,,
2475,397,3237326,tot_remote,easy,,,,,
2476,298,4142948,tot_remote,easy,43:49.5,,,,
2477,397,5497179,semi_remote,easy,09:30.6,,,,
2478,34,5348292,not_clear_remote,easy,37:09.5,,,,
2479,265,4250546,temp_remote,easy,55:06.1,,,,
2480,331,4154368,tot_remote,easy,50:27.6,,,,
2481,5,677456,not_clear_remote,easy,04:33.4,,,,
2482,133,5319914,tot_remote,easy,07:58.8,,,,
2483,397,3000330,not_remote,easy,,,,,
2484,3,4448000,semi_remote,medium,01:13.9,,,,
2485,100,4136592,temp_remote,medium,29:26.1,,,,
2486,331,5603708,semi_presence,easy,17:24.3,,,,
2487,3,5229139,not_remote,easy,21:09.8,,,,
2488,397,5556357,tot_remote,easy,08:11.0,,,,
2489,34,2866514,semi_presence,easy,58:59.6,,,,
2490,232,4650358,tot_remote,easy,37:50.5,,,,
2491,67,5296514,tot_remote,medium,07:48.5,,,,
2492,4,5202285,semi_remote,medium,,,,,
2493,4,5650140,not_remote,medium,,,,,
2494,265,4063010,semi_presence,medium,51:52.6,,,,
2495,67,3514875,not_remote,easy,24:23.7,,,,
2496,232,5150520,semi_remote,easy,37:39.3,,,,
2497,67,3005374,tot_remote,easy,11:36.1,,,,
2498,397,4139240,tot_remote,easy,29:41.3,,,,
2499,4,4272239,semi_presence,medium,,,,,
2500,265,5665707,temp_remote,easy,51:32.3,,,,
2501,265,4108407,tot_remote,easy,50:02.3,,,,
2502,397,5565689,semi_remote,easy,05:52.8,,,,
2503,331,2547042,not_remote,easy,50:14.7,,,,
2504,4,5542140,not_remote,easy,,,,,
2505,265,5141808,tot_remote,easy,56:15.6,,,,
2506,166,5593298,semi_presence,easy,01:37.9,,,,
2507,100,4114462,temp_remote,easy,36:20.4,,,,
2508,133,4509197,not_remote,easy,38:03.8,,,,
2509,3,4021248,temp_remote,easy,12:54.1,,,,
2510,5,5574504,semi_presence,easy,36:36.4,,,,
2511,265,3865348,not_remote,hard,14:33.9,,,,
2512,4,5271463,semi_presence,easy,,,,,
2513,2,616151,semi_remote,easy,31:58.0,,,,
2514,100,5512174,not_clear_remote,medium,27:44.3,,,,
2515,2,4127510,tot_remote,easy,33:28.6,,,,
2516,67,5143440,not_clear_remote,medium,41:25.0,,,,
2517,5,5340502,semi_presence,easy,16:03.7,,,,
2518,133,4220753,tot_remote,easy,04:53.3,,,,
2519,100,4124597,not_remote,hard,48:39.3,,,,
2520,397,5596368,not_remote,medium,02:31.4,,,,
2521,3,3927666,semi_presence,easy,31:06.6,,,,
2522,67,5569243,semi_presence,easy,08:22.9,,,,
2523,34,5134266,not_remote,easy,02:47.9,,,,
2524,166,4110736,tot_remote,easy,49:53.1,,,,
2525,397,5362721,semi_remote,easy,38:39.8,,,,
2526,100,1021201,not_remote,easy,26:28.9,,,,
2527,265,4112536,tot_remote,easy,47:09.5,,,,
2528,4,4566314,not_clear_remote,easy,,,,,
2529,34,4096279,tot_remote,easy,16:39.9,,,,
2530,67,4087690,tot_remote,easy,00:41.5,,,,
2531,2,4377001,not_clear_remote,easy,00:07.8,,,,
2532,199,5100631,tot_remote,easy,15:22.8,,,,
2533,100,4105646,semi_remote,medium,06:27.3,,,,
2534,199,4104519,temp_remote,easy,30:10.6,,,,
2535,4,5008773,tot_remote,easy,,,,,
2536,100,5067496,not_clear_remote,medium,19:22.1,,,,
2537,133,5088064,not_clear_remote,medium,02:24.6,,,,
2538,34,4268276,not_remote,easy,11:19.9,,,,
2539,298,4012667,tot_remote,easy,09:59.1,,,,
2540,4,5552726,tot_remote,easy,,,,,
2541,199,5575992,not_remote,easy,08:37.2,,,,
2542,67,5203238,not_remote,medium,40:46.6,,,,
2543,2,4282278,not_clear_remote,easy,00:22.0,,,,
2544,34,4032874,temp_remote,easy,02:17.8,,,,
2545,265,5377495,tot_remote,easy,34:10.9,,,,
2546,199,4252377,semi_presence,easy,14:44.5,,,,
2547,232,4464208,semi_remote,easy,56:55.5,,,,
2548,265,4444363,semi_remote,easy,13:22.9,,,,
2549,133,3655425,not_remote,hard,08:15.6,,,,
2550,4,4193334,tot_remote,easy,,,,,
2551,67,5179933,temp_remote,easy,51:08.9,,,,
2552,265,3074618,semi_presence,medium,26:47.3,,,,
2553,199,5194904,not_clear_remote,easy,48:13.8,,,,
2554,133,5589868,semi_presence,easy,21:39.1,,,,
2555,67,4483421,tot_remote,easy,14:29.0,,,,
2556,298,5174855,semi_presence,easy,41:05.8,,,,
2557,67,3998782,not_clear_remote,medium,58:25.4,,,,
2558,199,5424605,not_clear_remote,medium,58:58.9,,,,
2559,34,3005374,not_clear_remote,easy,02:03.6,,,,
2560,4,4100238,tot_remote,easy,,,,,
2561,397,4079695,not_remote,easy,33:31.5,,,,
2562,265,5583236,not_remote,easy,06:57.5,,,,
2563,265,5027946,semi_presence,easy,48:57.9,,,,
2564,166,4065495,tot_remote,easy,29:31.5,,,,
2565,5,5379391,semi_remote,easy,25:19.4,,,,
2566,34,3695629,not_remote,easy,41:30.7,,,,
2567,331,4408201,not_clear_remote,medium,35:40.2,,,,
2568,199,4153669,not_clear_remote,easy,48:52.2,,,,
2569,3,3650657,not_remote,easy,53:21.3,,,,
2570,2,4059232,not_clear_remote,easy,43:25.0,,,,
2571,34,3927157,not_remote,easy,57:15.8,,,,
2572,100,3647085,not_remote,easy,47:41.8,,,,
2573,100,5116392,tot_remote,easy,32:02.7,,,,
2574,34,5621351,tot_remote,easy,30:54.7,,,,
2575,4,4080822,temp_remote,medium,,,,,
2576,232,5623384,semi_remote,easy,17:12.1,,,,
2577,265,5202285,semi_remote,medium,48:43.7,,,,
2578,265,4201728,semi_remote,easy,07:54.3,,,,
2579,5,5363632,not_remote,easy,27:35.8,,,,
2580,232,4289941,temp_remote,easy,52:52.3,,,,
2581,397,5366587,semi_remote,easy,37:46.7,,,,
2582,397,5639932,tot_remote,easy,36:45.8,,,,
2583,5,4496579,not_clear_remote,medium,40:48.1,,,,
2584,166,5400059,semi_presence,medium,40:06.3,,,,
2585,100,4310726,tot_remote,easy,03:52.6,,,,
2586,298,5619354,semi_remote,medium,48:48.0,,,,
2587,4,4466529,tot_remote,medium,,,,,
2588,199,484936,not_remote,easy,45:09.0,,,,
2589,34,4154899,temp_remote,easy,04:49.0,,,,
2590,3,5288467,semi_remote,medium,44:29.2,,,,
2591,232,5033346,not_remote,easy,12:07.6,,,,
2592,3,5595154,semi_presence,easy,30:24.3,,,,
2593,298,3640677,not_remote,medium,35:54.5,,,,
2594,232,5651885,semi_remote,easy,24:11.0,,,,
2595,199,4116039,temp_remote,easy,51:00.6,,,,
2596,100,4482498,temp_remote,easy,02:23.2,,,,
2597,166,1300923,semi_presence,medium,37:28.7,,,,
2598,100,4416279,semi_remote,medium,49:57.8,,,,
2599,5,4070273,tot_remote,easy,42:18.2,,,,
2600,199,4210677,not_remote,hard,49:29.7,,,,
2601,265,5217585,tot_remote,easy,00:58.5,,,,
2602,397,5145263,not_remote,medium,01:56.9,,,,
2603,2,5611397,semi_presence,easy,39:34.2,,,,
2604,232,5075317,tot_remote,easy,29:20.4,,,,
2605,331,2664304,semi_remote,easy,49:58.3,,,,
2606,199,3307670,semi_presence,medium,42:07.8,,,,
2607,3,5668112,semi_presence,easy,12:08.7,,,,
2608,232,4133401,tot_remote,easy,32:47.9,,,,
2609,298,4130178,semi_remote,easy,45:31.1,,,,
2610,5,4098569,temp_remote,medium,20:29.7,,,,
2611,166,4115506,not_clear_remote,hard,59:48.7,,,,
2612,2,5596368,semi_presence,easy,55:11.2,,,,
2613,265,5341430,semi_remote,medium,43:48.6,,,,
2614,4,5479039,semi_presence,medium,,,,,
2615,298,4581569,semi_remote,easy,32:56.3,,,,
2616,331,5450374,not_clear_remote,easy,36:25.0,,,,
2617,397,471929,tot_remote,medium,,,,,
2618,298,4297671,tot_remote,easy,31:27.0,,,,
2619,232,5534423,semi_presence,easy,25:38.8,,,,
2620,397,3360746,not_remote,easy,,,,,
2621,331,5386141,tot_remote,easy,17:16.4,,,,
2622,298,4153517,temp_remote,easy,57:34.1,,,,
2623,232,4368453,tot_remote,easy,21:38.5,,,,
2624,133,5146250,not_remote,easy,51:10.6,,,,
2625,232,3481903,tot_remote,easy,56:42.1,,,,
2626,331,5076358,not_remote,easy,38:09.8,,,,
2627,67,5169245,tot_remote,hard,25:32.8,,,,
2628,397,5513650,semi_remote,easy,31:44.5,,,,
2629,298,4067463,temp_remote,easy,27:29.2,,,,
2630,4,5629426,not_clear_remote,hard,,,,,
2631,34,5143440,not_clear_remote,easy,07:20.7,,,,
2632,3,5642550,semi_remote,easy,50:04.1,,,,
2633,3,3825040,tot_remote,easy,44:48.6,,,,
2634,265,5384613,semi_remote,medium,33:15.0,,,,
2635,133,4027321,not_remote,easy,08:09.6,,,,
2636,199,4133253,tot_remote,easy,28:34.6,,,,
2637,232,5116539,tot_remote,easy,51:41.0,,,,
2638,199,3784617,not_remote,medium,14:02.8,,,,
2639,331,4115506,temp_remote,easy,57:48.2,,,,
2640,34,5361497,not_clear_remote,easy,40:24.0,,,,
2641,232,5649052,semi_remote,easy,33:18.2,,,,
2642,199,4215468,temp_remote,easy,45:38.9,,,,
2643,397,4046448,temp_remote,easy,01:21.8,,,,
2644,331,2992060,semi_presence,easy,59:43.2,,,,
2645,4,4120390,tot_remote,medium,,,,,
2646,331,4103017,tot_remote,easy,21:51.3,,,,
2647,67,5483239,tot_remote,easy,26:07.6,,,,
2648,34,4065375,tot_remote,easy,45:34.3,,,,
2649,133,4045407,tot_remote,medium,38:28.7,,,,
2650,133,2427648,semi_remote,easy,42:25.1,,,,
2651,298,5553821,semi_remote,easy,55:22.4,,,,
2652,5,5217497,not_remote,easy,30:06.7,,,,
2653,232,5119450,tot_remote,easy,10:24.4,,,,
2654,265,4145159,tot_remote,easy,35:42.2,,,,
2655,34,2157663,not_clear_remote,easy,19:10.0,,,,
2656,232,4276011,tot_remote,easy,01:40.4,,,,
2657,331,5292728,not_remote,easy,34:23.0,,,,
2658,232,5338156,tot_remote,easy,57:49.8,,,,
2659,4,5491366,not_remote,easy,,,,,
2660,133,5442245,not_clear_remote,medium,57:01.9,,,,
2661,133,4296049,tot_remote,easy,05:03.0,,,,
2662,4,4155122,semi_remote,easy,,,,,
2663,133,5068846,not_clear_remote,easy,33:50.8,,,,
2664,298,539858,tot_remote,easy,49:54.8,,,,
2665,397,5404875,semi_remote,easy,53:53.7,,,,
2666,133,4114720,not_clear_remote,medium,49:17.6,,,,
2667,397,4193376,tot_remote,easy,43:51.6,,,,
2668,166,4152098,tot_remote,easy,34:51.5,,,,
2669,265,4365126,temp_remote,easy,12:53.3,,,,
2670,133,5482953,not_remote,easy,20:42.1,,,,
2671,67,4338268,not_remote,easy,09:45.0,,,,
2672,67,5014242,not_clear_remote,medium,38:37.9,,,,
2673,3,3053403,not_remote,easy,10:13.5,,,,
2674,133,4057506,not_clear_remote,medium,59:34.2,,,,
2675,2,5220369,not_clear_remote,easy,51:50.5,,,,
2676,331,4043948,tot_remote,easy,06:10.7,,,,
2677,133,5643257,not_remote,hard,18:53.1,,,,
2678,199,4045589,not_remote,easy,23:14.1,,,,
2679,100,5616301,semi_remote,medium,57:29.0,,,,
2680,331,4186674,not_clear_remote,hard,16:40.0,,,,
2681,199,4114337,not_clear_remote,easy,57:07.3,,,,
2682,166,2230157,not_remote,easy,25:59.2,,,,
2683,232,5098130,tot_remote,easy,05:59.1,,,,
2684,34,4048526,tot_remote,easy,06:30.5,,,,
2685,5,5442077,not_clear_remote,medium,11:56.4,,,,
2686,298,3081208,tot_remote,easy,45:26.0,,,,
2687,199,5259983,not_clear_remote,easy,37:41.0,,,,
2688,298,3690248,semi_remote,easy,21:18.7,,,,
2689,331,3186262,semi_presence,easy,31:12.3,,,,
2690,331,3326404,not_remote,easy,53:59.2,,,,
2691,4,4089900,tot_remote,easy,,,,,
2692,298,5133894,semi_remote,easy,12:29.7,,,,
2693,298,5477206,semi_remote,easy,29:42.1,,,,
2694,3,4233880,tot_remote,easy,26:59.5,,,,
2695,199,3820564,not_remote,easy,50:49.5,,,,
2696,133,5386398,tot_remote,easy,03:55.7,,,,
2697,4,4085724,tot_remote,easy,,,,,
2698,397,4619270,semi_remote,easy,34:05.5,,,,
2699,298,5517465,semi_remote,easy,40:24.2,,,,
2700,34,4078577,tot_remote,easy,25:51.3,,,,
2701,199,5634446,not_clear_remote,easy,36:55.3,,,,
2702,3,4212015,tot_remote,easy,33:01.3,,,,
2703,4,4229174,tot_remote,easy,,,,,
2704,34,4095080,temp_remote,easy,36:20.8,,,,
2705,34,1640009,not_clear_remote,easy,53:33.6,,,,
2706,331,4466238,not_clear_remote,easy,16:04.3,,,,
2707,34,5111330,tot_remote,easy,08:45.8,,,,
2708,133,5619156,not_clear_remote,medium,37:08.6,,,,
2709,331,4340961,tot_remote,easy,09:18.6,,,,
2710,133,5076872,not_remote,easy,32:51.9,,,,
2711,265,5590201,semi_presence,medium,47:04.1,,,,
2712,2,5288525,not_clear_remote,easy,42:25.9,,,,
2713,4,5643257,not_remote,hard,,,,,
2714,4,5080091,tot_remote,medium,,,,,
2715,67,4140782,semi_remote,medium,35:52.4,,,,
2716,5,4193911,semi_presence,easy,30:48.6,,,,
2717,298,3507999,not_remote,easy,28:44.9,,,,
2718,166,4134078,tot_remote,easy,23:47.9,,,,
2719,166,5482331,tot_remote,medium,00:55.8,,,,
2720,67,5628480,semi_remote,easy,16:44.1,,,,
2721,298,4074536,temp_remote,easy,24:33.4,,,,
2722,5,5571482,semi_presence,easy,36:20.5,,,,
2723,397,1196291,not_remote,easy,,,,,
2724,100,4137528,semi_presence,easy,30:17.9,,,,
2725,199,5337048,not_clear_remote,easy,22:43.3,,,,
2726,397,4049115,semi_presence,easy,11:54.5,,,,
2727,232,5301723,not_clear_remote,easy,32:25.2,,,,
2728,265,4398709,semi_remote,easy,36:30.5,,,,
2729,232,4641454,semi_remote,easy,36:28.7,,,,
2730,4,5301371,tot_remote,easy,,,,,
2731,5,3945372,tot_remote,easy,36:49.7,,,,
2732,232,4048027,not_clear_remote,easy,26:57.8,,,,
2733,331,5655049,not_remote,easy,18:30.1,,,,
2734,166,5140727,tot_remote,easy,58:48.9,,,,
2735,2,4050441,not_clear_remote,medium,15:26.3,,,,
2736,397,3451945,semi_presence,easy,40:39.3,,,,
2737,34,5387120,semi_remote,easy,58:07.4,,,,
2738,2,5616454,not_clear_remote,easy,31:17.9,,,,
2739,100,3986221,tot_remote,easy,35:37.8,,,,
2740,298,5424012,semi_remote,easy,36:09.0,,,,
2741,298,5407542,semi_remote,medium,37:14.2,,,,
2742,100,1671269,semi_remote,medium,27:57.1,,,,
2743,232,4077834,temp_remote,easy,37:38.4,,,,
2744,133,3848663,not_remote,medium,45:12.9,,,,
2745,331,4050578,temp_remote,easy,05:53.7,,,,
2746,232,4102288,temp_remote,easy,12:37.9,,,,
2747,298,4147405,semi_remote,easy,18:08.0,,,,
2748,67,4149431,tot_remote,easy,38:17.7,,,,
2749,4,5288467,semi_remote,medium,,,,,
2750,67,5095117,semi_remote,hard,18:47.7,,,,
2751,2,4134078,tot_remote,easy,33:40.9,,,,
2752,67,5407720,semi_presence,medium,34:40.8,,,,
2753,397,4148705,not_remote,easy,40:27.4,,,,
2754,298,4112536,tot_remote,easy,19:29.6,,,,
2755,5,4084891,not_clear_remote,easy,48:40.4,,,,
2756,397,5642806,semi_remote,easy,38:25.0,,,,
2757,298,5118497,not_remote,easy,55:23.1,,,,
2758,166,5262890,semi_remote,easy,33:15.5,,,,
2759,298,4564078,temp_remote,medium,42:09.0,,,,
2760,265,3819904,semi_remote,medium,20:37.8,,,,
2761,67,5579945,semi_presence,easy,21:50.3,,,,
2762,4,4059568,not_clear_remote,medium,,,,,
2763,133,3264586,not_remote,easy,24:55.3,,,,
2764,298,4158481,semi_remote,easy,50:01.5,,,,
2765,397,4077834,tot_remote,easy,32:13.5,,,,
2766,265,4327536,not_remote,medium,11:31.4,,,,
2767,3,5290204,tot_remote,easy,43:33.4,,,,
2768,331,4064039,tot_remote,easy,45:22.9,,,,
2769,397,1001280,tot_remote,medium,,,,,
2770,397,4186108,not_clear_remote,medium,39:39.0,,,,
2771,298,5080552,tot_remote,easy,30:03.7,,,,
2772,5,3028204,not_remote,easy,03:27.0,,,,
2773,232,4229322,tot_remote,easy,33:44.6,,,,
2774,3,4109130,not_clear_remote,easy,08:39.8,,,,
2775,100,4406798,semi_presence,medium,32:57.0,,,,
2776,298,4521811,tot_remote,easy,33:54.4,,,,
2777,199,5009320,tot_remote,easy,44:19.1,,,,
2778,2,4049115,not_clear_remote,easy,16:53.1,,,,
2779,166,1068824,semi_presence,easy,57:55.7,,,,
2780,397,4516784,semi_remote,easy,08:24.3,,,,
2781,3,3474741,semi_presence,easy,42:42.8,,,,
2782,5,3296124,not_remote,easy,46:43.2,,,,
2783,265,4012667,tot_remote,easy,49:41.6,,,,
2784,3,4091912,temp_remote,easy,01:21.3,,,,
2785,331,5587638,semi_remote,medium,29:44.9,,,,
2786,199,4208684,tot_remote,easy,24:25.9,,,,
2787,331,4154966,not_remote,easy,41:41.9,,,,
2788,232,4432832,semi_remote,easy,36:22.4,,,,
2789,3,5609726,semi_remote,easy,26:05.2,,,,
2790,4,4350634,semi_remote,medium,,,,,
2791,331,4103977,not_clear_remote,easy,35:23.2,,,,
2792,4,5577231,semi_presence,medium,,,,,
2793,67,4623183,not_remote,easy,56:39.3,,,,
2794,3,4064633,tot_remote,easy,21:01.1,,,,
2795,232,4030814,temp_remote,easy,10:07.2,,,,
2796,397,4149879,tot_remote,easy,40:50.8,,,,
2797,232,4043711,not_remote,easy,51:31.6,,,,
2798,3,603231,not_remote,easy,22:52.6,,,,
2799,331,4175353,not_clear_remote,easy,07:14.9,,,,
2800,397,4507313,semi_remote,easy,05:28.9,,,,
2801,67,4405493,semi_remote,hard,48:56.5,,,,
2802,4,5264864,semi_remote,easy,,,,,
2803,34,5479673,not_clear_remote,easy,02:26.5,,,,
2804,166,4181849,tot_remote,easy,35:25.9,,,,
2805,34,3957547,semi_presence,easy,22:26.1,,,,
2806,100,458251,tot_remote,easy,00:30.7,,,,
2807,100,5431806,not_clear_remote,medium,38:31.9,,,,
2808,265,4066332,not_clear_remote,easy,46:22.8,,,,
2809,34,2690782,not_remote,easy,42:47.3,,,,
2810,3,2775405,tot_remote,easy,37:12.4,,,,
2811,4,4057165,tot_remote,easy,,,,,
2812,4,5656374,semi_presence,medium,,,,,
2813,4,4082951,not_clear_remote,easy,,,,,
2814,166,4242139,semi_presence,medium,51:23.2,,,,
2815,133,4103044,tot_remote,medium,33:00.0,,,,
2816,67,4446733,not_clear_remote,medium,39:01.2,,,,
2817,166,3241376,not_remote,medium,28:25.8,,,,
2818,397,3628549,tot_remote,easy,,,,,
2819,4,4092882,tot_remote,easy,,,,,
2820,4,5075317,tot_remote,easy,,,,,
2821,265,4027335,temp_remote,easy,05:53.5,,,,
2822,331,5442077,not_clear_remote,easy,51:10.2,,,,
2823,5,4105291,semi_presence,easy,13:05.8,,,,
2824,232,5432021,not_remote,easy,35:55.4,,,,
2825,4,5089303,semi_remote,easy,,,,,
2826,4,4088107,temp_remote,easy,,,,,
2827,199,5088293,not_remote,easy,06:03.1,,,,
2828,100,4033004,temp_remote,medium,29:33.9,,,,
2829,331,5266613,not_clear_remote,easy,40:08.1,,,,
2830,166,5068592,semi_remote,easy,30:05.8,,,,
2831,67,5512076,semi_presence,easy,29:38.0,,,,
2832,4,4087788,semi_presence,easy,,,,,
2833,298,5644179,tot_remote,medium,47:49.2,,,,
2834,5,5105651,not_clear_remote,easy,07:35.8,,,,
2835,4,4163842,temp_remote,easy,,,,,
2836,3,4457371,temp_remote,easy,32:24.8,,,,
2837,4,5267013,not_clear_remote,easy,,,,,
2838,67,4145408,semi_remote,easy,54:57.9,,,,
2839,100,5543898,not_remote,easy,35:52.1,,,,
2840,199,5271701,not_clear_remote,easy,05:14.5,,,,
2841,34,3998782,not_clear_remote,easy,59:00.4,,,,
2842,34,4068539,tot_remote,easy,59:05.9,,,,
2843,67,4297995,tot_remote,easy,08:20.5,,,,
2844,3,3765727,not_remote,easy,52:28.6,,,,
2845,199,4244719,not_clear_remote,easy,08:26.0,,,,
2846,199,5315992,not_remote,easy,25:50.8,,,,
2847,34,1775438,tot_remote,easy,21:11.8,,,,
2848,100,4089763,tot_remote,easy,11:04.6,,,,
2849,3,4068589,temp_remote,easy,12:56.2,,,,
2850,4,4148338,semi_presence,easy,,,,,
2851,4,4070114,tot_remote,easy,,,,,
2852,4,4096535,temp_remote,easy,,,,,
2853,199,4221383,not_clear_remote,hard,48:15.7,,,,
2854,67,5134266,not_remote,easy,27:02.5,,,,
2855,166,4406881,tot_remote,easy,39:15.3,,,,
2856,3,4281570,semi_remote,easy,06:43.6,,,,
2857,331,4377050,tot_remote,medium,50:36.1,,,,
2858,2,565539,tot_remote,medium,09:41.3,,,,
2859,3,405122,semi_presence,easy,59:33.6,,,,
2860,166,4656717,semi_presence,medium,53:11.6,,,,
2861,34,4084190,temp_remote,easy,09:25.9,,,,
2862,4,4040142,tot_remote,easy,,,,,
2863,397,5086664,tot_remote,easy,02:19.5,,,,
2864,4,4125198,temp_remote,easy,,,,,
2865,331,5593298,semi_presence,easy,09:50.7,,,,
2866,199,5311857,not_remote,easy,25:06.7,,,,
2867,34,5550686,not_clear_remote,easy,18:48.7,,,,
2868,397,5113763,semi_presence,easy,02:30.5,,,,
2869,199,3081208,not_remote,medium,26:52.8,,,,
2870,34,5277922,not_clear_remote,easy,57:25.1,,,,
2871,5,5525522,tot_remote,easy,49:15.1,,,,
2872,199,5320485,not_clear_remote,easy,29:40.0,,,,
2873,5,4265712,tot_remote,medium,12:22.9,,,,
2874,34,5067496,not_clear_remote,easy,44:55.0,,,,
2875,34,5312655,semi_remote,easy,00:32.6,,,,
2876,166,1605295,not_clear_remote,easy,26:36.8,,,,
2877,265,5402251,semi_presence,easy,49:13.1,,,,
2878,199,771708,tot_remote,easy,20:52.7,,,,
2879,4,5027396,not_clear_remote,hard,,,,,
2880,100,2960425,tot_remote,easy,05:59.7,,,,
2881,67,5385422,tot_remote,easy,24:45.8,,,,
2882,331,4607485,tot_remote,easy,09:03.5,,,,
2883,331,5193928,not_clear_remote,medium,28:46.0,,,,
2884,397,3846391,not_remote,easy,41:00.9,,,,
2885,232,4154921,not_remote,easy,27:19.3,,,,
2886,265,5045327,semi_remote,easy,33:54.1,,,,
2887,100,3128352,not_clear_remote,hard,05:54.1,,,,
2888,100,5528898,tot_remote,easy,46:48.7,,,,
2889,100,4100766,semi_remote,medium,36:15.6,,,,
2890,2,5659783,not_remote,medium,41:41.2,,,,
2891,67,4221958,temp_remote,easy,05:25.9,,,,
2892,100,5023015,not_remote,easy,26:00.5,,,,
2893,34,597334,tot_remote,easy,55:56.3,,,,
2894,3,5646855,not_clear_remote,easy,10:34.6,,,,
2895,2,5627052,not_clear_remote,easy,34:33.0,,,,
2896,397,4641454,semi_remote,easy,32:05.7,,,,
2897,3,4123594,not_remote,easy,32:12.0,,,,
2898,4,5400777,not_clear_remote,medium,,,,,
2899,397,2951380,not_remote,medium,,,,,
2900,166,3409071,tot_remote,medium,24:16.1,,,,
2901,2,5193360,tot_remote,easy,09:53.0,,,,
2902,2,4103941,not_clear_remote,easy,23:10.8,,,,
2903,5,5079358,semi_remote,easy,30:51.4,,,,
2904,5,5309199,semi_presence,easy,03:52.7,,,,
2905,298,5088293,not_remote,easy,15:35.1,,,,
2906,331,4656717,not_clear_remote,easy,11:37.7,,,,
2907,298,5594262,semi_remote,easy,27:21.9,,,,
2908,67,4438194,not_remote,easy,25:52.6,,,,
2909,2,4110705,tot_remote,easy,02:58.4,,,,
2910,3,5308642,semi_presence,medium,53:15.6,,,,
2911,4,4118784,tot_remote,easy,,,,,
2912,4,4323019,semi_remote,easy,,,,,
2913,100,4238843,semi_remote,medium,47:55.3,,,,
2914,4,4640472,not_clear_remote,medium,,,,,
2915,5,4078325,temp_remote,easy,32:42.8,,,,
2916,5,3813013,not_clear_remote,easy,18:24.0,,,,
2917,232,5556357,tot_remote,easy,49:15.6,,,,
2918,100,5426881,semi_remote,easy,50:50.4,,,,
2919,4,5668112,semi_presence,easy,,,,,
2920,5,4091118,tot_remote,easy,34:16.6,,,,
2921,34,4147557,tot_remote,easy,12:14.1,,,,
2922,199,4090430,tot_remote,easy,20:11.2,,,,
2923,2,2976281,tot_remote,easy,25:08.1,,,,
2924,5,3110203,tot_remote,easy,21:57.0,,,,
2925,232,2528482,not_remote,easy,25:50.5,,,,
2926,298,3144693,not_remote,easy,41:30.1,,,,
2927,34,4141119,tot_remote,easy,29:17.7,,,,
2928,34,5594576,semi_presence,easy,21:11.7,,,,
2929,67,3860039,semi_presence,easy,57:53.0,,,,
2930,199,4538103,tot_remote,easy,50:50.2,,,,
2931,3,5032456,tot_remote,easy,40:48.1,,,,
2932,232,4080311,not_clear_remote,easy,35:13.8,,,,
2933,397,4068860,temp_remote,easy,10:17.1,,,,
2934,4,4057939,temp_remote,easy,,,,,
2935,133,392410,tot_remote,easy,40:49.9,,,,
2936,133,3994615,tot_remote,hard,44:50.3,,,,
2937,4,4084165,semi_presence,medium,,,,,
2938,199,5609135,semi_remote,easy,19:05.3,,,,
2939,331,4148993,tot_remote,easy,47:56.6,,,,
2940,4,4149839,not_clear_remote,medium,,,,,
2941,34,4064203,not_remote,easy,54:47.4,,,,
2942,34,5419301,semi_presence,easy,28:33.1,,,,
2943,34,4124597,not_remote,easy,35:43.2,,,,
2944,199,5097605,not_remote,easy,16:29.2,,,,
2945,199,5341544,not_remote,easy,12:15.8,,,,
2946,4,4103044,tot_remote,medium,,,,,
2947,397,2581060,not_remote,easy,,,,,
2948,166,5447583,tot_remote,easy,01:18.3,,,,
2949,397,5207149,semi_presence,easy,04:35.8,,,,
2950,397,5518113,semi_remote,easy,11:00.2,,,,
2951,67,4130194,not_clear_remote,medium,39:05.0,,,,
2952,133,1098090,not_remote,medium,17:30.1,,,,
2953,166,5478608,tot_remote,easy,04:13.4,,,,
2954,265,5293997,semi_remote,easy,56:51.5,,,,
2955,67,5189170,not_clear_remote,medium,53:21.9,,,,
2956,298,5347940,tot_remote,easy,14:47.5,,,,
2957,4,4298965,semi_remote,easy,,,,,
2958,2,3056511,not_clear_remote,easy,41:02.7,,,,
2959,199,5118641,not_remote,easy,31:34.4,,,,
2960,331,4093664,tot_remote,easy,42:52.1,,,,
2961,298,4070556,temp_remote,easy,06:46.5,,,,
2962,397,555296,tot_remote,easy,,,,,
2963,199,4103364,tot_remote,easy,22:52.7,,,,
2964,4,4482980,not_remote,hard,,,,,
2965,100,4015472,tot_remote,easy,35:59.7,,,,
2966,199,3514875,not_remote,medium,58:17.1,,,,
2967,133,4084163,temp_remote,easy,22:56.7,,,,
2968,4,5662099,not_remote,easy,,,,,
2969,232,3845192,not_remote,easy,01:05.2,,,,
2970,298,5084752,semi_remote,medium,56:20.7,,,,
2971,67,3761846,not_clear_remote,medium,10:46.4,,,,
2972,34,5224260,tot_remote,easy,25:08.3,,,,
2973,5,1098090,not_remote,medium,28:29.1,,,,
2974,166,4108097,tot_remote,easy,34:00.5,,,,
2975,166,5330137,semi_remote,easy,41:32.1,,,,
2976,265,695868,temp_remote,easy,31:51.6,,,,
2977,3,5523304,semi_remote,easy,36:41.5,,,,
2978,67,2954847,not_remote,easy,57:26.2,,,,
2979,397,4030814,tot_remote,easy,55:30.1,,,,
2980,133,5027396,not_clear_remote,hard,37:46.0,,,,
2981,331,5629320,not_clear_remote,easy,42:10.6,,,,
2982,166,3771691,semi_presence,medium,52:17.7,,,,
2983,34,544001,tot_remote,easy,56:45.4,,,,
2984,100,5308642,semi_remote,easy,26:10.3,,,,
2985,133,3297693,not_remote,medium,19:56.6,,,,
2986,298,4550379,semi_remote,easy,29:14.6,,,,
2987,4,4227294,temp_remote,easy,,,,,
2988,199,5638488,tot_remote,easy,54:02.7,,,,
2989,5,4155956,semi_presence,easy,23:34.8,,,,
2990,133,5008898,not_clear_remote,medium,54:44.1,,,,
2991,100,3695629,not_remote,easy,50:41.6,,,,
2992,199,1770558,tot_remote,medium,28:04.9,,,,
2993,5,5368924,not_remote,easy,06:14.3,,,,
2994,133,5578181,not_clear_remote,medium,03:52.7,,,,
2995,199,5469382,not_clear_remote,easy,35:53.6,,,,
2996,5,4059268,not_clear_remote,easy,14:36.0,,,,
2997,4,4091956,not_remote,easy,,,,,
2998,331,5478608,not_remote,easy,45:50.8,,,,
2999,34,4086132,temp_remote,easy,10:43.4,,,,
3000,4,4562751,semi_remote,easy,,,,,
3001,67,5662697,tot_remote,easy,01:02.2,,,,
3002,5,4074332,tot_remote,easy,52:28.3,,,,
3003,331,4425436,not_clear_remote,easy,34:30.3,,,,
3004,265,5360504,temp_remote,medium,37:08.1,,,,
3005,166,5038215,not_remote,easy,34:13.1,,,,
3006,331,5299740,semi_remote,easy,07:36.3,,,,
3007,4,4472212,not_remote,easy,,,,,
3008,5,4443361,not_remote,easy,35:32.7,,,,
3009,199,5302946,semi_remote,medium,19:46.4,,,,
3010,232,423533,not_remote,easy,20:26.4,,,,
3011,232,2698281,not_remote,easy,36:36.3,,,,
3012,5,4398636,semi_remote,easy,25:34.4,,,,
3013,265,5568035,semi_remote,easy,47:51.6,,,,
3014,166,5456646,semi_presence,hard,45:26.7,,,,
3015,3,5622905,semi_remote,easy,28:42.0,,,,
3016,397,5530006,semi_remote,medium,31:16.0,,,,
3017,298,5596356,semi_presence,medium,40:53.9,,,,
3018,133,5394574,tot_remote,easy,55:20.0,,,,
3019,67,4126929,temp_remote,easy,30:29.1,,,,
3020,3,5097980,not_remote,easy,51:41.6,,,,
3021,133,2947602,not_clear_remote,medium,17:53.3,,,,
3022,232,5170166,semi_remote,easy,52:42.5,,,,
3023,100,4280667,tot_remote,easy,29:13.6,,,,
3024,100,5031639,semi_presence,medium,58:23.2,,,,
3025,100,4091912,temp_remote,medium,31:16.7,,,,
3026,34,5316133,tot_remote,easy,17:03.2,,,,
3027,298,4460855,not_remote,easy,51:56.7,,,,
3028,34,4179501,tot_remote,easy,17:22.4,,,,
3029,100,3099126,semi_remote,medium,00:45.4,,,,
3030,232,5270587,semi_presence,medium,20:42.6,,,,
3031,199,4155113,tot_remote,easy,50:34.5,,,,
3032,100,4275499,semi_remote,easy,32:56.6,,,,
3033,331,5566203,semi_remote,easy,47:52.6,,,,
3034,67,5063283,tot_remote,easy,44:44.8,,,,
3035,2,3322474,tot_remote,easy,16:43.0,,,,
3036,67,5419301,semi_presence,easy,30:20.3,,,,
3037,100,5377926,not_clear_remote,medium,20:32.3,,,,
3038,4,4247236,tot_remote,easy,,,,,
3039,397,5603623,tot_remote,easy,57:19.6,,,,
3040,397,5427844,semi_remote,easy,55:58.6,,,,
3041,265,5644179,tot_remote,easy,24:51.3,,,,
3042,199,3462297,not_remote,easy,09:05.9,,,,
3043,4,5596317,semi_presence,easy,,,,,
3044,67,5621351,tot_remote,easy,23:14.7,,,,
3045,2,3277907,not_remote,easy,52:30.7,,,,
3046,166,4247240,tot_remote,medium,49:47.0,,,,
3047,67,3399968,tot_remote,easy,56:36.5,,,,
3048,4,5420835,semi_remote,easy,,,,,
3049,4,4091418,not_remote,medium,,,,,
3050,67,5473381,not_clear_remote,medium,36:50.5,,,,
3051,397,4335523,temp_remote,easy,13:18.3,,,,
3052,3,4367288,tot_remote,easy,14:36.2,,,,
3053,34,5517628,semi_presence,easy,42:17.5,,,,
3054,166,4166996,not_remote,medium,52:59.9,,,,
3055,2,4129892,tot_remote,easy,07:25.8,,,,
3056,199,4111394,tot_remote,easy,14:55.7,,,,
3057,3,5078573,tot_remote,easy,21:14.7,,,,
3058,166,3788824,tot_remote,easy,51:13.2,,,,
3059,166,5571342,semi_presence,easy,26:46.6,,,,
3060,4,4172047,tot_remote,easy,,,,,
3061,3,5049108,not_clear_remote,easy,12:44.5,,,,
3062,232,3668428,not_remote,easy,43:36.3,,,,
3063,166,5509292,semi_presence,easy,33:59.9,,,,
3064,34,5569590,tot_remote,easy,34:26.7,,,,
3065,5,4169831,tot_remote,easy,21:36.3,,,,
3066,232,4066825,temp_remote,easy,55:28.1,,,,
3067,34,4376348,not_remote,easy,56:45.5,,,,
3068,34,4034868,temp_remote,easy,02:10.3,,,,
3069,100,3374230,not_remote,easy,09:50.4,,,,
3070,232,5573308,semi_presence,easy,52:02.5,,,,
3071,298,4051268,temp_remote,medium,42:09.5,,,,
3072,34,5491251,not_remote,easy,08:51.2,,,,
3073,67,4081717,temp_remote,easy,12:20.1,,,,
3074,3,4485031,semi_remote,medium,43:55.8,,,,
3075,199,4061619,tot_remote,easy,05:07.1,,,,
3076,133,4303391,semi_remote,easy,48:19.8,,,,
3077,331,5488873,not_remote,medium,07:05.4,,,,
3078,265,4176512,temp_remote,easy,55:28.2,,,,
3079,166,4107178,temp_remote,medium,25:57.8,,,,
3080,397,5537049,tot_remote,easy,33:09.6,,,,
3081,133,4630063,tot_remote,medium,56:43.4,,,,
3082,5,5546772,tot_remote,easy,47:31.5,,,,
3083,3,5261665,tot_remote,easy,30:44.9,,,,
3084,4,5397215,semi_remote,easy,,,,,
3085,166,4085837,tot_remote,medium,37:19.3,,,,
3086,331,5447583,tot_remote,easy,36:02.8,,,,
3087,4,4103506,tot_remote,easy,,,,,
3088,67,4056626,temp_remote,easy,47:54.2,,,,
3089,265,4094539,tot_remote,easy,35:16.9,,,,
3090,5,4095537,semi_remote,easy,25:47.5,,,,
3091,133,4209642,semi_presence,easy,51:29.6,,,,
3092,3,5408366,semi_remote,easy,30:48.7,,,,
3093,100,4484780,semi_presence,easy,05:41.5,,,,
3094,232,1820678,not_remote,easy,00:29.7,,,,
3095,298,4065141,semi_presence,easy,48:44.2,,,,
3096,397,3205966,not_remote,easy,,,,,
3097,4,5082131,tot_remote,easy,,,,,
3098,397,5409030,not_remote,easy,54:53.0,,,,
3099,331,4131427,temp_remote,easy,40:54.7,,,,
3100,331,4537147,semi_remote,easy,45:35.7,,,,
3101,397,4141476,tot_remote,easy,30:13.4,,,,
3102,199,5411506,not_clear_remote,easy,40:53.2,,,,
3103,5,5160161,semi_presence,easy,54:29.9,,,,
3104,4,4107405,temp_remote,easy,,,,,
3105,34,5260890,not_clear_remote,easy,34:17.5,,,,
3106,34,5290093,not_clear_remote,easy,02:50.3,,,,
3107,298,4019987,semi_presence,easy,17:19.4,,,,
3108,34,3463902,not_remote,easy,41:16.9,,,,
3109,298,4149388,temp_remote,easy,00:20.4,,,,
3110,5,5624583,tot_remote,easy,24:00.5,,,,
3111,232,5632920,not_clear_remote,easy,27:09.5,,,,
3112,4,5064361,semi_remote,easy,,,,,
3113,265,5283104,tot_remote,easy,16:06.3,,,,
3114,331,4052509,temp_remote,easy,05:43.0,,,,
3115,100,4246605,tot_remote,easy,31:48.8,,,,
3116,67,4112823,not_clear_remote,hard,55:55.7,,,,
3117,265,4337534,not_clear_remote,medium,04:22.6,,,,
3118,100,4107880,temp_remote,easy,44:01.2,,,,
3119,100,5667972,tot_remote,easy,40:03.9,,,,
3120,232,4212287,semi_remote,easy,26:11.0,,,,
3121,298,5602344,semi_remote,easy,20:53.2,,,,
3122,166,5281637,tot_remote,hard,33:26.0,,,,
3123,199,4074685,temp_remote,easy,43:27.7,,,,
3124,331,468628,tot_remote,easy,19:46.5,,,,
3125,166,4137076,tot_remote,easy,31:26.2,,,,
3126,199,5263129,not_clear_remote,easy,53:31.2,,,,
3127,265,3755737,semi_remote,medium,55:19.2,,,,
3128,67,5491251,not_remote,easy,56:50.1,,,,
3129,3,3988260,temp_remote,easy,20:32.4,,,,
3130,298,5449152,semi_remote,easy,33:21.3,,,,
3131,199,3594409,tot_remote,easy,16:05.2,,,,
3132,199,5069203,temp_remote,easy,27:11.0,,,,
3133,4,5135544,tot_remote,easy,,,,,
3134,5,4150489,tot_remote,easy,53:25.5,,,,
3135,67,5337048,semi_presence,easy,44:10.7,,,,
3136,397,5568793,semi_remote,easy,09:01.6,,,,
3137,5,4408201,not_remote,medium,30:24.7,,,,
3138,100,5348292,semi_presence,medium,52:20.4,,,,
3139,67,4143066,temp_remote,easy,43:55.8,,,,
3140,4,4089069,not_clear_remote,medium,,,,,
3141,133,5137288,not_clear_remote,easy,27:26.9,,,,
3142,199,398582,tot_remote,easy,35:10.3,,,,
3143,100,3402085,not_remote,hard,57:49.1,,,,
3144,4,4031795,tot_remote,easy,,,,,
3145,166,5463960,not_clear_remote,medium,36:33.3,,,,
3146,331,5092561,not_clear_remote,easy,50:20.8,,,,
3147,397,5456411,tot_remote,easy,01:11.7,,,,
3148,67,4135224,tot_remote,easy,36:21.3,,,,
3149,100,5284712,semi_remote,easy,12:50.9,,,,
3150,133,2232099,tot_remote,easy,28:50.4,,,,
3151,34,3647085,not_remote,easy,16:39.7,,,,
3152,67,4114934,tot_remote,easy,41:02.5,,,,
3153,298,2064993,tot_remote,easy,54:44.7,,,,
3154,4,4327536,not_remote,medium,,,,,
3155,133,5406944,semi_presence,easy,22:01.5,,,,
3156,298,4105388,tot_remote,medium,25:38.8,,,,
3157,397,4656573,semi_presence,medium,32:00.2,,,,
3158,133,5574549,not_clear_remote,hard,52:50.4,,,,
3159,232,4383469,not_remote,easy,26:54.8,,,,
3160,199,5133894,not_clear_remote,easy,07:26.4,,,,
3161,199,4356425,semi_remote,easy,16:48.5,,,,
3162,67,5208922,tot_remote,medium,30:47.2,,,,
3163,34,5522916,not_clear_remote,easy,25:31.8,,,,
3164,298,4154799,temp_remote,medium,58:12.4,,,,
3165,199,5594262,semi_presence,easy,46:17.6,,,,
3166,232,5512424,semi_presence,easy,29:01.3,,,,
3167,3,5224329,not_clear_remote,medium,20:16.0,,,,
3168,133,4142724,not_clear_remote,easy,17:50.6,,,,
3169,3,4153954,tot_remote,easy,38:35.2,,,,
3170,199,5176856,not_clear_remote,easy,04:49.5,,,,
3171,265,5271463,semi_presence,easy,23:48.2,,,,
3172,298,4500131,semi_remote,easy,32:53.9,,,,
3173,397,3137251,not_remote,medium,,,,,
3174,199,4319485,tot_remote,easy,28:50.1,,,,
3175,67,5176856,tot_remote,medium,26:21.2,,,,
3176,397,4041269,tot_remote,easy,15:46.7,,,,
3177,133,5006479,semi_presence,medium,21:26.5,,,,
3178,397,225675,tot_remote,easy,,,,,
3179,67,4084190,temp_remote,easy,02:58.9,,,,
3180,166,3625085,not_remote,hard,32:52.4,,,,
3181,4,5447329,not_remote,easy,,,,,
3182,5,5266613,tot_remote,easy,43:32.0,,,,
3183,100,5479859,not_remote,easy,09:14.9,,,,
3184,298,2603488,semi_remote,easy,29:05.2,,,,
3185,4,4650358,tot_remote,easy,,,,,
3186,34,4085716,temp_remote,easy,11:50.3,,,,
3187,331,4095537,not_clear_remote,easy,27:40.3,,,,
3188,133,4137184,not_clear_remote,easy,06:56.1,,,,
3189,232,4448447,semi_remote,easy,31:13.7,,,,
3190,166,5187771,semi_remote,medium,21:45.5,,,,
3191,34,5122869,not_clear_remote,easy,26:38.8,,,,
3192,397,633029,not_remote,easy,,,,,
3193,199,5300884,not_remote,easy,56:45.5,,,,
3194,166,5095839,semi_remote,medium,31:18.2,,,,
3195,67,4414170,tot_remote,hard,23:18.7,,,,
3196,5,3864193,not_remote,easy,40:14.6,,,,
3197,298,5634446,semi_remote,easy,44:52.4,,,,
3198,34,4108908,tot_remote,easy,10:50.0,,,,
3199,265,5198661,semi_remote,easy,09:21.2,,,,
3200,166,4095201,temp_remote,easy,13:57.5,,,,
3201,298,4178758,semi_remote,easy,22:49.1,,,,
3202,5,4342200,tot_remote,easy,17:08.2,,,,
3203,3,5404862,semi_remote,easy,29:28.5,,,,
3204,5,4545209,semi_presence,easy,48:23.8,,,,
3205,67,4614788,semi_presence,easy,49:46.3,,,,
3206,100,4074737,temp_remote,medium,23:52.3,,,,
3207,5,4108280,temp_remote,easy,09:28.8,,,,
3208,265,5289405,semi_presence,easy,15:25.0,,,,
3209,166,4071403,temp_remote,easy,35:25.2,,,,
3210,4,5038151,semi_presence,easy,,,,,
3211,3,4141771,tot_remote,easy,15:55.8,,,,
3212,397,4268520,tot_remote,easy,02:38.3,,,,
3213,298,5377495,tot_remote,easy,42:37.4,,,,
3214,265,2730258,semi_presence,easy,24:21.2,,,,
3215,4,5637581,semi_presence,easy,,,,,
3216,3,5398267,semi_remote,medium,37:03.7,,,,
3217,67,5007254,not_clear_remote,easy,38:07.0,,,,
3218,199,4114934,tot_remote,easy,53:16.4,,,,
3219,3,5548232,semi_remote,easy,41:18.8,,,,
3220,298,3462297,not_remote,easy,50:38.9,,,,
3221,34,4287710,not_clear_remote,easy,51:42.5,,,,
3222,3,4648623,tot_remote,easy,38:08.0,,,,
3223,232,779331,semi_remote,easy,44:18.6,,,,
3224,298,5293997,semi_remote,easy,37:23.9,,,,
3225,133,4010842,not_clear_remote,medium,11:32.4,,,,
3226,133,5188862,tot_remote,easy,51:37.2,,,,
3227,166,5409030,not_remote,easy,40:11.8,,,,
3228,34,4245144,semi_remote,medium,58:19.7,,,,
3229,4,5574549,not_clear_remote,hard,,,,,
3230,4,5302793,tot_remote,medium,,,,,
3231,232,4120831,not_clear_remote,easy,49:02.1,,,,
3232,199,5108330,tot_remote,easy,21:47.9,,,,
3233,34,1021201,not_clear_remote,medium,22:30.8,,,,
3234,3,5111795,semi_remote,easy,40:14.6,,,,
3235,34,5114930,semi_remote,easy,46:55.9,,,,
3236,3,4482498,temp_remote,easy,26:24.4,,,,
3237,34,4144254,not_clear_remote,easy,26:46.4,,,,
3238,199,4137466,temp_remote,easy,33:28.1,,,,
3239,331,5201238,tot_remote,easy,49:23.8,,,,
3240,100,5131193,tot_remote,easy,24:03.3,,,,
3241,5,4148993,semi_remote,easy,18:56.8,,,,
3242,34,4339020,tot_remote,easy,59:46.2,,,,
3243,34,4151242,not_clear_remote,easy,04:34.4,,,,
3244,2,2528482,not_remote,easy,55:27.3,,,,
3245,3,4070760,temp_remote,easy,40:24.9,,,,
3246,100,4097923,not_clear_remote,medium,44:22.4,,,,
3247,397,4575632,not_remote,easy,29:48.5,,,,
3248,5,4213075,tot_remote,easy,28:06.9,,,,
3249,34,5365500,not_clear_remote,easy,00:00.1,,,,
3250,199,4621645,semi_remote,medium,02:02.3,,,,
3251,166,5344125,semi_presence,medium,36:21.8,,,,
3252,199,5233393,semi_remote,medium,51:44.2,,,,
3253,5,5197020,tot_remote,easy,35:02.9,,,,
3254,67,4123549,tot_remote,easy,29:11.2,,,,
3255,298,4058452,temp_remote,easy,58:53.0,,,,
3256,265,886966,not_remote,easy,34:31.0,,,,
3257,5,4071869,semi_presence,easy,49:04.3,,,,
3258,5,5509950,not_remote,easy,34:29.8,,,,
3259,100,5277922,semi_remote,easy,45:07.0,,,,
3260,4,4249241,not_clear_remote,easy,,,,,
3261,298,4490653,semi_remote,easy,31:17.8,,,,
3262,4,5008907,tot_remote,easy,,,,,
3263,298,4048512,tot_remote,easy,39:50.2,,,,
3264,67,5009754,tot_remote,easy,35:11.5,,,,
3265,331,428362,tot_remote,easy,52:36.7,,,,
3266,4,5658029,not_remote,easy,,,,,
3267,100,778745,semi_presence,easy,31:14.4,,,,
3268,5,5102033,not_remote,easy,18:56.0,,,,
3269,133,4482980,not_remote,hard,37:20.3,,,,
3270,5,5286086,not_clear_remote,medium,20:44.6,,,,
3271,34,4111931,temp_remote,easy,51:25.9,,,,
3272,166,4068888,temp_remote,medium,44:12.2,,,,
3273,232,5570117,semi_remote,easy,50:00.3,,,,
3274,331,882342,semi_remote,medium,58:32.3,,,,
3275,67,5563467,not_remote,easy,32:02.4,,,,
3276,100,4066655,tot_remote,easy,20:09.2,,,,
3277,166,3993724,temp_remote,easy,57:24.3,,,,
3278,3,5182047,not_remote,easy,35:37.3,,,,
3279,232,4114577,tot_remote,easy,34:08.5,,,,
3280,133,4089589,not_clear_remote,medium,37:05.9,,,,
3281,3,3887645,not_remote,easy,30:22.3,,,,
3282,4,5315624,semi_presence,easy,,,,,
3283,67,4179501,semi_remote,medium,28:51.1,,,,
3284,4,4382079,not_remote,easy,,,,,
3285,34,1524704,semi_presence,easy,42:48.4,,,,
3286,331,4528842,semi_presence,easy,34:55.1,,,,
3287,298,5526622,semi_remote,easy,48:38.5,,,,
3288,4,5639908,not_remote,easy,,,,,
3289,34,5555806,semi_remote,medium,25:07.2,,,,
3290,4,5229139,not_remote,easy,,,,,
3291,331,3500383,tot_remote,easy,33:10.5,,,,
3292,133,4050842,not_clear_remote,easy,12:57.6,,,,
3293,265,4209940,tot_remote,easy,18:36.6,,,,
3294,100,5375146,semi_presence,medium,26:40.1,,,,
3295,67,1640009,tot_remote,easy,14:58.4,,,,
3296,265,5161545,semi_presence,medium,21:06.3,,,,
3297,265,4388522,semi_presence,hard,22:30.1,,,,
3298,166,5220577,tot_remote,easy,03:03.4,,,,
3299,2,5295181,not_clear_remote,easy,41:57.4,,,,
3300,397,5140466,temp_remote,easy,56:32.7,,,,
3301,100,4492781,semi_remote,easy,49:39.5,,,,
3302,331,3074211,semi_remote,easy,40:30.4,,,,
3303,133,4537911,tot_remote,easy,02:22.7,,,,
3304,34,3167387,semi_presence,medium,48:24.8,,,,
3305,4,5111795,semi_remote,easy,,,,,
3306,232,4105245,tot_remote,easy,47:01.9,,,,
3307,265,4621211,tot_remote,easy,57:47.1,,,,
3308,265,1870699,tot_remote,easy,01:43.9,,,,
3309,265,4106279,tot_remote,easy,02:00.9,,,,
3310,298,5651250,semi_remote,easy,48:12.1,,,,
3311,67,4233162,not_clear_remote,medium,41:29.7,,,,
3312,5,4109397,temp_remote,easy,12:06.3,,,,
3313,3,3316539,not_remote,easy,23:21.3,,,,
3314,199,5153768,not_remote,medium,22:52.2,,,,
3315,4,4126307,semi_remote,easy,,,,,
3316,331,4585777,not_clear_remote,easy,37:52.2,,,,
3317,3,4096535,temp_remote,easy,43:41.4,,,,
3318,67,4048526,tot_remote,easy,37:01.3,,,,
3319,397,4084406,tot_remote,easy,11:31.9,,,,
3320,100,5317144,tot_remote,easy,45:18.0,,,,
3321,397,4154163,not_remote,easy,36:21.5,,,,
3322,5,5033682,not_remote,easy,38:56.4,,,,
3323,4,5360504,temp_remote,medium,,,,,
3324,67,5228060,not_clear_remote,medium,33:38.4,,,,
3325,199,5594565,semi_presence,easy,54:31.5,,,,
3326,133,4195135,temp_remote,easy,15:44.2,,,,
3327,133,5478897,not_clear_remote,medium,20:15.6,,,,
3328,4,5158735,semi_remote,easy,,,,,
3329,100,5362497,tot_remote,easy,27:09.7,,,,
3330,133,1731617,tot_remote,easy,47:27.6,,,,
3331,166,5126697,not_remote,hard,51:41.8,,,,
3332,2,4626780,not_remote,easy,56:50.3,,,,
3333,397,3688780,not_remote,easy,,,,,
3334,331,4063006,tot_remote,easy,50:07.5,,,,
3335,2,4383740,tot_remote,medium,58:12.8,,,,
3336,34,4120549,temp_remote,easy,47:54.0,,,,
3337,34,4347837,not_clear_remote,easy,57:13.1,,,,
3338,34,5155487,not_clear_remote,easy,55:37.2,,,,
3339,3,4065410,tot_remote,easy,12:01.6,,,,
3340,298,5483048,semi_remote,easy,38:39.6,,,,
3341,298,5311353,temp_remote,easy,55:22.1,,,,
3342,232,4473349,temp_remote,easy,57:35.9,,,,
3343,133,4588333,not_clear_remote,medium,59:32.2,,,,
3344,397,603231,not_remote,easy,,,,,
3345,5,5450374,semi_remote,easy,33:19.6,,,,
3346,4,4086001,tot_remote,easy,,,,,
3347,232,5064361,semi_remote,easy,55:45.3,,,,
3348,5,5027092,not_clear_remote,easy,41:44.6,,,,
3349,199,4041912,temp_remote,easy,17:34.1,,,,
3350,100,5602755,semi_remote,easy,42:20.6,,,,
3351,4,4659462,semi_remote,easy,,,,,
3352,3,5270253,not_remote,easy,30:31.2,,,,
3353,100,3665890,not_remote,easy,31:38.2,,,,
3354,265,5174855,not_remote,easy,21:28.8,,,,
3355,232,616151,semi_remote,easy,21:39.8,,,,
3356,67,4376019,semi_presence,medium,24:21.6,,,,
3357,298,4034692,tot_remote,easy,02:07.0,,,,
3358,265,5575337,not_remote,easy,58:39.0,,,,
3359,2,5210460,not_clear_remote,medium,50:17.8,,,,
3360,4,5085522,not_clear_remote,medium,,,,,
3361,166,4199986,semi_presence,hard,36:49.8,,,,
3362,67,4105455,semi_remote,easy,06:02.7,,,,
3363,265,5542140,not_remote,easy,13:16.1,,,,
3364,34,5588452,semi_remote,easy,00:47.4,,,,
3365,232,405126,tot_remote,easy,18:46.0,,,,
3366,166,5265590,semi_remote,easy,48:59.1,,,,
3367,265,4075160,tot_remote,easy,48:17.3,,,,
3368,232,5010633,not_remote,easy,44:56.5,,,,
3369,265,4150682,not_clear_remote,easy,58:52.4,,,,
3370,397,5649059,semi_remote,easy,34:28.9,,,,
3371,265,5192255,semi_remote,medium,08:59.2,,,,
3372,67,3041011,not_remote,easy,25:23.6,,,,
3373,331,4087328,temp_remote,easy,42:31.6,,,,
3374,2,785636,tot_remote,medium,00:44.5,,,,
3375,232,5645714,semi_presence,easy,28:20.6,,,,
3376,199,5583783,not_clear_remote,easy,18:04.4,,,,
3377,298,3301802,not_remote,easy,12:33.8,,,,
3378,133,577186,not_clear_remote,easy,37:26.0,,,,
3379,4,5291187,not_remote,easy,,,,,
3380,67,2774427,not_clear_remote,medium,21:00.1,,,,
3381,34,5597469,not_clear_remote,easy,10:25.7,,,,
3382,265,5137365,semi_remote,medium,25:08.3,,,,
3383,331,5057030,tot_remote,easy,37:20.7,,,,
3384,232,4015502,tot_remote,easy,31:53.8,,,,
3385,4,4105380,temp_remote,easy,,,,,
3386,133,5197292,not_clear_remote,medium,40:23.2,,,,
3387,232,4111934,tot_remote,easy,19:13.1,,,,
3388,5,2947602,not_clear_remote,medium,27:48.7,,,,
3389,133,352419,not_remote,easy,08:23.2,,,,
3390,397,4277874,tot_remote,easy,04:00.2,,,,
3391,166,3941406,tot_remote,medium,37:25.6,,,,
3392,3,3788806,semi_presence,easy,52:13.6,,,,
3393,265,5114113,not_remote,easy,02:27.5,,,,
3394,34,275684,tot_remote,easy,02:14.2,,,,
3395,5,5669666,not_remote,easy,55:53.8,,,,
3396,331,5664856,semi_presence,easy,55:36.1,,,,
3397,5,4143774,not_remote,easy,20:08.2,,,,
3398,331,3454844,not_remote,easy,25:55.3,,,,
3399,4,4050842,not_clear_remote,easy,,,,,
3400,5,5220598,semi_presence,easy,50:40.9,,,,
3401,34,4116274,tot_remote,easy,28:39.9,,,,
3402,100,5609726,semi_remote,easy,58:02.2,,,,
3403,3,5095436,semi_remote,easy,58:44.2,,,,
3404,199,5184069,tot_remote,easy,05:00.6,,,,
3405,4,4022301,tot_remote,easy,,,,,
3406,34,4112908,semi_remote,easy,01:14.7,,,,
3407,232,5639932,tot_remote,easy,09:52.8,,,,
3408,3,495708,not_clear_remote,easy,32:41.7,,,,
3409,133,5193932,semi_presence,hard,24:22.2,,,,
3410,2,4393103,tot_remote,easy,17:52.9,,,,
3411,4,5502321,not_clear_remote,medium,,,,,
3412,331,5571342,not_clear_remote,easy,43:35.0,,,,
3413,133,5410514,semi_presence,medium,18:41.8,,,,
3414,5,5421664,semi_presence,easy,46:28.8,,,,
3415,232,5663902,semi_presence,easy,40:47.0,,,,
3416,100,1151987,not_clear_remote,medium,31:34.1,,,,
3417,331,3863421,not_clear_remote,easy,09:09.1,,,,
3418,199,5007254,not_clear_remote,easy,37:30.6,,,,
3419,265,5498725,temp_remote,easy,25:19.2,,,,
3420,397,4207471,tot_remote,easy,48:23.8,,,,
3421,3,5263520,tot_remote,easy,29:58.2,,,,
3422,67,5604328,semi_remote,medium,17:49.9,,,,
3423,265,4091418,not_remote,medium,13:30.7,,,,
3424,100,1978305,semi_presence,medium,34:22.6,,,,
3425,331,4134107,temp_remote,medium,40:25.1,,,,
3426,331,4041683,tot_remote,easy,14:43.7,,,,
3427,133,4138135,semi_presence,easy,12:23.1,,,,
3428,166,4154962,temp_remote,easy,21:00.8,,,,
3429,5,4146453,tot_remote,easy,54:58.2,,,,
3430,4,5427653,semi_remote,medium,,,,,
3431,166,5319440,semi_remote,medium,31:44.9,,,,
3432,4,5196891,tot_remote,easy,,,,,
3433,298,5568409,semi_remote,medium,25:15.5,,,,
3434,199,5138342,not_clear_remote,easy,07:47.5,,,,
3435,2,4440613,not_clear_remote,easy,16:58.2,,,,
3436,133,5669666,not_remote,medium,10:59.8,,,,
3437,331,4199986,not_clear_remote,medium,17:10.3,,,,
3438,298,1336827,not_remote,easy,13:36.1,,,,
3439,298,4136021,semi_remote,easy,04:08.5,,,,
3440,133,4052790,temp_remote,easy,01:37.0,,,,
3441,166,408091,tot_remote,easy,32:02.0,,,,
3442,199,539858,tot_remote,easy,52:33.5,,,,
3443,397,240248,not_remote,hard,,,,,
3444,3,4534165,tot_remote,easy,08:50.6,,,,
3445,199,4592466,semi_remote,medium,42:56.0,,,,
3446,298,4087656,temp_remote,easy,40:12.8,,,,
3447,133,4141670,tot_remote,easy,25:29.4,,,,
3448,298,5122440,not_remote,easy,55:49.6,,,,
3449,2,3099978,not_remote,easy,06:55.5,,,,
3450,3,4505192,semi_remote,medium,15:46.6,,,,
3451,232,4515097,semi_remote,easy,46:29.9,,,,
3452,4,5410514,semi_presence,medium,,,,,
3453,4,5505900,tot_remote,easy,,,,,
3454,2,3520006,not_remote,easy,48:00.2,,,,
3455,67,808738,tot_remote,easy,07:41.7,,,,
3456,232,5412495,not_clear_remote,easy,24:45.1,,,,
3457,4,5335223,not_clear_remote,medium,,,,,
3458,3,4084201,temp_remote,easy,09:02.8,,,,
3459,34,5131193,tot_remote,easy,30:08.2,,,,
3460,199,4117215,tot_remote,easy,24:45.1,,,,
3461,199,5021650,tot_remote,easy,39:54.6,,,,
3462,133,5587649,tot_remote,medium,04:09.8,,,,
3463,3,5176866,not_clear_remote,medium,27:24.2,,,,
3464,232,5279360,tot_remote,easy,00:44.2,,,,
3465,4,5144540,not_clear_remote,easy,,,,,
3466,331,4048282,not_clear_remote,easy,33:41.5,,,,
3467,265,5624781,tot_remote,easy,04:03.5,,,,
3468,199,5103225,semi_remote,easy,22:21.6,,,,
3469,34,5667972,tot_remote,easy,31:33.7,,,,
3470,166,5292316,not_remote,easy,51:08.9,,,,
3471,4,5463443,semi_presence,easy,,,,,
3472,265,4092213,tot_remote,easy,25:10.0,,,,
3473,100,5536359,tot_remote,easy,13:31.9,,,,
3474,298,4128691,tot_remote,medium,43:35.8,,,,
3475,34,3986221,not_remote,easy,25:26.1,,,,
3476,3,3580199,not_remote,easy,04:23.2,,,,
3477,67,5637026,not_clear_remote,medium,24:49.1,,,,
3478,67,3840138,not_clear_remote,hard,27:16.6,,,,
3479,331,4255543,tot_remote,easy,56:44.9,,,,
3480,265,5453751,tot_remote,easy,50:25.3,,,,
3481,3,4339039,tot_remote,easy,23:22.4,,,,
3482,199,4112823,tot_remote,easy,14:27.7,,,,
3483,4,5150096,semi_remote,easy,,,,,
3484,100,4233880,tot_remote,easy,43:58.2,,,,
3485,199,2972425,semi_remote,easy,55:59.1,,,,
3486,166,5193928,semi_presence,medium,39:25.5,,,,
3487,67,5651291,not_clear_remote,hard,34:39.3,,,,
3488,34,5639447,not_clear_remote,easy,13:19.4,,,,
3489,3,3963346,semi_presence,easy,29:38.7,,,,
3490,166,5471764,semi_presence,medium,46:07.2,,,,
3491,5,5643238,semi_presence,easy,53:06.5,,,,
3492,265,4244213,not_remote,hard,06:25.6,,,,
3493,265,4100238,tot_remote,easy,16:47.7,,,,
3494,265,4351655,tot_remote,easy,14:42.8,,,,
3495,265,4272239,semi_presence,medium,49:55.7,,,,
3496,199,3985636,not_remote,easy,35:47.1,,,,
3497,4,4052790,temp_remote,easy,,,,,
3498,331,4542687,tot_remote,easy,55:24.6,,,,
3499,166,4575632,not_remote,hard,53:34.5,,,,
3500,331,339341,not_remote,easy,18:19.2,,,,
3501,166,4046448,tot_remote,medium,42:50.2,,,,
3502,397,5412495,semi_remote,easy,46:26.9,,,,
3503,2,3584228,not_remote,easy,13:50.0,,,,
3504,298,4450845,not_remote,easy,53:55.7,,,,
3505,397,2356333,not_remote,easy,,,,,
3506,298,5208683,semi_remote,easy,55:47.9,,,,
3507,34,951707,tot_remote,easy,52:51.3,,,,
3508,3,1811568,not_clear_remote,medium,17:33.1,,,,
3509,166,4016009,tot_remote,easy,57:10.0,,,,
3510,232,1053595,semi_presence,easy,23:09.4,,,,
3511,34,4430293,not_clear_remote,easy,36:41.3,,,,
3512,34,5616301,not_clear_remote,easy,52:33.0,,,,
3513,232,4181754,semi_presence,easy,15:07.5,,,,
3514,331,622756,tot_remote,easy,07:02.8,,,,
3515,166,5649059,semi_presence,easy,44:58.1,,,,
3516,100,5463313,tot_remote,easy,56:47.0,,,,
3517,199,4297995,tot_remote,easy,23:51.2,,,,
3518,34,5169245,not_clear_remote,easy,07:02.3,,,,
3519,3,5377999,semi_remote,medium,43:19.3,,,,
3520,100,4021248,temp_remote,medium,34:12.3,,,,
3521,3,4081720,temp_remote,easy,49:16.9,,,,
3522,397,5200830,semi_remote,easy,51:15.5,,,,
3523,3,4092882,tot_remote,easy,32:32.3,,,,
3524,133,5646385,semi_remote,easy,03:04.1,,,,
3525,166,5313796,semi_remote,medium,31:02.2,,,,
3526,4,4535789,not_clear_remote,easy,,,,,
3527,4,5106677,temp_remote,easy,,,,,
3528,298,5659071,not_remote,easy,49:29.9,,,,
3529,100,5268842,semi_presence,easy,33:17.8,,,,
3530,232,3584228,not_remote,easy,14:54.5,,,,
3531,133,5516495,not_remote,medium,40:28.3,,,,
3532,5,5208304,not_remote,easy,46:04.4,,,,
3533,4,5292767,temp_remote,medium,,,,,
3534,232,5113763,semi_presence,easy,51:02.7,,,,
3535,2,981314,not_clear_remote,easy,13:51.8,,,,
3536,331,5191781,tot_remote,easy,28:18.1,,,,
3537,199,2690303,not_remote,easy,43:47.0,,,,
3538,4,4087717,semi_presence,medium,,,,,
3539,67,5575992,not_remote,easy,31:05.7,,,,
3540,298,4104519,temp_remote,medium,33:20.8,,,,
3541,133,5493042,not_remote,easy,36:47.1,,,,
3542,3,4151476,not_clear_remote,medium,49:31.4,,,,
3543,265,5594231,semi_presence,medium,24:27.1,,,,
3544,4,4349033,semi_remote,easy,,,,,
3545,265,5613372,semi_presence,easy,00:26.6,,,,
3546,5,4114715,semi_remote,easy,31:01.9,,,,
3547,232,2780527,not_clear_remote,easy,31:56.4,,,,
3548,166,4031283,temp_remote,easy,40:51.2,,,,
3549,298,4109479,tot_remote,easy,51:46.0,,,,
3550,331,2708470,semi_presence,medium,15:09.9,,,,
3551,133,4140470,not_clear_remote,medium,59:14.7,,,,
3552,397,234566,semi_remote,medium,35:32.6,,,,
3553,3,5009864,tot_remote,easy,34:57.5,,,,
3554,3,4075491,temp_remote,easy,38:27.1,,,,
3555,4,5532210,semi_presence,easy,,,,,
3556,34,5662697,tot_remote,easy,02:48.3,,,,
3557,133,4126548,not_clear_remote,medium,25:14.6,,,,
3558,331,4112158,not_clear_remote,medium,44:13.8,,,,
3559,3,4492781,semi_remote,easy,25:46.5,,,,
3560,5,5593404,semi_presence,easy,22:16.4,,,,
3561,265,5259698,not_remote,hard,09:45.4,,,,
3562,133,5292767,temp_remote,medium,18:14.8,,,,
3563,4,4058870,temp_remote,easy,,,,,
3564,4,5467723,tot_remote,easy,,,,,
3565,4,4584119,not_clear_remote,medium,,,,,
3566,298,5572818,semi_remote,medium,36:27.6,,,,
3567,133,3817011,not_remote,medium,20:44.0,,,,
3568,2,5349545,tot_remote,easy,12:47.4,,,,
3569,166,5525205,semi_remote,easy,56:42.6,,,,
3570,100,4153905,tot_remote,easy,23:08.6,,,,
3571,199,3572245,not_remote,easy,12:54.4,,,,
3572,5,5637479,semi_presence,easy,23:09.7,,,,
3573,199,311586,tot_remote,easy,37:52.0,,,,
3574,298,4250546,tot_remote,easy,19:46.5,,,,
3575,133,4094130,not_clear_remote,hard,39:57.9,,,,
3576,5,5263014,semi_presence,easy,39:40.7,,,,
3577,5,4057506,tot_remote,easy,07:47.1,,,,
3578,4,5423587,tot_remote,easy,,,,,
3579,199,4445900,not_remote,easy,40:35.0,,,,
3580,133,4545209,not_remote,easy,44:06.8,,,,
3581,331,5582156,semi_remote,easy,47:46.4,,,,
3582,232,5385902,semi_presence,easy,24:35.8,,,,
3583,133,521720,tot_remote,easy,33:58.8,,,,
3584,232,4173323,tot_remote,easy,21:18.3,,,,
3585,265,4128425,temp_remote,medium,53:55.2,,,,
3586,133,4090283,semi_remote,easy,37:44.1,,,,
3587,397,4311382,tot_remote,easy,09:09.8,,,,
3588,3,5505900,tot_remote,easy,11:34.7,,,,
3589,265,2951380,not_remote,medium,26:18.8,,,,
3590,34,4053751,semi_remote,easy,22:59.6,,,,
3591,265,4054518,temp_remote,medium,45:28.6,,,,
3592,100,4162842,temp_remote,easy,35:07.1,,,,
3593,331,4142721,tot_remote,easy,41:08.4,,,,
3594,100,4209108,tot_remote,easy,43:08.3,,,,
3595,265,1229308,tot_remote,easy,07:11.4,,,,
3596,34,5371336,tot_remote,easy,40:40.4,,,,
3597,397,5450137,not_remote,medium,07:22.5,,,,
3598,331,4169831,tot_remote,easy,32:45.4,,,,
3599,34,4513297,not_clear_remote,easy,15:21.1,,,,
3600,100,4215732,temp_remote,medium,43:18.4,,,,
3601,5,5514889,semi_remote,easy,35:17.0,,,,
3602,166,5596272,semi_presence,medium,43:35.9,,,,
3603,67,4238290,tot_remote,medium,45:46.2,,,,
3604,265,4374462,not_remote,easy,13:35.0,,,,
3605,397,4485503,semi_remote,easy,05:42.2,,,,
3606,232,5378811,semi_remote,easy,18:12.4,,,,
3607,34,5218921,not_clear_remote,easy,59:29.3,,,,
3608,5,5121456,tot_remote,easy,02:36.4,,,,
3609,2,5292316,not_remote,easy,40:17.3,,,,
3610,3,4062255,temp_remote,easy,00:34.1,,,,
3611,34,4405493,not_clear_remote,easy,19:53.2,,,,
3612,133,5509950,not_remote,easy,18:24.2,,,,
3613,3,4099756,temp_remote,easy,14:27.6,,,,
3614,3,5663701,semi_remote,easy,11:29.7,,,,
3615,4,4145566,tot_remote,easy,,,,,
3616,265,5096242,tot_remote,easy,04:54.7,,,,
3617,5,997055,not_remote,easy,19:51.9,,,,
3618,298,5045327,semi_remote,easy,41:31.1,,,,
3619,265,4061144,not_clear_remote,easy,43:35.4,,,,
3620,34,4149681,tot_remote,easy,05:02.7,,,,
3621,34,5097799,tot_remote,easy,20:03.5,,,,
3622,100,4115250,temp_remote,easy,41:00.5,,,,
3623,232,5216832,semi_remote,easy,32:28.1,,,,
3624,298,4081617,temp_remote,easy,06:22.4,,,,
3625,397,2974515,not_remote,easy,,,,,
3626,133,5267013,not_clear_remote,easy,40:09.1,,,,
3627,67,5583783,not_clear_remote,medium,47:16.5,,,,
3628,199,5494353,not_clear_remote,easy,09:28.8,,,,
3629,34,5579945,not_clear_remote,easy,55:04.6,,,,
3630,265,4509665,semi_presence,medium,34:38.8,,,,
3631,5,5603708,semi_remote,easy,05:17.5,,,,
3632,34,4123549,temp_remote,easy,39:27.6,,,,
3633,5,3655425,semi_presence,easy,16:55.9,,,,
3634,4,4053838,tot_remote,easy,,,,,
3635,199,4086105,tot_remote,easy,44:38.0,,,,
3636,133,4249241,not_clear_remote,easy,03:27.2,,,,
3637,298,4621645,semi_remote,easy,54:26.5,,,,
3638,331,5167070,semi_presence,easy,06:02.2,,,,
3639,2,4099899,tot_remote,easy,42:14.6,,,,
3640,133,4125448,tot_remote,easy,56:02.9,,,,
3641,4,5430410,semi_remote,medium,,,,,
3642,199,4655347,not_clear_remote,easy,37:12.8,,,,
3643,166,5064406,semi_remote,medium,10:58.6,,,,
3644,166,5273215,semi_remote,easy,21:34.1,,,,
3645,133,3456729,semi_remote,medium,35:01.3,,,,
3646,34,3097639,not_remote,easy,08:10.5,,,,
3647,298,5499670,tot_remote,easy,41:02.6,,,,
3648,4,5355911,semi_presence,easy,,,,,
3649,3,4229174,tot_remote,easy,26:29.0,,,,
3650,5,4061139,temp_remote,medium,18:40.6,,,,
3651,298,4111394,tot_remote,easy,52:17.4,,,,
3652,4,5412190,semi_presence,easy,,,,,
3653,331,790006,not_clear_remote,easy,01:04.8,,,,
3654,397,5098304,tot_remote,easy,01:23.9,,,,
3655,298,4116039,temp_remote,easy,44:47.3,,,,
3656,133,5220598,not_clear_remote,hard,42:09.2,,,,
3657,5,626187,not_remote,easy,31:22.8,,,,
3658,100,4042831,semi_remote,medium,11:32.3,,,,
3659,133,5498440,not_remote,medium,37:39.9,,,,
3660,133,5172970,semi_presence,easy,12:24.7,,,,
3661,199,1336827,not_remote,easy,08:56.0,,,,
3662,4,4099756,temp_remote,easy,,,,,
3663,166,4064039,tot_remote,easy,47:08.1,,,,
3664,67,5316133,tot_remote,easy,30:01.3,,,,
3665,100,5048699,not_clear_remote,medium,01:32.2,,,,
3666,100,5485087,semi_presence,easy,08:27.4,,,,
3667,331,4080459,temp_remote,easy,17:31.8,,,,
3668,34,4648034,tot_remote,easy,08:13.5,,,,
3669,298,4066378,temp_remote,easy,41:01.7,,,,
3670,133,4087775,tot_remote,easy,18:41.7,,,,
3671,199,5483239,tot_remote,easy,51:47.3,,,,
3672,166,5295720,not_remote,easy,02:40.6,,,,
3673,232,5313019,semi_remote,easy,03:05.2,,,,
3674,265,2687267,semi_remote,easy,16:57.2,,,,
3675,3,723403,not_remote,easy,25:44.7,,,,
3676,199,4058452,temp_remote,easy,22:01.2,,,,
3677,34,3608193,not_clear_remote,easy,08:47.0,,,,
3678,100,5156905,semi_remote,easy,30:31.4,,,,
3679,3,5644928,not_remote,easy,59:48.3,,,,
3680,100,4584105,semi_remote,easy,34:36.4,,,,
3681,166,4473432,tot_remote,medium,42:22.6,,,,
3682,265,4344726,temp_remote,medium,08:36.4,,,,
3683,397,4064982,tot_remote,easy,10:06.6,,,,
3684,100,5658019,semi_remote,easy,38:52.8,,,,
3685,4,4231310,tot_remote,easy,,,,,
3686,331,5413354,not_remote,medium,16:21.7,,,,
3687,3,4114462,temp_remote,easy,26:40.0,,,,
3688,5,5193932,semi_presence,easy,23:47.8,,,,
3689,331,5129395,tot_remote,easy,05:29.7,,,,
3690,4,4284234,not_remote,easy,,,,,
3691,3,4472212,not_remote,easy,45:03.1,,,,
3692,298,4573968,tot_remote,easy,05:59.0,,,,
3693,232,3181629,not_clear_remote,easy,36:22.2,,,,
3694,67,4088635,semi_remote,medium,14:18.6,,,,
3695,5,4652418,tot_remote,easy,31:44.1,,,,
3696,2,5216971,not_clear_remote,easy,08:17.9,,,,
3697,298,5066187,semi_remote,medium,22:36.1,,,,
3698,265,3116694,semi_remote,easy,50:16.9,,,,
3699,100,5642550,semi_remote,medium,15:06.9,,,,
3700,265,4057939,temp_remote,easy,50:53.6,,,,
3701,100,2690782,tot_remote,easy,25:21.3,,,,
3702,298,4659505,semi_remote,easy,12:59.7,,,,
3703,166,5308976,not_remote,hard,31:25.0,,,,
3704,67,5036490,semi_remote,easy,08:35.7,,,,
3705,4,5095436,semi_remote,easy,,,,,
3706,397,5033346,not_remote,easy,10:36.1,,,,
3707,397,5185629,semi_remote,easy,01:51.6,,,,
3708,2,5344125,not_clear_remote,easy,14:08.6,,,,
3709,133,5547116,not_clear_remote,medium,33:39.7,,,,
3710,133,4176326,temp_remote,easy,46:24.6,,,,
3711,4,4095136,temp_remote,easy,,,,,
3712,5,5482412,not_clear_remote,easy,15:11.7,,,,
3713,232,4570769,not_clear_remote,easy,16:46.7,,,,
3714,265,4080822,temp_remote,medium,56:10.9,,,,
3715,4,4176326,temp_remote,easy,,,,,
3716,133,4266170,tot_remote,easy,58:13.6,,,,
3717,100,4640469,tot_remote,easy,51:51.9,,,,
3718,34,4080230,temp_remote,medium,14:48.6,,,,
3719,232,4073342,temp_remote,easy,08:16.7,,,,
3720,166,5497768,semi_presence,medium,42:35.2,,,,
3721,331,5220577,not_clear_remote,medium,28:21.9,,,,
3722,199,5377715,not_remote,easy,41:45.3,,,,
3723,298,5361022,tot_remote,easy,14:21.7,,,,
3724,100,3435590,not_remote,medium,16:53.0,,,,
3725,397,4540101,tot_remote,easy,29:20.5,,,,
3726,199,4089651,tot_remote,easy,02:00.1,,,,
3727,331,4016009,tot_remote,easy,54:13.1,,,,
3728,3,3137251,not_remote,medium,17:32.2,,,,
3729,166,5392150,semi_presence,easy,35:36.5,,,,
3730,199,1241561,not_remote,easy,59:12.1,,,,
3731,397,655559,tot_remote,easy,,,,,
3732,166,4516784,semi_presence,medium,37:00.1,,,,
3733,3,5375146,semi_remote,medium,46:36.4,,,,
3734,4,5069136,tot_remote,easy,,,,,
3735,397,4239713,tot_remote,easy,57:05.7,,,,
3736,100,4212015,tot_remote,easy,50:11.0,,,,
3737,4,4076290,not_clear_remote,medium,,,,,
3738,4,4115308,tot_remote,easy,,,,,
3739,5,4642577,not_remote,medium,52:36.6,,,,
3740,232,5478594,not_clear_remote,easy,23:50.5,,,,
3741,298,4215429,not_clear_remote,medium,56:56.1,,,,
3742,3,5592968,semi_remote,easy,21:30.5,,,,
3743,4,4333165,tot_remote,easy,,,,,
3744,4,4154691,tot_remote,medium,,,,,
3745,133,2055982,tot_remote,easy,32:36.0,,,,
3746,298,5296155,semi_remote,easy,34:56.0,,,,
3747,331,4079713,temp_remote,easy,35:56.6,,,,
3748,100,4455487,temp_remote,medium,20:55.6,,,,
3749,265,3955417,tot_remote,easy,49:22.1,,,,
3750,4,4129581,not_remote,easy,,,,,
3751,133,1513057,not_remote,easy,35:58.9,,,,
3752,100,5491346,tot_remote,easy,52:40.6,,,,
3753,199,4135224,tot_remote,easy,54:55.5,,,,
3754,133,4108280,temp_remote,easy,11:49.8,,,,
3755,166,4235533,tot_remote,easy,58:54.9,,,,
3756,331,3241376,not_remote,easy,51:01.7,,,,
3757,100,4110050,semi_remote,easy,33:20.2,,,,
3758,331,4155716,temp_remote,easy,32:57.9,,,,
3759,232,4084064,temp_remote,easy,21:14.5,,,,
3760,397,5356083,semi_remote,easy,41:30.0,,,,
3761,298,5063213,semi_remote,easy,43:07.7,,,,
3762,331,5018463,tot_remote,medium,16:49.8,,,,
3763,34,4077712,semi_presence,easy,56:41.8,,,,
3764,265,4144049,semi_remote,easy,28:50.5,,,,
3765,166,3522023,not_remote,easy,38:57.9,,,,
3766,199,4565478,tot_remote,easy,47:40.3,,,,
3767,67,4068470,semi_presence,easy,09:45.4,,,,
3768,265,4279002,tot_remote,easy,47:17.5,,,,
3769,4,5408629,tot_remote,easy,,,,,
3770,2,4131805,semi_presence,easy,51:20.4,,,,
3771,298,4227465,temp_remote,easy,56:03.9,,,,
3772,67,4053026,temp_remote,easy,50:30.0,,,,
3773,133,5628183,not_clear_remote,medium,31:51.7,,,,
3774,232,4022301,tot_remote,easy,19:22.3,,,,
3775,4,4062291,not_clear_remote,easy,,,,,
3776,3,5478529,semi_remote,easy,10:32.6,,,,
3777,265,5532210,semi_presence,easy,23:02.3,,,,
3778,199,4066378,not_remote,easy,42:50.2,,,,
3779,4,4049081,tot_remote,easy,,,,,
3780,3,2465149,not_remote,medium,44:18.9,,,,
3781,34,5494825,semi_remote,easy,54:21.0,,,,
3782,397,3269779,semi_remote,easy,,,,,
3783,3,4138915,tot_remote,easy,19:35.7,,,,
3784,331,5379119,semi_presence,easy,22:55.8,,,,
3785,2,4433131,semi_presence,easy,55:11.6,,,,
3786,199,1524471,semi_presence,easy,24:27.8,,,,
3787,232,4311043,tot_remote,easy,46:26.4,,,,
3788,4,4073342,temp_remote,easy,,,,,
3789,3,4005026,tot_remote,easy,22:17.7,,,,
3790,5,2996472,not_remote,easy,14:57.9,,,,
3791,166,4043948,not_clear_remote,medium,25:21.3,,,,
3792,298,4182902,temp_remote,easy,45:08.2,,,,
3793,3,5170160,semi_remote,easy,26:08.9,,,,
3794,2,1156215,not_remote,easy,41:57.7,,,,
3795,5,4049580,temp_remote,easy,25:06.1,,,,
3796,3,4289671,temp_remote,easy,29:14.3,,,,
3797,100,2866514,semi_presence,medium,10:42.1,,,,
3798,265,4048491,tot_remote,easy,56:36.2,,,,
3799,5,5549701,semi_presence,easy,47:49.7,,,,
3800,397,3769352,not_remote,easy,,,,,
3801,331,5594366,semi_presence,easy,09:59.3,,,,
3802,265,5019635,semi_presence,medium,01:41.2,,,,
3803,298,244485,tot_remote,easy,09:08.1,,,,
3804,3,4154909,tot_remote,easy,37:34.2,,,,
3805,133,4182601,not_clear_remote,hard,16:09.4,,,,
3806,133,4337270,temp_remote,easy,08:34.3,,,,
3807,4,5665659,not_clear_remote,easy,,,,,
3808,133,4120390,tot_remote,medium,18:10.9,,,,
3809,67,5659090,not_clear_remote,hard,40:16.2,,,,
3810,133,4326726,tot_remote,easy,48:55.1,,,,
3811,34,4438766,tot_remote,easy,25:46.8,,,,
3812,34,4133254,tot_remote,easy,27:00.6,,,,
3813,5,5006478,semi_presence,easy,46:58.7,,,,
3814,232,4264039,not_clear_remote,easy,00:58.6,,,,
3815,133,4080696,not_remote,medium,00:21.4,,,,
3816,4,5065420,semi_remote,easy,,,,,
3817,331,5356697,semi_remote,easy,54:06.0,,,,
3818,166,4229488,tot_remote,medium,02:47.9,,,,
3819,3,5385597,tot_remote,easy,33:43.4,,,,
3820,2,5285558,not_clear_remote,easy,52:46.4,,,,
3821,4,4444363,semi_remote,easy,,,,,
3822,2,4108014,tot_remote,medium,59:32.5,,,,
3823,166,5105266,semi_remote,medium,19:05.1,,,,
3824,232,3403146,tot_remote,easy,24:52.3,,,,
3825,100,4051945,semi_remote,easy,31:20.3,,,,
3826,298,5099966,semi_remote,easy,35:00.9,,,,
3827,67,5130439,tot_remote,easy,25:51.1,,,,
3828,67,5149476,semi_remote,medium,55:46.6,,,,
3829,2,4115993,semi_remote,easy,,,,,
3830,331,5569196,semi_presence,easy,51:38.8,,,,
3831,331,4090233,temp_remote,easy,15:15.0,,,,
3832,67,5320485,semi_remote,easy,05:50.0,,,,
3833,232,555296,tot_remote,easy,26:38.6,,,,
3834,5,5019243,temp_remote,easy,45:43.7,,,,
3835,331,5068592,not_clear_remote,easy,52:45.9,,,,
3836,100,815240,not_remote,easy,32:40.4,,,,
3837,34,5543648,not_remote,easy,18:10.3,,,,
3838,397,3673314,not_remote,easy,32:15.3,,,,
3839,265,5536303,tot_remote,easy,36:21.8,,,,
3840,133,4230059,tot_remote,medium,08:33.0,,,,
3841,232,5317471,semi_remote,easy,03:23.5,,,,
3842,100,3927157,semi_presence,easy,06:55.4,,,,
3843,397,3348200,not_remote,easy,,,,,
3844,133,4278071,not_remote,medium,13:41.8,,,,
3845,100,5455302,tot_remote,easy,01:12.4,,,,
3846,133,1196291,not_remote,easy,19:57.1,,,,
3847,133,5453187,not_remote,hard,26:03.5,,,,
3848,3,5632307,semi_presence,easy,27:05.6,,,,
3849,331,5335011,not_clear_remote,easy,12:08.8,,,,
3850,265,3530505,semi_remote,medium,50:49.0,,,,
3851,298,4374462,semi_remote,easy,19:00.5,,,,
3852,2,5595154,semi_presence,easy,,,,,
3853,298,4126049,tot_remote,easy,10:58.7,,,,
3854,34,5659244,not_clear_remote,easy,30:32.6,,,,
3855,199,5364290,tot_remote,easy,27:32.9,,,,
3856,100,4616597,semi_remote,easy,37:32.7,,,,
3857,265,5493129,semi_remote,easy,20:12.0,,,,
3858,199,5351958,tot_remote,easy,04:11.5,,,,
3859,298,5259698,not_remote,easy,51:40.6,,,,
3860,2,5584815,not_clear_remote,easy,41:37.3,,,,
3861,2,4111934,tot_remote,easy,,,,,
3862,397,4142668,temp_remote,easy,29:17.5,,,,
3863,100,5149509,semi_remote,easy,32:01.2,,,,
3864,331,234759,tot_remote,easy,55:54.9,,,,
3865,2,5572412,tot_remote,easy,,,,,
3866,199,808738,tot_remote,easy,26:20.5,,,,
3867,2,4108407,tot_remote,easy,,,,,
3868,2,4109320,not_clear_remote,easy,02:30.7,,,,
3869,199,416778,not_clear_remote,easy,49:48.3,,,,
3870,133,5065420,semi_remote,easy,18:41.1,,,,
3871,199,4550379,not_clear_remote,easy,47:18.8,,,,
3872,265,4483111,tot_remote,easy,32:55.1,,,,
3873,3,5388678,semi_remote,easy,36:08.1,,,,
3874,397,3530505,semi_remote,medium,,,,,
3875,298,3370644,not_remote,easy,14:31.8,,,,
3876,3,5658019,semi_remote,easy,11:52.7,,,,
3877,298,4086105,tot_remote,easy,43:16.5,,,,
3878,2,5032456,tot_remote,easy,,,,,
3879,5,4091995,not_clear_remote,easy,28:58.8,,,,
3880,265,5227257,not_remote,easy,49:09.7,,,,
3881,2,4187668,temp_remote,easy,,,,,
3882,265,5121495,tot_remote,medium,52:12.7,,,,
3883,2,3988260,temp_remote,easy,,,,,
3884,2,5565689,not_clear_remote,easy,58:40.1,,,,
3885,298,4351655,temp_remote,easy,54:20.2,,,,
3886,298,4203142,semi_remote,easy,40:45.3,,,,
3887,3,5088954,tot_remote,easy,56:22.5,,,,
3888,3,3862466,not_clear_remote,medium,29:47.7,,,,
3889,331,4084119,temp_remote,easy,16:27.2,,,,
3890,3,4205864,semi_remote,easy,25:32.4,,,,
3891,2,4530439,temp_remote,medium,,,,,
3892,2,5118292,tot_remote,easy,,,,,
3893,331,3831000,not_remote,easy,43:29.2,,,,
3894,265,803097,temp_remote,easy,20:04.5,,,,
3895,34,4070640,temp_remote,easy,23:54.0,,,,
3896,166,2645785,not_remote,medium,02:29.3,,,,
3897,331,4090858,tot_remote,easy,10:16.8,,,,
3898,100,5352779,temp_remote,medium,32:09.4,,,,
3899,100,4103452,semi_remote,easy,51:01.4,,,,
3900,133,5161069,not_clear_remote,medium,24:43.1,,,,
3901,2,4068589,temp_remote,easy,,,,,
3902,166,3969120,not_remote,medium,40:53.1,,,,
3903,265,2433489,temp_remote,easy,22:18.8,,,,
3904,397,3388533,tot_remote,easy,53:32.8,,,,
3905,133,240248,not_remote,hard,12:02.8,,,,
3906,298,1113088,tot_remote,easy,17:00.3,,,,
3907,100,5596362,semi_remote,easy,42:38.0,,,,
3908,100,4116363,tot_remote,easy,48:16.1,,,,
3909,232,4071312,not_clear_remote,easy,46:05.3,,,,
3910,67,4655347,not_clear_remote,medium,30:44.6,,,,
3911,199,5114917,not_clear_remote,easy,22:12.1,,,,
3912,265,311413,not_remote,medium,50:14.7,,,,
3913,166,2965668,semi_presence,medium,43:46.1,,,,
3914,397,1513057,not_remote,easy,,,,,
3915,199,5563467,not_remote,medium,21:32.4,,,,
3916,3,5600360,tot_remote,easy,10:27.2,,,,
3917,199,4085566,temp_remote,easy,34:41.6,,,,
3918,5,5347190,semi_presence,easy,53:54.5,,,,
3919,265,5080091,tot_remote,medium,51:20.8,,,,
3920,397,311413,not_remote,medium,,,,,
3921,100,5038059,not_clear_remote,medium,02:43.7,,,,
3922,331,1726273,not_remote,easy,26:54.8,,,,
3923,5,4041683,tot_remote,easy,19:56.1,,,,
3924,2,3552179,not_clear_remote,easy,10:15.4,,,,
3925,397,4008196,temp_remote,easy,00:29.2,,,,
3926,2,5329939,semi_remote,easy,,,,,
3927,3,5185503,semi_remote,medium,34:46.8,,,,
3928,232,4108014,tot_remote,easy,49:40.3,,,,
3929,232,4049081,tot_remote,easy,33:10.3,,,,
3930,232,5356083,semi_remote,easy,35:08.8,,,,
3931,397,4528414,semi_remote,easy,11:59.2,,,,
3932,5,5068846,semi_presence,easy,31:24.4,,,,
3933,34,4233162,not_clear_remote,easy,54:13.9,,,,
3934,298,5153768,semi_remote,easy,43:14.2,,,,
3935,199,4136021,tot_remote,easy,37:34.7,,,,
3936,2,5176866,not_clear_remote,medium,,,,,
3937,397,5548552,semi_presence,easy,30:00.5,,,,
3938,5,4220753,tot_remote,easy,02:16.9,,,,
3939,3,5512174,not_clear_remote,medium,37:51.9,,,,
3940,67,4072650,tot_remote,easy,38:18.7,,,,
3941,397,791114,tot_remote,easy,,,,,
3942,199,5604328,not_clear_remote,easy,23:30.2,,,,
3943,3,5626930,not_clear_remote,medium,23:30.7,,,,
3944,331,5179019,tot_remote,easy,56:48.1,,,,
3945,3,4656002,tot_remote,easy,39:28.7,,,,
3946,397,4300786,tot_remote,easy,10:22.7,,,,
3947,34,5195075,tot_remote,easy,11:56.7,,,,
3948,3,4040621,tot_remote,easy,26:47.0,,,,
3949,2,4509665,semi_presence,medium,,,,,
3950,5,4473485,semi_remote,easy,42:35.5,,,,
3951,298,4244719,semi_remote,easy,45:44.3,,,,
3952,2,5633750,not_remote,medium,,,,,
3953,298,5142902,tot_remote,easy,35:50.4,,,,
3954,133,4049811,semi_remote,easy,45:14.0,,,,
3955,34,4479533,tot_remote,easy,52:39.0,,,,
3956,2,5300354,semi_presence,hard,,,,,
3957,232,4064706,temp_remote,easy,34:33.4,,,,
3958,5,4110900,tot_remote,easy,08:57.9,,,,
3959,331,5288630,not_clear_remote,easy,30:02.0,,,,
3960,199,451845,tot_remote,medium,55:33.5,,,,
3961,166,5132894,semi_remote,easy,58:06.3,,,,
3962,232,4255489,temp_remote,easy,11:33.2,,,,
3963,331,4443003,semi_presence,easy,10:07.1,,,,
3964,265,580320,tot_remote,easy,58:28.8,,,,
3965,232,5594304,semi_presence,easy,38:44.4,,,,
3966,298,4084186,temp_remote,easy,52:27.2,,,,
3967,2,5573308,semi_presence,easy,,,,,
3968,5,3456729,not_remote,medium,17:38.1,,,,
3969,2,5296768,semi_remote,easy,,,,,
3970,397,3446631,not_remote,easy,,,,,
3971,34,4204903,tot_remote,easy,54:59.4,,,,
3972,34,5192318,tot_remote,easy,09:12.0,,,,
3973,2,5377283,not_remote,easy,,,,,
3974,265,4059705,not_remote,medium,01:14.0,,,,
3975,2,5478529,semi_remote,easy,,,,,
3976,2,3862920,not_remote,easy,14:36.1,,,,
3977,5,3846896,tot_remote,easy,32:50.5,,,,
3978,199,4438194,not_remote,easy,40:26.0,,,,
3979,265,4115993,semi_remote,easy,19:28.3,,,,
3980,2,5594323,semi_presence,easy,25:46.6,,,,
3981,2,4140470,not_clear_remote,medium,,,,,
3982,100,5594576,semi_presence,easy,32:52.7,,,,
3983,5,4112158,temp_remote,medium,05:29.7,,,,
3984,397,495708,not_clear_remote,easy,,,,,
3985,232,1298551,not_remote,easy,12:19.8,,,,
3986,2,5603047,not_remote,easy,,,,,
3987,3,5156905,semi_remote,easy,17:57.2,,,,
3988,199,5085045,tot_remote,easy,02:58.8,,,,
3989,397,405126,tot_remote,easy,,,,,
3990,67,3119770,not_remote,easy,27:54.7,,,,
3991,100,4085716,temp_remote,easy,42:22.0,,,,
3992,232,3794615,semi_presence,easy,27:52.7,,,,
3993,166,4212359,tot_remote,easy,34:36.2,,,,
3994,265,5569230,semi_remote,easy,50:18.3,,,,
3995,397,4181849,tot_remote,easy,42:25.5,,,,
3996,397,4282278,semi_remote,easy,03:05.4,,,,
3997,199,4144233,not_remote,easy,33:21.9,,,,
3998,5,4449962,tot_remote,easy,33:48.9,,,,
3999,166,4103977,semi_remote,medium,41:47.5,,,,
4000,2,5453187,not_remote,hard,,,,,
4001,67,4117215,tot_remote,easy,22:43.1,,,,
4002,397,5090749,tot_remote,easy,01:50.1,,,,
4003,331,5427978,tot_remote,easy,45:11.0,,,,
4004,397,4057269,temp_remote,easy,58:27.9,,,,
4005,199,5268794,temp_remote,easy,58:29.8,,,,
4006,397,4059232,tot_remote,easy,01:34.3,,,,
4007,5,5188862,tot_remote,easy,29:59.1,,,,
4008,199,4267590,tot_remote,medium,20:38.7,,,,
4009,331,4120236,temp_remote,easy,00:50.4,,,,
4010,3,3612192,not_remote,easy,06:17.0,,,,
4011,2,4124094,tot_remote,easy,,,,,
4012,67,4228412,temp_remote,easy,42:05.5,,,,
4013,2,3846391,not_remote,easy,51:36.2,,,,
4014,133,4107405,temp_remote,easy,15:51.8,,,,
4015,331,2809710,not_remote,easy,28:57.6,,,,
4016,2,4069166,temp_remote,easy,,,,,
4017,331,5660539,tot_remote,easy,55:22.7,,,,
4018,2,4132624,not_clear_remote,hard,,,,,
4019,232,973369,not_clear_remote,easy,39:06.3,,,,
4020,298,580320,tot_remote,easy,49:24.0,,,,
4021,2,4547128,semi_presence,medium,,,,,
4022,199,5296155,not_clear_remote,easy,55:53.3,,,,
4023,397,4135434,tot_remote,easy,30:01.9,,,,
4024,265,4087788,semi_presence,easy,25:39.0,,,,
4025,133,5263014,not_clear_remote,medium,10:20.4,,,,
4026,298,4075210,semi_remote,easy,47:57.6,,,,
4027,232,4125199,temp_remote,easy,14:49.9,,,,
4028,5,434969,not_clear_remote,easy,17:58.2,,,,
4029,166,5182696,semi_remote,easy,19:01.6,,,,
4030,2,4066825,temp_remote,easy,,,,,
4031,100,2157663,semi_remote,easy,38:21.2,,,,
4032,265,5060905,not_clear_remote,easy,46:05.1,,,,
4033,166,4025181,tot_remote,medium,32:17.5,,,,
4034,397,5191130,tot_remote,easy,11:28.2,,,,
4035,67,5638488,tot_remote,easy,04:45.6,,,,
4036,133,5624729,semi_remote,easy,14:35.2,,,,
4037,100,5077971,not_clear_remote,easy,32:44.0,,,,
4038,397,4070147,semi_remote,easy,10:53.0,,,,
4039,232,4141830,tot_remote,easy,34:06.8,,,,
4040,100,5228261,not_remote,easy,17:44.6,,,,
4041,133,5168519,not_remote,easy,25:39.4,,,,
4042,298,4107499,tot_remote,easy,24:57.4,,,,
4043,166,4154368,tot_remote,easy,34:58.7,,,,
4044,3,4260135,not_remote,easy,17:31.3,,,,
4045,5,4243640,not_remote,easy,05:50.7,,,,
4046,5,4626933,semi_remote,easy,33:01.5,,,,
4047,5,1192621,not_remote,easy,26:28.3,,,,
4048,2,4119347,tot_remote,medium,34:54.7,,,,
4049,67,4104783,temp_remote,medium,53:09.6,,,,
4050,331,2970634,semi_remote,easy,40:42.4,,,,
4051,5,4482923,semi_remote,easy,33:58.8,,,,
4052,199,4158481,semi_presence,easy,00:30.9,,,,
4053,3,4617655,not_clear_remote,easy,47:21.8,,,,
4054,67,5588452,semi_remote,easy,11:07.8,,,,
4055,34,3873908,not_remote,easy,26:24.4,,,,
4056,331,5535175,tot_remote,easy,49:28.9,,,,
4057,3,5431806,not_clear_remote,medium,19:30.0,,,,
4058,2,5658941,not_clear_remote,medium,,,,,
4059,397,4144516,tot_remote,easy,34:14.3,,,,
4060,331,5624583,tot_remote,easy,41:58.2,,,,
4061,166,5158851,semi_remote,medium,20:58.3,,,,
4062,2,1463383,not_remote,easy,33:47.1,,,,
4063,265,4303400,tot_remote,medium,02:40.8,,,,
4064,331,4282524,not_clear_remote,easy,39:06.3,,,,
4065,3,4640472,not_clear_remote,medium,41:53.7,,,,
4066,2,5034276,not_remote,easy,,,,,
4067,2,4095794,tot_remote,easy,,,,,
4068,166,622756,not_clear_remote,easy,50:14.3,,,,
4069,34,5577019,not_clear_remote,easy,37:16.4,,,,
4070,331,4074332,not_clear_remote,easy,10:38.6,,,,
4071,133,4154455,not_clear_remote,medium,22:55.1,,,,
4072,5,2711762,not_remote,easy,41:56.3,,,,
4073,2,4080236,temp_remote,easy,,,,,
4074,2,4098536,tot_remote,medium,01:51.9,,,,
4075,331,5482412,not_clear_remote,easy,58:59.5,,,,
4076,3,5189538,semi_remote,easy,35:30.0,,,,
4077,2,5301723,semi_remote,medium,50:42.2,,,,
4078,100,4077712,temp_remote,medium,50:09.1,,,,
4079,2,5191095,not_clear_remote,easy,,,,,
4080,298,3559342,not_remote,medium,30:01.4,,,,
4081,67,5031433,not_clear_remote,medium,28:30.6,,,,
4082,100,4254259,semi_presence,medium,46:40.7,,,,
4083,199,4131595,not_clear_remote,easy,35:26.1,,,,
4084,3,4239287,temp_remote,easy,17:45.0,,,,
4085,133,5350203,not_clear_remote,medium,26:46.1,,,,
4086,298,4141694,semi_remote,easy,30:32.8,,,,
4087,298,5184027,semi_remote,easy,41:34.1,,,,
4088,67,5155487,not_clear_remote,medium,41:07.7,,,,
4089,232,5544162,semi_remote,easy,13:04.3,,,,
4090,265,5510267,semi_remote,medium,25:28.2,,,,
4091,67,5616056,semi_presence,medium,28:50.6,,,,
4092,265,3456750,semi_remote,easy,45:30.6,,,,
4093,2,5248816,not_clear_remote,easy,,,,,
4094,34,3792490,not_remote,easy,12:23.7,,,,
4095,199,3370825,not_remote,medium,34:00.3,,,,
4096,166,5474576,semi_remote,medium,33:34.3,,,,
4097,34,2313809,tot_remote,easy,03:17.6,,,,
4098,298,5371014,tot_remote,easy,24:11.0,,,,
4099,232,3862920,not_remote,easy,16:23.7,,,,
4100,199,5454988,tot_remote,easy,32:33.0,,,,
4101,3,5085522,not_clear_remote,medium,00:28.1,,,,
4102,265,3559342,not_remote,medium,50:26.8,,,,
4103,298,5397368,semi_remote,easy,14:09.4,,,,
4104,199,251693,tot_remote,medium,34:12.0,,,,
4105,298,5161545,semi_remote,medium,43:53.7,,,,
4106,166,4175353,tot_remote,easy,22:29.3,,,,
4107,34,5209933,not_clear_remote,easy,10:15.4,,,,
4108,133,5597041,not_remote,easy,52:28.0,,,,
4109,34,5263216,tot_remote,easy,25:57.0,,,,
4110,331,4065495,tot_remote,medium,37:45.5,,,,
4111,331,3028204,not_remote,easy,44:58.1,,,,
4112,2,5182049,tot_remote,easy,,,,,
4113,5,790006,not_remote,easy,10:19.2,,,,
4114,5,4529469,tot_remote,easy,45:14.1,,,,
4115,199,1638212,semi_presence,easy,20:13.7,,,,
4116,34,1958386,semi_presence,easy,20:12.5,,,,
4117,2,4107884,tot_remote,easy,,,,,
4118,331,5087357,tot_remote,easy,49:54.6,,,,
4119,199,3640743,not_remote,easy,15:51.1,,,,
4120,265,4197759,semi_remote,medium,06:30.8,,,,
4121,2,5324235,not_clear_remote,easy,47:20.9,,,,
4122,100,3823553,not_remote,easy,49:00.4,,,,
4123,3,5140065,semi_remote,easy,09:39.7,,,,
4124,232,5144540,not_clear_remote,easy,31:22.6,,,,
4125,2,5623772,tot_remote,easy,40:22.3,,,,
4126,166,2992060,semi_presence,medium,01:51.1,,,,
4127,2,5582607,not_clear_remote,medium,,,,,
4128,2,4091980,temp_remote,easy,49:48.5,,,,
4129,5,3186262,not_remote,medium,29:39.8,,,,
4130,67,4319485,tot_remote,easy,50:13.3,,,,
4131,2,336912,tot_remote,medium,19:45.8,,,,
4132,3,4126168,temp_remote,easy,37:51.9,,,,
4133,2,5385902,semi_presence,easy,,,,,
4134,397,4065447,semi_presence,easy,28:42.9,,,,
4135,397,5095807,tot_remote,easy,02:08.9,,,,
4136,2,5366097,semi_remote,easy,,,,,
4137,331,3813013,not_clear_remote,medium,14:18.9,,,,
4138,34,4118925,not_clear_remote,easy,48:41.0,,,,
4139,331,5363632,not_remote,easy,38:35.3,,,,
4140,265,5208683,semi_remote,easy,48:55.2,,,,
4141,133,2562611,not_remote,medium,53:10.9,,,,
4142,34,4462491,not_clear_remote,easy,35:05.1,,,,
4143,2,1820678,not_clear_remote,easy,19:13.5,,,,
4144,2,4256742,semi_presence,medium,,,,,
4145,298,5638141,semi_remote,easy,23:15.7,,,,
4146,397,3021942,semi_remote,easy,,,,,
4147,67,4040496,not_remote,easy,52:15.7,,,,
4148,166,5145263,not_remote,hard,02:24.4,,,,
4149,397,5049283,semi_remote,easy,28:24.4,,,,
4150,331,4576725,not_clear_remote,medium,08:52.6,,,,
4151,133,4095794,tot_remote,easy,03:29.0,,,,
4152,397,4138034,tot_remote,easy,35:04.0,,,,
4153,232,5611373,semi_presence,easy,15:25.4,,,,
4154,67,3920630,tot_remote,easy,25:16.9,,,,
4155,2,4464208,semi_remote,easy,,,,,
4156,232,4440613,tot_remote,easy,31:01.3,,,,
4157,2,4005775,temp_remote,easy,,,,,
4158,166,4048282,not_remote,hard,50:57.2,,,,
4159,397,4650466,semi_presence,easy,31:31.8,,,,
4160,2,4527919,not_remote,easy,,,,,
4161,232,5404875,not_clear_remote,easy,15:35.1,,,,
4162,199,5371014,tot_remote,easy,40:14.6,,,,
4163,100,5625289,semi_presence,easy,37:01.7,,,,
4164,3,5312693,semi_presence,medium,50:38.1,,,,
4165,298,5588200,not_remote,easy,16:36.2,,,,
4166,232,4393103,tot_remote,easy,29:06.8,,,,
4167,331,4359451,not_remote,easy,56:20.3,,,,
4168,67,4583009,temp_remote,easy,50:02.1,,,,
4169,133,4170093,temp_remote,easy,36:54.2,,,,
4170,2,4066332,not_clear_remote,easy,,,,,
4171,397,5400059,semi_remote,easy,41:52.1,,,,
4172,397,5600585,semi_remote,easy,04:20.7,,,,
4173,2,4133401,tot_remote,easy,,,,,
4174,67,5100631,tot_remote,easy,51:46.3,,,,
4175,67,5502731,tot_remote,easy,13:08.8,,,,
4176,100,3357160,not_clear_remote,medium,33:21.8,,,,
4177,166,4119347,tot_remote,easy,49:22.1,,,,
4178,331,3941406,tot_remote,easy,20:47.3,,,,
4179,199,4064160,tot_remote,easy,04:03.2,,,,
4180,232,4457979,temp_remote,easy,31:39.1,,,,
4181,166,5271157,tot_remote,easy,41:44.2,,,,
4182,265,3399211,not_remote,easy,02:07.7,,,,
4183,331,4508069,not_remote,easy,46:15.0,,,,
4184,331,3721508,semi_remote,easy,30:44.9,,,,
4185,2,4170093,temp_remote,easy,,,,,
4186,133,4466529,tot_remote,medium,22:33.5,,,,
4187,298,4483111,temp_remote,easy,31:44.4,,,,
4188,166,4114638,tot_remote,easy,59:53.4,,,,
4189,3,4072851,temp_remote,easy,54:56.5,,,,
4190,331,4459794,not_clear_remote,easy,28:30.3,,,,
4191,265,5596317,semi_presence,easy,19:43.0,,,,
4192,397,5525205,semi_remote,easy,31:21.7,,,,
4193,298,5233393,semi_remote,easy,54:10.4,,,,
4194,199,4184345,tot_remote,easy,17:23.5,,,,
4195,67,5294337,tot_remote,hard,02:35.9,,,,
4196,298,3349768,tot_remote,easy,37:40.2,,,,
4197,298,4133253,semi_remote,easy,44:24.5,,,,
4198,199,5213253,not_clear_remote,easy,37:20.3,,,,
4199,34,4171605,tot_remote,easy,35:16.3,,,,
4200,5,5201257,temp_remote,easy,34:40.4,,,,
4201,232,4139134,tot_remote,easy,38:09.1,,,,
4202,3,4149839,not_clear_remote,medium,34:09.9,,,,
4203,397,3593231,not_remote,easy,,,,,
4204,3,4030726,tot_remote,easy,13:47.7,,,,
4205,298,5192255,semi_remote,easy,25:41.0,,,,
4206,298,4630368,tot_remote,easy,46:38.1,,,,
4207,5,234759,tot_remote,medium,14:08.1,,,,
4208,100,5588827,semi_remote,easy,26:44.7,,,,
4209,298,5014239,semi_remote,medium,00:13.5,,,,
4210,232,4206386,tot_remote,easy,46:11.5,,,,
4211,2,5569677,semi_presence,easy,,,,,
4212,166,4074969,not_clear_remote,hard,47:51.7,,,,
4213,331,5649506,semi_presence,medium,00:12.8,,,,
4214,100,5263520,temp_remote,medium,29:07.6,,,,
4215,34,5651460,semi_presence,easy,51:23.0,,,,
4216,3,4120562,temp_remote,easy,31:33.2,,,,
4217,2,4113335,temp_remote,easy,42:51.2,,,,
4218,265,5526622,semi_presence,easy,17:15.2,,,,
4219,265,5151815,semi_presence,easy,20:45.6,,,,
4220,232,5082131,tot_remote,easy,26:00.8,,,,
4221,3,5427653,semi_remote,medium,33:06.1,,,,
4222,5,5646385,semi_presence,easy,53:14.0,,,,
4223,133,5571482,not_clear_remote,medium,35:37.4,,,,
4224,3,4086338,tot_remote,easy,16:12.6,,,,
4225,199,4140782,not_clear_remote,easy,35:10.8,,,,
4226,3,4131612,semi_presence,easy,00:54.0,,,,
4227,166,5339638,semi_remote,medium,41:39.2,,,,
4228,232,460764,not_remote,easy,53:57.5,,,,
4229,3,5192327,tot_remote,easy,13:34.6,,,,
4230,133,5286883,tot_remote,medium,15:26.6,,,,
4231,331,4220354,not_clear_remote,easy,27:51.3,,,,
4232,2,5404862,semi_remote,easy,,,,,
4233,133,4611903,not_clear_remote,hard,52:01.5,,,,
4234,331,5633009,not_clear_remote,easy,45:14.8,,,,
4235,2,4457371,temp_remote,easy,,,,,
4236,331,4225835,not_remote,easy,28:05.9,,,,
4237,3,5529669,semi_remote,easy,37:25.4,,,,
4238,5,5619156,semi_presence,easy,27:57.1,,,,
4239,2,4555988,not_clear_remote,easy,,,,,
4240,34,4130240,not_clear_remote,easy,05:45.7,,,,
4241,397,3755737,semi_remote,medium,,,,,
4242,67,5114930,semi_remote,easy,50:39.5,,,,
4243,67,2604740,not_remote,medium,35:26.6,,,,
4244,34,4100427,not_remote,easy,00:35.7,,,,
4245,2,4278071,not_remote,medium,,,,,
4246,199,3399414,not_remote,easy,52:13.8,,,,
4247,199,5218725,tot_remote,easy,36:16.9,,,,
4248,100,3012619,not_remote,medium,01:22.6,,,,
4249,397,2780527,not_clear_remote,easy,,,,,
4250,34,5469736,tot_remote,easy,06:03.8,,,,
4251,331,5497768,semi_remote,easy,15:25.6,,,,
4252,2,4135776,tot_remote,easy,,,,,
4253,2,4335523,tot_remote,easy,22:21.1,,,,
4254,2,4264201,not_clear_remote,medium,00:51.3,,,,
4255,331,5658264,semi_remote,medium,55:08.1,,,,
4256,166,5179019,tot_remote,medium,35:17.8,,,,
4257,2,4088342,not_clear_remote,hard,,,,,
4258,265,5168784,semi_presence,easy,15:39.3,,,,
4259,133,4097244,tot_remote,medium,42:04.4,,,,
4260,265,4155082,semi_remote,easy,54:08.6,,,,
4261,232,4036797,not_clear_remote,easy,20:00.4,,,,
4262,67,1019429,tot_remote,hard,22:09.9,,,,
4263,199,4107835,tot_remote,easy,32:15.5,,,,
4264,2,5265590,not_clear_remote,easy,22:18.5,,,,
4265,232,5178942,semi_remote,easy,01:22.6,,,,
4266,265,394570,temp_remote,easy,04:58.3,,,,
4267,100,5288091,not_clear_remote,medium,49:30.5,,,,
4268,265,5604186,semi_presence,easy,31:37.3,,,,
4269,298,5302946,semi_remote,easy,43:53.7,,,,
4270,133,5502321,not_clear_remote,medium,50:13.6,,,,
4271,265,3857002,not_remote,medium,23:31.0,,,,
4272,166,3025914,tot_remote,medium,27:18.5,,,,
4273,67,4065153,not_remote,easy,19:41.0,,,,
4274,5,2562611,not_remote,easy,49:43.5,,,,
4275,166,5033644,semi_remote,medium,45:01.6,,,,
4276,397,4043711,not_remote,medium,06:45.1,,,,
4277,2,5100793,not_remote,easy,,,,,
4278,298,4063010,temp_remote,easy,57:52.8,,,,
4279,199,4100349,not_remote,hard,10:05.2,,,,
4280,166,297666,tot_remote,medium,32:53.3,,,,
4281,3,952889,semi_presence,medium,28:15.1,,,,
4282,3,4141475,tot_remote,easy,35:43.2,,,,
4283,34,5462967,not_clear_remote,easy,05:46.8,,,,
4284,133,4071869,semi_presence,easy,54:57.6,,,,
4285,2,4010842,not_clear_remote,medium,,,,,
4286,2,4084264,temp_remote,easy,,,,,
4287,331,4026171,not_clear_remote,hard,34:44.3,,,,
4288,5,4207774,semi_presence,easy,28:46.4,,,,
4289,100,4534165,tot_remote,easy,43:08.0,,,,
4290,397,394570,temp_remote,easy,,,,,
4291,298,4138744,semi_remote,easy,07:05.1,,,,
4292,2,5270253,not_remote,easy,,,,,
4293,2,4128425,temp_remote,medium,,,,,
4294,100,3236386,semi_remote,medium,37:46.0,,,,
4295,166,4099902,tot_remote,easy,32:11.5,,,,
4296,331,4141501,temp_remote,medium,21:13.2,,,,
4297,298,1638212,semi_remote,easy,53:43.2,,,,
4298,397,3826451,not_remote,easy,41:15.8,,,,
4299,100,3963346,temp_remote,easy,15:46.5,,,,
4300,166,5405450,semi_presence,medium,39:51.2,,,,
4301,265,4122164,tot_remote,easy,59:45.7,,,,
4302,166,4300844,tot_remote,medium,26:07.3,,,,
4303,34,5103493,not_clear_remote,easy,28:25.3,,,,
4304,2,5550015,semi_remote,medium,,,,,
4305,2,5641306,not_remote,medium,,,,,
4306,199,4132023,not_remote,easy,34:23.6,,,,
4307,5,4427049,not_clear_remote,easy,29:46.5,,,,
4308,5,4537147,semi_presence,easy,48:54.7,,,,
4309,100,5103856,not_remote,easy,00:56.4,,,,
4310,232,5420835,semi_remote,easy,37:50.4,,,,
4311,232,4105720,tot_remote,easy,44:19.9,,,,
4312,166,5231235,tot_remote,medium,04:05.7,,,,
4313,133,5665659,not_clear_remote,easy,11:20.3,,,,
4314,199,4328136,tot_remote,easy,21:51.9,,,,
4315,232,3968016,not_remote,easy,29:55.3,,,,
4316,232,5206160,semi_remote,easy,31:27.4,,,,
4317,67,4210767,not_clear_remote,easy,47:25.5,,,,
4318,5,5578181,semi_remote,easy,35:44.5,,,,
4319,166,4148705,semi_presence,easy,28:39.8,,,,
4320,67,1352419,not_clear_remote,medium,32:10.8,,,,
4321,232,5291187,not_remote,easy,38:06.6,,,,
4322,199,5169220,tot_remote,easy,07:28.5,,,,
4323,67,5118641,not_remote,medium,27:10.2,,,,
4324,331,5640366,not_clear_remote,easy,44:26.2,,,,
4325,5,3364629,not_remote,easy,43:06.0,,,,
4326,100,5547786,semi_presence,easy,38:53.8,,,,
4327,34,4274224,not_clear_remote,easy,58:37.4,,,,
4328,100,4289671,semi_remote,easy,28:55.3,,,,
4329,397,4570769,tot_remote,easy,35:03.3,,,,
4330,166,3074211,not_remote,medium,31:55.5,,,,
4331,232,5342251,tot_remote,easy,14:28.6,,,,
4332,5,4139762,tot_remote,easy,34:52.1,,,,
4333,100,4463533,semi_presence,easy,13:07.6,,,,
4334,298,4510226,tot_remote,easy,37:51.9,,,,
4335,34,4117477,tot_remote,easy,55:31.5,,,,
4336,331,4091995,not_clear_remote,easy,34:46.6,,,,
4337,133,412824,tot_remote,easy,07:32.8,,,,
4338,5,408683,tot_remote,easy,53:18.0,,,,
4339,34,4209108,temp_remote,easy,30:33.1,,,,
4340,100,5182047,tot_remote,medium,34:58.2,,,,
4341,232,5100850,semi_remote,easy,48:30.1,,,,
4342,3,4216283,tot_remote,easy,33:30.6,,,,
4343,3,5616307,semi_remote,easy,28:00.5,,,,
4344,331,377717,tot_remote,easy,40:43.5,,,,
4345,67,5527709,not_clear_remote,medium,59:45.2,,,,
4346,133,5118292,tot_remote,easy,01:23.3,,,,
4347,133,4112415,not_clear_remote,medium,03:15.2,,,,
4348,232,5125697,semi_remote,easy,16:42.1,,,,
4349,34,4153905,temp_remote,easy,11:58.6,,,,
4350,331,5339638,not_clear_remote,easy,12:24.7,,,,
4351,265,4158229,tot_remote,easy,04:17.6,,,,
4352,298,5479103,semi_remote,easy,38:16.0,,,,
4353,2,4116593,temp_remote,medium,28:32.7,,,,
4354,166,2792818,semi_presence,easy,20:50.6,,,,
4355,265,4124448,temp_remote,medium,56:22.1,,,,
4356,2,5330137,not_clear_remote,easy,12:10.6,,,,
4357,34,4584105,not_clear_remote,easy,19:40.8,,,,
4358,199,4081617,temp_remote,easy,39:39.3,,,,
4359,199,5517590,semi_presence,easy,58:51.7,,,,
4360,133,4201628,not_clear_remote,medium,12:02.9,,,,
4361,265,4105388,temp_remote,medium,04:04.5,,,,
4362,265,4530439,temp_remote,medium,25:42.7,,,,
4363,133,4146453,not_remote,easy,07:54.7,,,,
4364,232,5450080,semi_presence,easy,22:51.4,,,,
4365,133,5594377,semi_presence,medium,27:07.5,,,,
4366,5,3788921,semi_presence,hard,16:43.5,,,,
4367,2,5212496,tot_remote,medium,,,,,
4368,2,5206160,semi_remote,easy,,,,,
4369,397,5132466,tot_remote,easy,05:25.0,,,,
4370,133,4580219,temp_remote,easy,20:48.4,,,,
4371,3,5463313,tot_remote,easy,09:05.0,,,,
4372,2,3927666,semi_presence,easy,,,,,
4373,100,4184527,semi_presence,medium,45:39.3,,,,
4374,232,5375221,not_remote,easy,12:58.3,,,,
4375,331,732583,tot_remote,easy,05:15.0,,,,
4376,199,4130194,tot_remote,easy,38:54.1,,,,
4377,166,5421335,semi_remote,easy,29:57.5,,,,
4378,331,4150104,not_clear_remote,easy,44:35.4,,,,
4379,3,5473989,tot_remote,easy,34:55.9,,,,
4380,34,4072650,tot_remote,easy,07:18.9,,,,
4381,2,5600360,tot_remote,easy,,,,,
4382,5,5600903,not_clear_remote,easy,15:32.9,,,,
4383,67,4389171,not_clear_remote,easy,29:27.2,,,,
4384,2,4114638,tot_remote,easy,40:09.5,,,,
4385,5,5335011,semi_remote,medium,16:40.9,,,,
4386,199,5077736,not_clear_remote,easy,03:51.3,,,,
4387,265,5462319,tot_remote,easy,49:56.4,,,,
4388,5,4104471,not_clear_remote,medium,21:18.5,,,,
4389,265,4019176,semi_remote,medium,59:15.0,,,,
4390,2,4068860,temp_remote,easy,28:34.4,,,,
4391,34,4595872,temp_remote,easy,56:18.3,,,,
4392,2,5642759,semi_remote,easy,,,,,
4393,232,5132466,tot_remote,easy,10:53.2,,,,
4394,166,4111939,tot_remote,medium,49:39.1,,,,
4395,2,5185503,semi_remote,medium,,,,,
4396,5,5151809,not_clear_remote,easy,22:17.6,,,,
4397,67,5536330,tot_remote,easy,37:10.8,,,,
4398,2,4374321,tot_remote,medium,,,,,
4399,166,1156215,not_remote,hard,51:32.2,,,,
4400,397,4062557,tot_remote,easy,02:37.6,,,,
4401,133,4114092,not_clear_remote,medium,08:59.3,,,,
4402,67,5077736,not_clear_remote,easy,38:02.6,,,,
4403,331,5098330,semi_presence,easy,35:53.5,,,,
4404,298,5130307,not_remote,easy,42:06.1,,,,
4405,133,5227251,not_remote,easy,47:15.7,,,,
4406,2,5102488,tot_remote,easy,,,,,
4407,2,4070760,temp_remote,easy,,,,,
4408,265,4087656,temp_remote,easy,34:55.1,,,,
4409,133,4619930,not_clear_remote,hard,54:52.8,,,,
4410,2,4448447,semi_remote,easy,,,,,
4411,265,4107499,tot_remote,easy,47:38.9,,,,
4412,199,4122259,tot_remote,easy,17:15.9,,,,
4413,397,3385605,semi_presence,easy,,,,,
4414,331,3626851,semi_presence,easy,36:07.0,,,,
4415,133,4642577,not_remote,medium,12:23.6,,,,
4416,166,4326216,semi_remote,medium,18:42.4,,,,
4417,331,4105291,not_clear_remote,hard,39:41.6,,,,
4418,3,4097923,temp_remote,easy,44:41.8,,,,
4419,2,4496896,not_clear_remote,easy,,,,,
4420,100,5365500,semi_presence,easy,09:41.7,,,,
4421,133,5531797,tot_remote,easy,18:04.6,,,,
4422,100,3269807,semi_remote,medium,47:37.4,,,,
4423,232,3271417,not_remote,easy,27:08.2,,,,
4424,67,3820564,semi_presence,easy,01:13.4,,,,
4425,232,1155587,semi_presence,easy,25:27.0,,,,
4426,5,5296112,temp_remote,easy,16:15.5,,,,
4427,34,4105646,not_clear_remote,easy,22:15.3,,,,
4428,2,5496580,tot_remote,easy,,,,,
4429,232,5095807,semi_remote,easy,15:27.5,,,,
4430,199,5646779,not_remote,easy,34:57.5,,,,
4431,2,5547116,not_clear_remote,medium,,,,,
4432,298,4041702,tot_remote,medium,38:25.7,,,,
4433,3,4144354,tot_remote,easy,00:24.7,,,,
4434,67,4051621,tot_remote,medium,26:41.4,,,,
4435,199,5550311,not_clear_remote,easy,10:50.8,,,,
4436,67,4045967,not_remote,easy,43:48.2,,,,
4437,199,4414170,tot_remote,medium,52:21.5,,,,
4438,5,4303391,semi_remote,easy,14:21.9,,,,
4439,331,5501480,semi_remote,medium,48:51.9,,,,
4440,34,5644913,not_remote,easy,26:29.1,,,,
4441,34,5604693,not_clear_remote,easy,51:11.1,,,,
4442,199,5644540,not_clear_remote,easy,32:49.1,,,,
4443,199,5361022,tot_remote,easy,01:59.3,,,,
4444,2,4064001,temp_remote,easy,,,,,
4445,232,4233996,tot_remote,easy,24:57.3,,,,
4446,3,4088061,not_remote,easy,43:32.9,,,,
4447,2,5607010,not_remote,easy,,,,,
4448,3,644622,not_remote,easy,28:19.8,,,,
4449,199,3839356,not_remote,easy,18:12.5,,,,
4450,166,5116702,semi_remote,medium,29:56.8,,,,
4451,67,5602680,tot_remote,easy,52:37.6,,,,
4452,34,3580050,not_clear_remote,easy,36:15.9,,,,
4453,2,5043485,not_clear_remote,medium,,,,,
4454,67,3167387,semi_presence,medium,47:49.1,,,,
4455,331,5151099,semi_presence,easy,34:00.5,,,,
4456,2,5078573,tot_remote,easy,,,,,
4457,5,5118239,semi_remote,easy,03:15.4,,,,
4458,298,5453751,tot_remote,easy,53:23.8,,,,
4459,34,4221958,temp_remote,easy,47:00.4,,,,
4460,100,5637082,tot_remote,easy,58:28.9,,,,
4461,67,4490665,semi_remote,easy,59:11.9,,,,
4462,133,4243640,not_remote,medium,19:22.2,,,,
4463,199,4279414,tot_remote,easy,31:57.2,,,,
4464,166,4485950,semi_remote,medium,43:53.5,,,,
4465,2,4428848,tot_remote,easy,,,,,
4466,133,4076290,not_clear_remote,medium,50:07.1,,,,
4467,331,4619348,tot_remote,easy,17:46.6,,,,
4468,298,5386817,tot_remote,medium,00:47.2,,,,
4469,397,4105266,tot_remote,easy,14:24.8,,,,
4470,331,4114715,not_clear_remote,medium,09:42.2,,,,
4471,298,4076719,tot_remote,easy,47:03.2,,,,
4472,331,3904377,not_clear_remote,easy,08:31.9,,,,
4473,133,5457855,not_clear_remote,medium,22:19.5,,,,
4474,133,4070506,not_clear_remote,medium,34:09.9,,,,
4475,2,5399140,not_clear_remote,medium,,,,,
4476,166,5087357,tot_remote,easy,06:56.6,,,,
4477,133,686022,not_remote,medium,27:01.6,,,,
4478,3,5568665,semi_remote,easy,18:20.2,,,,
4479,199,5554306,semi_remote,easy,17:10.7,,,,
4480,2,4090716,temp_remote,easy,50:19.1,,,,
4481,232,5224404,not_remote,easy,39:13.7,,,,
4482,199,5354805,not_clear_remote,easy,05:39.2,,,,
4483,67,5590518,semi_remote,medium,04:44.7,,,,
4484,298,4469063,not_remote,easy,08:27.6,,,,
4485,397,5064406,semi_presence,easy,07:38.3,,,,
4486,133,3114161,not_remote,easy,22:34.1,,,,
4487,397,5605142,semi_presence,easy,52:23.4,,,,
4488,331,5605204,not_clear_remote,easy,33:14.9,,,,
4489,67,4059747,temp_remote,easy,00:13.7,,,,
4490,67,4116274,tot_remote,easy,52:04.0,,,,
4491,331,4182106,not_clear_remote,medium,31:37.8,,,,
4492,100,5209933,temp_remote,easy,18:17.8,,,,
4493,166,5587638,semi_remote,easy,39:13.2,,,,
4494,397,3139619,not_remote,easy,,,,,
4495,166,4087743,tot_remote,easy,04:00.1,,,,
4496,3,4419022,not_remote,easy,41:25.9,,,,
4497,3,2342029,not_remote,easy,48:04.8,,,,
4498,166,5546217,semi_remote,easy,37:55.3,,,,
4499,2,5317471,semi_remote,easy,,,,,
4500,5,5098330,semi_presence,easy,14:44.9,,,,
4501,133,4078325,not_remote,hard,54:26.1,,,,
4502,2,3904803,tot_remote,easy,,,,,
4503,2,4056033,tot_remote,easy,53:57.5,,,,
4504,34,4087712,temp_remote,easy,51:47.1,,,,
4505,34,5031639,semi_remote,easy,58:34.9,,,,
4506,199,4469949,not_clear_remote,easy,10:20.8,,,,
4507,232,3451945,semi_remote,easy,13:40.3,,,,
4508,3,4112940,tot_remote,easy,17:52.6,,,,
4509,5,3500383,tot_remote,easy,05:57.1,,,,
4510,298,4095979,temp_remote,medium,40:12.8,,,,
4511,100,4087712,temp_remote,medium,44:27.8,,,,
4512,265,5336418,semi_remote,hard,32:42.9,,,,
4513,2,5310812,temp_remote,easy,,,,,
4514,100,4072851,temp_remote,medium,10:21.5,,,,
4515,298,4087796,semi_remote,easy,21:30.6,,,,
4516,2,5137288,not_clear_remote,easy,,,,,
4517,331,3993724,temp_remote,easy,28:43.5,,,,
4518,67,4307554,tot_remote,easy,48:57.4,,,,
4519,67,5045811,not_clear_remote,easy,54:13.6,,,,
4520,67,3694308,not_remote,medium,02:10.0,,,,
4521,298,5027946,temp_remote,easy,07:38.2,,,,
4522,331,4031283,temp_remote,easy,20:31.4,,,,
4523,2,4195135,temp_remote,easy,,,,,
4524,3,5588827,semi_remote,easy,15:48.1,,,,
4525,67,5568452,semi_remote,easy,14:39.7,,,,
4526,67,3572245,tot_remote,easy,42:58.5,,,,
4527,2,4376526,semi_remote,medium,,,,,
4528,397,5004948,semi_remote,easy,30:42.8,,,,
4529,67,4660871,not_clear_remote,easy,31:46.3,,,,
4530,2,4089599,tot_remote,easy,,,,,
4531,100,5402293,temp_remote,medium,23:31.7,,,,
4532,133,5211118,not_clear_remote,medium,59:42.6,,,,
4533,265,5069136,tot_remote,easy,35:27.3,,,,
4534,2,3137835,not_remote,easy,46:20.2,,,,
4535,331,4065084,not_clear_remote,medium,53:08.1,,,,
4536,5,4466238,semi_remote,easy,33:25.3,,,,
4537,3,5456294,semi_remote,medium,20:11.6,,,,
4538,232,4075892,temp_remote,easy,37:59.7,,,,
4539,67,4347837,tot_remote,easy,10:16.7,,,,
4540,199,4019987,temp_remote,medium,50:41.5,,,,
4541,2,4476871,semi_remote,easy,,,,,
4542,298,4140650,tot_remote,easy,39:29.3,,,,
4543,265,4140650,tot_remote,easy,00:42.2,,,,
4544,397,5478594,tot_remote,easy,59:00.0,,,,
4545,265,4134634,temp_remote,easy,04:42.1,,,,
4546,166,732583,not_clear_remote,medium,40:30.0,,,,
4547,2,5565660,semi_remote,medium,,,,,
4548,133,5472319,not_clear_remote,hard,24:17.2,,,,
4549,397,3668428,not_remote,easy,,,,,
4550,265,3690248,not_remote,easy,45:09.6,,,,
4551,298,5384657,semi_remote,medium,36:21.0,,,,
4552,3,4514753,semi_remote,easy,16:52.8,,,,
4553,397,779331,semi_remote,easy,,,,,
4554,3,5659342,not_clear_remote,easy,58:47.4,,,,
4555,166,3587792,not_remote,hard,31:03.1,,,,
4556,397,3483117,not_remote,easy,37:04.1,,,,
4557,166,5450137,not_remote,hard,01:30.7,,,,
4558,331,3296124,not_remote,hard,11:26.3,,,,
4559,2,4153022,tot_remote,easy,,,,,
4560,199,5569243,not_remote,easy,31:01.4,,,,
4561,331,4037325,temp_remote,easy,48:46.8,,,,
4562,2,5197292,not_clear_remote,medium,,,,,
4563,199,3791879,not_remote,easy,45:18.0,,,,
4564,2,5481676,tot_remote,easy,,,,,
4565,34,3664084,semi_presence,easy,28:59.2,,,,
4566,5,3414500,tot_remote,easy,17:21.1,,,,
4567,331,4108097,not_clear_remote,easy,51:32.6,,,,
4568,166,1463383,not_clear_remote,medium,39:06.4,,,,
4569,2,4132165,not_clear_remote,easy,15:30.4,,,,
4570,3,5064314,not_remote,easy,13:49.3,,,,
4571,2,5294738,temp_remote,easy,,,,,
4572,3,4431275,not_clear_remote,medium,42:14.5,,,,
4573,133,3398116,tot_remote,easy,37:13.4,,,,
4574,67,322272,tot_remote,medium,44:52.7,,,,
4575,298,4477047,tot_remote,easy,09:14.9,,,,
4576,298,5657326,semi_remote,medium,27:01.5,,,,
4577,232,3388533,tot_remote,easy,08:29.0,,,,
4578,232,5596367,semi_presence,easy,25:54.2,,,,
4579,100,5573114,tot_remote,easy,25:43.7,,,,
4580,397,4166996,not_remote,easy,42:06.4,,,,
4581,2,4075892,temp_remote,easy,,,,,
4582,133,5151809,not_remote,hard,25:26.7,,,,
4583,331,5556854,tot_remote,easy,35:10.3,,,,
4584,331,3771774,semi_remote,easy,07:53.9,,,,
4585,166,5655049,not_remote,medium,34:53.9,,,,
4586,34,5321983,not_clear_remote,easy,16:25.7,,,,
4587,265,3423014,not_clear_remote,hard,56:50.7,,,,
4588,67,4565478,tot_remote,easy,36:01.6,,,,
4589,3,2884330,not_remote,easy,11:12.5,,,,
4590,2,4254998,tot_remote,easy,,,,,
4591,67,4274224,not_clear_remote,easy,35:58.3,,,,
4592,100,4596471,semi_remote,easy,33:33.5,,,,
4593,397,5116702,semi_remote,easy,00:35.4,,,,
4594,5,4562413,tot_remote,easy,48:17.1,,,,
4595,3,5569677,semi_presence,easy,44:30.5,,,,
4596,331,4049580,temp_remote,easy,08:15.6,,,,
4597,265,5350235,not_remote,easy,41:19.4,,,,
4598,298,2774274,not_remote,easy,00:55.7,,,,
4599,67,5387110,not_clear_remote,easy,28:23.0,,,,
4600,34,5063283,tot_remote,easy,59:20.3,,,,
4601,67,1241561,not_remote,easy,39:27.3,,,,
4602,166,4090039,tot_remote,easy,05:48.9,,,,
4603,331,4009629,temp_remote,medium,23:10.4,,,,
4604,331,5347190,not_clear_remote,easy,19:17.7,,,,
4605,3,4137594,tot_remote,easy,09:42.8,,,,
4606,331,4098569,temp_remote,easy,42:27.0,,,,
4607,100,358841,tot_remote,easy,34:47.0,,,,
4608,166,5633009,semi_remote,easy,26:34.4,,,,
4609,100,4083739,temp_remote,easy,59:31.1,,,,
4610,166,4097096,tot_remote,easy,09:30.5,,,,
4611,133,5429755,semi_presence,medium,06:26.2,,,,
4612,331,5574504,not_clear_remote,easy,51:43.1,,,,
4613,5,5472319,semi_presence,easy,29:11.3,,,,
4614,199,5502731,tot_remote,easy,41:05.5,,,,
4615,2,4064706,temp_remote,easy,,,,,
4616,298,4337534,temp_remote,easy,53:41.1,,,,
4617,5,4283307,tot_remote,easy,15:43.5,,,,
4618,5,4137081,semi_presence,easy,55:27.8,,,,
4619,2,4090545,tot_remote,easy,,,,,
4620,265,4227465,semi_remote,easy,26:12.2,,,,
4621,265,5287796,semi_remote,easy,15:07.5,,,,
4622,2,5191970,tot_remote,easy,,,,,
4623,232,3552137,not_remote,easy,28:56.6,,,,
4624,298,3761783,not_remote,easy,44:24.8,,,,
4625,34,4029594,semi_presence,easy,01:17.5,,,,
4626,3,4051945,semi_remote,easy,38:39.9,,,,
4627,67,5268794,temp_remote,easy,06:12.9,,,,
4628,166,659112,not_clear_remote,easy,05:16.3,,,,
4629,2,5386398,tot_remote,easy,,,,,
4630,5,3626851,semi_presence,easy,54:00.5,,,,
4631,2,5669217,semi_remote,easy,14:29.9,,,,
4632,331,5183096,not_clear_remote,easy,56:54.4,,,,
4633,100,4075491,temp_remote,medium,34:19.1,,,,
4634,298,3998491,semi_remote,easy,08:41.7,,,,
4635,397,1155587,semi_presence,easy,,,,,
4636,298,4118877,temp_remote,easy,50:16.2,,,,
4637,133,3139391,not_remote,easy,23:57.7,,,,
4638,100,4111933,semi_remote,medium,46:09.8,,,,
4639,5,4182106,tot_remote,easy,21:02.7,,,,
4640,3,5412190,semi_presence,easy,32:05.1,,,,
4641,166,4542687,tot_remote,medium,40:17.1,,,,
4642,298,695868,semi_remote,easy,56:13.3,,,,
4643,5,4084163,temp_remote,easy,48:09.1,,,,
4644,199,5572818,not_clear_remote,easy,31:50.4,,,,
4645,5,3398116,tot_remote,easy,24:37.6,,,,
4646,265,3370644,not_remote,easy,50:20.8,,,,
4647,232,4507313,semi_remote,easy,26:03.0,,,,
4648,331,5118239,semi_remote,easy,44:45.1,,,,
4649,67,5625212,tot_remote,easy,23:53.8,,,,
4650,3,4035162,tot_remote,easy,35:54.4,,,,
4651,3,5131968,semi_remote,medium,11:06.7,,,,
4652,331,4097096,tot_remote,easy,56:37.9,,,,
4653,166,5413354,semi_presence,medium,47:37.0,,,,
4654,2,4208322,not_clear_remote,medium,,,,,
4655,265,5315624,semi_presence,easy,44:56.0,,,,
4656,5,3969923,not_remote,easy,44:13.9,,,,
4657,2,5121495,tot_remote,medium,,,,,
4658,2,5628188,semi_remote,easy,,,,,
4659,166,428362,not_clear_remote,easy,29:07.2,,,,
4660,34,815240,not_remote,easy,21:27.4,,,,
4661,199,3761783,not_remote,easy,20:08.4,,,,
4662,2,4054013,not_remote,easy,52:58.0,,,,
4663,3,5317144,tot_remote,easy,55:51.7,,,,
4664,265,5386817,tot_remote,easy,33:24.5,,,,
4665,100,5355187,semi_presence,medium,37:55.5,,,,
4666,166,4155716,not_remote,medium,49:37.9,,,,
4667,34,4069201,temp_remote,medium,45:06.3,,,,
4668,2,5544162,semi_remote,easy,,,,,
4669,133,5354531,tot_remote,easy,27:19.3,,,,
4670,34,5009754,tot_remote,easy,35:11.6,,,,
4671,397,4145974,tot_remote,easy,33:41.5,,,,
4672,67,3537591,not_remote,easy,46:12.2,,,,
4673,3,5518070,tot_remote,easy,53:41.6,,,,
4674,3,553635,not_remote,easy,26:44.2,,,,
4675,133,4061139,temp_remote,easy,27:29.6,,,,
4676,199,4077185,tot_remote,easy,31:51.9,,,,
4677,265,4642903,temp_remote,easy,47:58.5,,,,
4678,265,5553821,semi_presence,easy,01:16.5,,,,
4679,100,4527263,semi_remote,easy,42:36.9,,,,
4680,3,1372007,semi_presence,easy,46:24.1,,,,
4681,3,4331060,semi_remote,easy,22:36.1,,,,
4682,265,3348200,not_remote,easy,02:00.6,,,,
4683,265,5646725,tot_remote,easy,35:52.5,,,,
4684,199,633135,tot_remote,easy,04:35.6,,,,
4685,232,4127510,tot_remote,easy,54:58.3,,,,
4686,133,4573095,not_clear_remote,easy,25:08.6,,,,
4687,199,4338268,not_remote,easy,16:35.9,,,,
4688,67,5215895,not_clear_remote,hard,58:03.4,,,,
4689,331,4626933,not_clear_remote,easy,53:36.3,,,,
4690,133,4031564,tot_remote,easy,35:31.0,,,,
4691,2,5568035,semi_remote,easy,,,,,
4692,298,5604186,semi_remote,easy,53:25.8,,,,
4693,67,5263216,tot_remote,easy,50:06.3,,,,
4694,67,5192260,tot_remote,medium,33:04.3,,,,
4695,232,5427844,not_clear_remote,easy,37:23.4,,,,
4696,2,4131498,temp_remote,easy,,,,,
4697,166,5367872,semi_remote,easy,13:21.1,,,,
4698,397,4088144,temp_remote,easy,05:36.8,,,,
4699,3,5301371,tot_remote,easy,51:53.5,,,,
4700,3,5279028,not_remote,easy,34:00.1,,,,
4701,298,474709,tot_remote,easy,12:12.4,,,,
4702,3,4135314,not_clear_remote,medium,14:41.9,,,,
4703,100,4155120,tot_remote,easy,22:20.2,,,,
4704,100,5449930,tot_remote,easy,58:29.1,,,,
4705,34,5283644,semi_remote,easy,02:25.8,,,,
4706,2,4064061,tot_remote,easy,,,,,
4707,232,4119158,not_clear_remote,easy,53:13.0,,,,
4708,397,2884330,not_remote,easy,,,,,
4709,3,3519313,not_remote,easy,58:21.2,,,,
4710,2,4449454,not_clear_remote,easy,34:21.6,,,,
4711,5,5273789,semi_presence,easy,33:08.2,,,,
4712,34,4471855,semi_presence,easy,24:01.9,,,,
4713,34,456345,tot_remote,easy,16:11.5,,,,
4714,331,5262890,not_clear_remote,easy,49:06.7,,,,
4715,265,5094764,semi_presence,medium,52:50.8,,,,
4716,67,4258989,not_clear_remote,medium,19:22.7,,,,
4717,232,4136673,tot_remote,easy,40:05.7,,,,
4718,2,5470209,semi_presence,easy,,,,,
4719,232,5140466,temp_remote,easy,24:30.5,,,,
4720,298,4189870,temp_remote,easy,46:52.2,,,,
4721,133,5259538,not_clear_remote,medium,09:44.4,,,,
4722,2,5219967,semi_presence,medium,,,,,
4723,331,5367872,not_clear_remote,easy,51:53.8,,,,
4724,166,5566203,semi_remote,medium,26:18.1,,,,
4725,5,4009629,temp_remote,easy,30:18.1,,,,
4726,265,5662099,not_remote,easy,50:57.0,,,,
4727,331,5082637,not_clear_remote,easy,28:01.6,,,,
4728,331,4265712,tot_remote,easy,45:38.2,,,,
4729,199,5616056,not_clear_remote,easy,19:50.9,,,,
4730,331,2046108,tot_remote,easy,21:43.5,,,,
4731,34,4254259,semi_presence,easy,48:26.2,,,,
4732,5,4270322,not_remote,easy,09:45.5,,,,
4733,133,4067191,tot_remote,medium,18:08.3,,,,
4734,265,5296154,semi_presence,easy,37:14.2,,,,
4735,331,5646066,not_remote,easy,33:45.6,,,,
4736,199,4069171,tot_remote,easy,54:44.5,,,,
4737,2,729925,tot_remote,medium,38:58.2,,,,
4738,265,5008907,tot_remote,easy,49:31.5,,,,
4739,298,3423014,not_remote,easy,42:26.4,,,,
4740,100,5111330,tot_remote,easy,27:09.1,,,,
4741,265,4231310,tot_remote,easy,24:54.9,,,,
4742,199,4149431,tot_remote,medium,53:28.1,,,,
4743,67,5454988,tot_remote,easy,27:35.7,,,,
4744,67,5609556,tot_remote,easy,41:48.9,,,,
4745,331,4152564,not_clear_remote,medium,22:08.6,,,,
4746,5,5129395,tot_remote,easy,25:45.9,,,,
4747,67,5354805,not_clear_remote,easy,06:54.6,,,,
4748,3,4268374,tot_remote,easy,06:58.9,,,,
4749,34,5337056,temp_remote,easy,37:49.9,,,,
4750,2,4199469,not_clear_remote,medium,,,,,
4751,67,3097639,not_remote,hard,16:10.3,,,,
4752,67,4124477,tot_remote,easy,28:32.1,,,,
4753,133,4237249,temp_remote,medium,47:44.9,,,,
4754,265,4103217,temp_remote,easy,16:35.9,,,,
4755,232,5552726,tot_remote,easy,59:56.6,,,,
4756,100,5203667,temp_remote,easy,27:34.6,,,,
4757,265,5594445,semi_presence,medium,24:48.2,,,,
4758,166,5098304,tot_remote,easy,23:06.6,,,,
4759,133,4092173,not_clear_remote,medium,39:50.0,,,,
4760,67,4595872,temp_remote,easy,36:27.9,,,,
4761,2,5522272,semi_remote,easy,,,,,
4762,5,4120236,temp_remote,easy,30:20.4,,,,
4763,2,4130892,tot_remote,easy,09:07.4,,,,
4764,2,4106279,tot_remote,easy,,,,,
4765,199,4151122,not_clear_remote,easy,36:28.8,,,,
4766,397,4054013,not_remote,easy,02:14.1,,,,
4767,331,5313796,not_clear_remote,easy,57:10.3,,,,
4768,100,5342113,semi_remote,easy,51:43.4,,,,
4769,100,5165460,semi_remote,easy,29:59.8,,,,
4770,265,5472575,semi_remote,easy,49:18.0,,,,
4771,3,4074823,temp_remote,easy,36:06.9,,,,
4772,265,5449035,semi_presence,hard,28:13.3,,,,
4773,100,4555608,not_remote,easy,24:33.5,,,,
4774,133,4128266,not_clear_remote,medium,24:47.9,,,,
4775,133,5596312,semi_presence,easy,21:08.2,,,,
4776,232,5456411,tot_remote,easy,16:56.2,,,,
4777,2,4244213,not_remote,hard,,,,,
4778,232,4097094,tot_remote,easy,27:16.2,,,,
4779,100,5408366,semi_remote,easy,23:03.2,,,,
4780,232,5068126,tot_remote,easy,32:29.9,,,,
4781,2,3845192,not_remote,easy,,,,,
4782,331,4482923,semi_remote,easy,06:41.7,,,,
4783,199,5080552,temp_remote,easy,02:44.3,,,,
4784,5,5350203,not_clear_remote,medium,27:51.1,,,,
4785,232,4058870,temp_remote,easy,56:15.2,,,,
4786,2,5232095,tot_remote,easy,,,,,
4787,265,5414551,semi_remote,medium,58:01.7,,,,
4788,3,4348379,temp_remote,easy,14:52.1,,,,
4789,100,275684,tot_remote,easy,30:37.8,,,,
4790,2,5349102,tot_remote,easy,,,,,
4791,100,4339020,tot_remote,easy,28:35.9,,,,
4792,265,5578809,tot_remote,easy,55:44.1,,,,
4793,5,4460407,tot_remote,easy,34:09.0,,,,
4794,100,5218921,semi_remote,easy,53:34.0,,,,
4795,133,5057448,not_clear_remote,medium,36:06.7,,,,
4796,331,4207774,not_clear_remote,medium,05:01.0,,,,
4797,199,4203142,not_clear_remote,easy,24:11.0,,,,
4798,5,5649506,semi_remote,medium,33:44.2,,,,
4799,2,5165948,not_clear_remote,medium,,,,,
4800,199,4028531,tot_remote,easy,38:37.4,,,,
4801,199,5597426,not_clear_remote,easy,25:01.7,,,,
4802,298,4531900,semi_remote,easy,42:47.1,,,,
4803,166,5556854,tot_remote,medium,47:23.8,,,,
4804,133,2711762,not_remote,easy,34:27.2,,,,
4805,100,3168842,not_remote,easy,58:04.5,,,,
4806,199,4531900,not_clear_remote,easy,44:21.9,,,,
4807,2,5060905,not_clear_remote,easy,,,,,
4808,133,4041700,tot_remote,easy,16:49.3,,,,
4809,166,4105810,semi_remote,medium,20:23.1,,,,
4810,2,4097277,tot_remote,easy,,,,,
4811,2,5529669,semi_remote,easy,,,,,
4812,298,5613372,semi_remote,easy,46:09.2,,,,
4813,100,3612192,semi_presence,easy,24:20.3,,,,
4814,100,5533354,not_remote,easy,43:10.5,,,,
4815,166,4054188,semi_presence,easy,30:42.6,,,,
4816,265,4114728,tot_remote,easy,24:02.9,,,,
4817,2,5183957,semi_presence,easy,,,,,
4818,331,5405450,semi_presence,easy,53:54.5,,,,
4819,397,5100850,semi_remote,easy,01:42.6,,,,
4820,331,3846896,tot_remote,easy,57:01.1,,,,
4821,199,3423947,not_remote,easy,02:55.4,,,,
4822,397,973369,not_clear_remote,easy,,,,,
4823,100,405122,tot_remote,easy,36:09.9,,,,
4824,100,4068539,tot_remote,easy,10:16.7,,,,
4825,67,4055023,tot_remote,easy,26:23.6,,,,
4826,100,4050194,temp_remote,easy,25:48.8,,,,
4827,3,4105653,semi_presence,medium,28:41.9,,,,
4828,298,5662440,not_remote,easy,05:30.5,,,,
4829,5,4619930,semi_presence,easy,51:45.8,,,,
4830,34,4114343,temp_remote,easy,04:57.1,,,,
4831,3,3012619,not_remote,easy,35:12.7,,,,
4832,100,3580050,semi_presence,medium,51:32.2,,,,
4833,3,4115308,tot_remote,easy,32:37.3,,,,
4834,34,4238843,not_remote,easy,05:33.7,,,,
4835,166,3863421,semi_remote,medium,19:38.1,,,,
4836,133,5347511,tot_remote,easy,04:52.0,,,,
4837,100,4080230,tot_remote,easy,44:44.4,,,,
4838,397,4466189,semi_remote,easy,06:57.0,,,,
4839,265,4170270,semi_presence,medium,57:04.9,,,,
4840,2,4116961,not_clear_remote,easy,,,,,
4841,2,4144049,semi_remote,easy,,,,,
4842,331,5295720,not_remote,easy,45:24.1,,,,
4843,397,5596257,semi_presence,easy,08:42.0,,,,
4844,34,4446733,not_clear_remote,easy,44:02.0,,,,
4845,397,5482331,tot_remote,easy,59:17.1,,,,
4846,331,5120218,tot_remote,easy,30:13.3,,,,
4847,2,1724598,tot_remote,easy,23:33.6,,,,
4848,67,4077185,tot_remote,easy,56:56.1,,,,
4849,199,3119770,not_remote,easy,48:16.2,,,,
4850,2,5663902,semi_presence,easy,,,,,
4851,397,5594323,semi_presence,easy,14:46.0,,,,
4852,397,4357824,tot_remote,easy,00:19.1,,,,
4853,100,4471855,semi_presence,easy,12:39.9,,,,
4854,2,4065410,tot_remote,easy,,,,,
4855,199,3865971,not_remote,easy,47:12.4,,,,
4856,100,5644913,semi_remote,easy,02:44.3,,,,
4857,265,5444700,tot_remote,medium,57:32.9,,,,
4858,2,4410623,temp_remote,easy,,,,,
4859,2,4008196,temp_remote,easy,50:56.8,,,,
4860,5,4486761,semi_presence,easy,37:05.7,,,,
4861,2,4034557,tot_remote,easy,,,,,
4862,232,4062291,not_clear_remote,easy,26:40.0,,,,
4863,2,5556093,tot_remote,easy,,,,,
4864,199,4087690,tot_remote,easy,52:26.2,,,,
4865,298,4434241,tot_remote,easy,33:48.9,,,,
4866,397,4325160,semi_remote,easy,14:14.0,,,,
4867,133,4046891,not_remote,medium,20:22.3,,,,
4868,232,4482635,temp_remote,easy,11:50.4,,,,
4869,67,4136305,tot_remote,easy,59:56.9,,,,
4870,34,4660871,not_clear_remote,easy,51:57.3,,,,
4871,199,5602344,not_clear_remote,easy,48:39.9,,,,
4872,34,5352600,not_remote,easy,09:28.9,,,,
4873,133,4091118,tot_remote,easy,49:58.0,,,,
4874,166,5216971,semi_presence,easy,50:44.0,,,,
4875,3,5296726,semi_remote,easy,44:09.7,,,,
4876,5,5133052,semi_remote,easy,25:15.2,,,,
4877,298,4366300,tot_remote,medium,56:47.7,,,,
4878,5,4131808,semi_presence,easy,55:05.2,,,,
4879,232,5023035,semi_remote,easy,17:43.3,,,,
4880,298,3839356,semi_remote,easy,39:56.0,,,,
4881,34,5411899,tot_remote,easy,59:44.3,,,,
4882,133,1612602,tot_remote,easy,16:37.6,,,,
4883,397,4560190,tot_remote,easy,29:31.0,,,,
4884,298,5562806,semi_remote,medium,32:18.1,,,,
4885,331,4088318,temp_remote,easy,06:49.0,,,,
4886,5,5325481,semi_presence,easy,26:20.6,,,,
4887,133,3588852,not_remote,medium,33:36.5,,,,
4888,133,4187248,not_remote,easy,06:37.5,,,,
4889,166,4619348,tot_remote,hard,56:12.5,,,,
4890,133,5607010,not_remote,easy,05:53.0,,,,
4891,100,4065375,tot_remote,easy,19:45.9,,,,
4892,67,4469949,not_clear_remote,medium,13:26.7,,,,
4893,397,336232,not_remote,easy,,,,,
4894,265,4076719,tot_remote,easy,47:08.3,,,,
4895,298,5444700,tot_remote,easy,52:22.8,,,,
4896,331,4109397,temp_remote,easy,29:56.6,,,,
4897,67,2451548,not_remote,easy,35:41.4,,,,
4898,397,4247240,tot_remote,easy,56:31.9,,,,
4899,5,2809710,not_remote,easy,37:45.4,,,,
4900,265,5468775,semi_presence,easy,49:00.5,,,,
4901,331,4129894,not_clear_remote,medium,19:38.5,,,,
4902,298,771708,tot_remote,easy,51:02.1,,,,
4903,67,5500728,tot_remote,easy,29:48.3,,,,
4904,265,4284234,not_remote,easy,47:33.1,,,,
4905,397,5645714,semi_remote,easy,33:19.1,,,,
4906,2,5637118,not_clear_remote,easy,,,,,
4907,331,4105810,tot_remote,easy,35:47.8,,,,
4908,133,5121456,tot_remote,easy,37:47.4,,,,
4909,265,5659071,not_remote,easy,51:09.5,,,,
4910,298,5665707,semi_remote,easy,00:38.2,,,,
4911,34,5477982,tot_remote,easy,30:01.4,,,,
4912,199,5479103,not_clear_remote,easy,51:38.3,,,,
4913,34,4099614,tot_remote,easy,54:02.6,,,,
4914,397,5434585,not_remote,easy,11:05.2,,,,
4915,67,3784617,not_remote,medium,29:54.7,,,,
4916,232,2188905,not_remote,easy,07:29.4,,,,
4917,133,5099637,semi_remote,medium,38:20.2,,,,
4918,232,4056026,tot_remote,easy,51:18.5,,,,
4919,2,4181754,semi_presence,easy,,,,,
4920,331,4137081,not_clear_remote,easy,54:35.8,,,,
4921,331,4056074,temp_remote,easy,57:50.1,,,,
4922,199,920308,not_remote,easy,46:35.6,,,,
4923,2,5501213,temp_remote,easy,,,,,
4924,265,1513237,semi_presence,medium,49:33.5,,,,
4925,331,5136898,not_clear_remote,medium,54:11.1,,,,
4926,265,4083407,semi_remote,medium,55:57.5,,,,
4927,2,4141830,tot_remote,easy,,,,,
4928,2,5141808,tot_remote,easy,,,,,
4929,199,4272781,not_clear_remote,easy,27:06.0,,,,
4930,34,4051621,tot_remote,easy,30:35.5,,,,
4931,3,222997,tot_remote,easy,10:43.6,,,,
4932,331,5471764,not_clear_remote,easy,55:00.5,,,,
4933,2,5472575,semi_remote,easy,,,,,
4934,2,5493042,not_remote,easy,,,,,
4935,100,4503966,tot_remote,easy,56:28.0,,,,
4936,34,419006,not_remote,easy,04:50.8,,,,
4937,232,4135434,temp_remote,easy,32:20.6,,,,
4938,397,3558133,not_remote,hard,,,,,
4939,298,5202347,semi_remote,easy,55:16.5,,,,
4940,331,5208304,not_remote,easy,43:22.5,,,,
4941,67,4012771,tot_remote,easy,31:09.9,,,,
4942,3,5651713,semi_presence,easy,10:33.6,,,,
4943,331,2918898,not_remote,easy,15:39.6,,,,
4944,34,5426881,not_clear_remote,easy,20:22.1,,,,
4945,133,4118717,tot_remote,easy,41:14.8,,,,
4946,298,4091684,tot_remote,easy,35:25.8,,,,
4947,67,5304442,not_clear_remote,hard,10:26.1,,,,
4948,397,5491422,semi_remote,medium,59:54.5,,,,
4949,2,4067191,tot_remote,medium,,,,,
4950,100,5663701,semi_remote,easy,39:08.9,,,,
4951,2,3238024,not_remote,easy,13:37.7,,,,
4952,34,4042831,not_clear_remote,easy,10:50.9,,,,
4953,298,4257822,semi_remote,easy,34:51.2,,,,
4954,3,4117738,tot_remote,easy,02:20.3,,,,
4955,67,5088672,semi_remote,medium,59:45.7,,,,
4956,265,4114098,semi_remote,easy,07:28.3,,,,
4957,2,4653874,not_clear_remote,medium,,,,,
4958,331,4485950,semi_remote,easy,41:30.9,,,,
4959,199,4053026,temp_remote,easy,24:35.5,,,,
4960,397,2961266,not_remote,easy,,,,,
4961,5,882364,semi_presence,easy,14:06.8,,,,
4962,2,5313019,not_clear_remote,easy,53:07.1,,,,
4963,5,4048393,not_clear_remote,medium,22:31.5,,,,
4964,265,4521811,tot_remote,easy,25:28.5,,,,
4965,166,5627673,not_remote,easy,10:39.6,,,,
4966,397,1811568,not_clear_remote,medium,,,,,
4967,397,4087719,temp_remote,easy,05:13.2,,,,
4968,2,4041700,tot_remote,easy,,,,,
4969,100,5411899,tot_remote,easy,34:08.7,,,,
4970,298,4237915,tot_remote,easy,45:08.7,,,,
4971,67,4430293,not_clear_remote,medium,24:37.2,,,,
4972,67,4099436,temp_remote,medium,23:46.6,,,,
4973,34,4075239,tot_remote,easy,10:06.1,,,,
4974,199,4614788,semi_remote,easy,32:43.2,,,,
4975,265,3834712,not_clear_remote,hard,16:26.4,,,,
4976,5,4094130,tot_remote,easy,30:00.0,,,,
4977,67,4097634,semi_remote,medium,28:52.0,,,,
4978,100,4268276,semi_remote,medium,50:28.0,,,,
4979,100,5639447,semi_presence,easy,08:04.3,,,,
4980,67,5290093,not_clear_remote,medium,08:39.0,,,,
4981,133,5208618,not_clear_remote,hard,44:51.9,,,,
4982,397,4036797,not_clear_remote,medium,01:37.9,,,,
4983,5,5557366,tot_remote,easy,40:23.5,,,,
4984,100,4143345,semi_remote,easy,04:03.9,,,,
4985,166,4528842,semi_presence,medium,37:11.3,,,,
4986,265,4149388,temp_remote,easy,22:29.8,,,,
4987,265,5638141,semi_presence,easy,24:19.4,,,,
4988,2,5227251,not_remote,easy,,,,,
4989,3,4155122,semi_remote,easy,40:39.2,,,,
4990,2,5114113,not_remote,easy,,,,,
4991,331,5467316,tot_remote,easy,54:37.3,,,,
4992,265,4450845,not_remote,easy,24:35.1,,,,
4993,3,5017505,not_clear_remote,easy,40:08.4,,,,
4994,5,4154455,semi_presence,easy,18:37.3,,,,
4995,100,4130240,not_clear_remote,medium,59:37.7,,,,
4996,2,5611373,semi_presence,easy,,,,,
4997,2,5525065,semi_presence,easy,,,,,
4998,5,3588852,not_remote,hard,28:27.3,,,,
4999,3,5602755,semi_presence,easy,18:44.0,,,,
5000,100,4126981,tot_remote,easy,22:45.6,,,,
5001,232,4129581,not_remote,easy,14:10.5,,,,
5002,331,5008773,tot_remote,easy,18:33.2,,,,
5003,34,4138855,temp_remote,easy,03:07.1,,,,
5004,34,4066411,not_clear_remote,easy,44:47.0,,,,
5005,100,4179538,temp_remote,medium,48:09.4,,,,
5006,3,4383459,not_clear_remote,medium,43:30.4,,,,
5007,232,4084264,temp_remote,easy,08:34.2,,,,
5008,3,4057165,tot_remote,easy,36:35.5,,,,
5009,2,4387950,not_remote,medium,,,,,
5010,397,3399211,not_remote,easy,,,,,
5011,133,5093766,not_remote,easy,25:59.4,,,,
5012,331,297666,not_remote,easy,23:24.4,,,,
5013,34,4574311,not_clear_remote,easy,24:38.6,,,,
5014,2,5093766,not_remote,easy,,,,,
5015,397,3421529,tot_remote,easy,,,,,
5016,298,5491028,tot_remote,easy,10:36.2,,,,
5017,331,5669375,semi_presence,easy,56:41.7,,,,
5018,5,5594366,semi_presence,easy,20:08.9,,,,
5019,298,4134634,semi_remote,medium,26:05.8,,,,
5020,100,4034868,not_clear_remote,medium,33:53.2,,,,
5021,3,5580838,semi_remote,easy,34:42.4,,,,
5022,298,4430250,tot_remote,medium,50:27.0,,,,
5023,397,4255489,temp_remote,easy,56:50.3,,,,
5024,2,5628183,not_clear_remote,medium,,,,,
5025,2,4107178,temp_remote,easy,06:21.4,,,,
5026,100,3541556,semi_presence,medium,50:38.3,,,,
5027,67,5558105,not_clear_remote,medium,33:20.7,,,,
5028,2,4102288,temp_remote,easy,,,,,
5029,34,4060213,not_clear_remote,easy,09:09.3,,,,
5030,2,5319914,tot_remote,easy,,,,,
5031,265,4132009,temp_remote,easy,29:22.2,,,,
5032,166,4135511,tot_remote,medium,33:29.4,,,,
5033,397,3028636,tot_remote,easy,,,,,
5034,298,5462833,temp_remote,medium,41:22.2,,,,
5035,100,5009864,tot_remote,easy,26:33.3,,,,
5036,2,5490076,semi_presence,easy,,,,,
5037,3,4555608,not_remote,easy,09:20.2,,,,
5038,232,4144465,tot_remote,easy,28:49.0,,,,
5039,100,4224110,tot_remote,easy,41:37.9,,,,
5040,67,3873908,tot_remote,hard,05:57.4,,,,
5041,397,4066826,temp_remote,easy,07:25.3,,,,
5042,265,4581569,semi_presence,medium,56:23.4,,,,
5043,232,4143583,tot_remote,easy,34:49.4,,,,
5044,166,5075762,tot_remote,easy,11:20.7,,,,
5045,199,5536330,tot_remote,easy,03:42.6,,,,
5046,67,4204903,tot_remote,easy,16:31.2,,,,
5047,331,4300844,tot_remote,easy,39:24.1,,,,
5048,199,5387110,not_clear_remote,easy,55:09.5,,,,
5049,331,4068888,temp_remote,easy,19:01.2,,,,
5050,298,4137446,not_clear_remote,medium,05:33.3,,,,
5051,133,882364,not_remote,easy,04:29.1,,,,
5052,265,5550015,semi_remote,medium,12:39.9,,,,
5053,2,5456294,semi_remote,medium,,,,,
5054,265,3139619,not_remote,easy,55:34.2,,,,
5055,199,5287918,not_clear_remote,easy,26:08.4,,,,
5056,265,5410527,semi_presence,easy,48:33.1,,,,
5057,199,2133948,tot_remote,easy,16:58.5,,,,
5058,199,4138744,not_clear_remote,easy,03:10.0,,,,
5059,199,5014242,not_clear_remote,easy,54:37.3,,,,
5060,67,5657602,not_clear_remote,medium,52:27.3,,,,
5061,331,518805,not_clear_remote,easy,45:02.6,,,,
5062,67,4061940,temp_remote,medium,56:05.8,,,,
5063,265,4104518,temp_remote,easy,12:20.7,,,,
5064,2,5581051,semi_presence,easy,,,,,
5065,3,4224110,tot_remote,easy,32:24.2,,,,
5066,2,3903532,not_remote,easy,23:16.0,,,,
5067,2,5584426,tot_remote,easy,,,,,
5068,3,4393033,semi_presence,medium,08:11.8,,,,
5069,199,5596356,semi_presence,easy,47:01.3,,,,
5070,67,5449583,semi_presence,medium,46:36.2,,,,
5071,2,5012402,not_clear_remote,medium,,,,,
5072,397,5611397,semi_remote,easy,52:30.1,,,,
5073,34,5625289,semi_presence,easy,31:07.8,,,,
5074,265,4067463,temp_remote,medium,03:26.7,,,,
5075,232,5288525,semi_remote,easy,27:27.1,,,,
5076,3,3269807,semi_remote,easy,33:31.7,,,,
5077,265,4070556,temp_remote,medium,01:54.1,,,,
5078,397,3580199,not_remote,easy,,,,,
5079,34,5085414,semi_remote,easy,07:39.5,,,,
5080,5,4065673,temp_remote,easy,31:52.8,,,,
5081,331,4313897,tot_remote,easy,27:37.6,,,,
5082,2,5131968,semi_remote,medium,,,,,
5083,265,4064061,tot_remote,easy,34:25.0,,,,
5084,67,5195075,tot_remote,easy,48:53.2,,,,
5085,100,2973148,not_remote,easy,54:39.9,,,,
5086,232,3099834,not_remote,easy,18:18.8,,,,
5087,265,5268776,not_remote,easy,10:21.7,,,,
5088,232,5191095,not_clear_remote,easy,53:29.4,,,,
5089,298,4210677,not_clear_remote,easy,43:56.9,,,,
5090,3,4127269,tot_remote,easy,40:22.3,,,,
5091,331,4394675,tot_remote,medium,49:43.4,,,,
5092,67,4184345,tot_remote,easy,29:27.4,,,,
5093,100,597334,tot_remote,easy,49:01.6,,,,
5094,265,5483048,semi_presence,medium,34:23.7,,,,
5095,2,4109452,semi_remote,hard,,,,,
5096,100,5628665,semi_presence,easy,36:31.8,,,,
5097,166,5136723,semi_remote,easy,02:01.4,,,,
5098,100,4058561,semi_remote,easy,53:39.2,,,,
5099,2,5296154,semi_presence,easy,,,,,
5100,298,5510937,semi_remote,easy,51:46.7,,,,
5101,166,5018463,not_clear_remote,medium,28:25.7,,,,
5102,5,5582156,semi_remote,easy,30:41.2,,,,
5103,34,5377926,not_clear_remote,easy,22:43.6,,,,
5104,298,5579644,semi_presence,easy,34:07.4,,,,
5105,5,5498440,not_remote,easy,27:59.5,,,,
5106,199,5568409,semi_presence,medium,19:30.2,,,,
5107,298,3269783,semi_remote,medium,37:01.2,,,,
5108,298,4145159,temp_remote,easy,59:07.7,,,,
5109,133,4115829,not_clear_remote,easy,20:55.1,,,,
5110,3,4125198,temp_remote,easy,37:12.0,,,,
5111,232,4186108,semi_remote,easy,00:15.1,,,,
5112,100,5555806,semi_remote,easy,37:59.0,,,,
5113,331,5349816,not_remote,easy,42:41.7,,,,
5114,5,3730162,semi_presence,easy,04:02.0,,,,
5115,2,4537911,tot_remote,easy,,,,,
5116,2,4047976,tot_remote,easy,,,,,
5117,5,2232099,not_remote,easy,51:36.2,,,,
5118,34,4389427,tot_remote,easy,58:33.4,,,,
5119,2,4120562,temp_remote,easy,,,,,
5120,2,5207149,not_clear_remote,easy,06:20.5,,,,
5121,265,5179587,semi_remote,easy,36:14.6,,,,
5122,133,2675611,tot_remote,easy,37:37.2,,,,
5123,2,5388678,semi_remote,easy,,,,,
5124,232,4406839,semi_presence,easy,35:49.7,,,,
5125,232,5324235,semi_remote,easy,50:37.3,,,,
5126,3,3402085,not_remote,easy,36:19.5,,,,
5127,199,3210756,not_remote,medium,30:52.1,,,,
5128,397,4357134,tot_remote,easy,,,,,
5129,4,4357134,tot_remote,easy,,,,,
